id,edizione
http://www.wikidata.org/entity/Q136384321,55
http://www.wikidata.org/entity/Q136384538,126
http://www.wikidata.org/entity/Q128621600,222
http://www.wikidata.org/entity/Q137368051,
http://www.wikidata.org/entity/Q111747586,
http://www.wikidata.org/entity/Q128694025,1
http://www.wikidata.org/entity/Q111782067,
http://www.wikidata.org/entity/Q128306149,2
http://www.wikidata.org/entity/Q33144512,6 Suppl 1
http://www.wikidata.org/entity/Q33144721,6
http://www.wikidata.org/entity/Q103918174,3
http://www.wikidata.org/entity/Q103918172,3
http://www.wikidata.org/entity/Q103918178,3
http://www.wikidata.org/entity/Q103918180,3
http://www.wikidata.org/entity/Q103918217,1
http://www.wikidata.org/entity/Q103918220,1
http://www.wikidata.org/entity/Q103918227,1
http://www.wikidata.org/entity/Q103918224,1
http://www.wikidata.org/entity/Q103918211,3
http://www.wikidata.org/entity/Q103918230,1
http://www.wikidata.org/entity/Q103918215,3
http://www.wikidata.org/entity/Q103918222,2
http://www.wikidata.org/entity/Q103918234,1
http://www.wikidata.org/entity/Q103918232,1
http://www.wikidata.org/entity/Q103918238,1
http://www.wikidata.org/entity/Q103918236,1
http://www.wikidata.org/entity/Q103918240,1
http://www.wikidata.org/entity/Q103918251,1
http://www.wikidata.org/entity/Q103918242,2
http://www.wikidata.org/entity/Q103918246,2
http://www.wikidata.org/entity/Q103918244,2
http://www.wikidata.org/entity/Q103918249,2
http://www.wikidata.org/entity/Q103918253,2
http://www.wikidata.org/entity/Q103918258,2
http://www.wikidata.org/entity/Q103918256,2
http://www.wikidata.org/entity/Q103918260,2
http://www.wikidata.org/entity/Q103918264,2
http://www.wikidata.org/entity/Q103918266,3
http://www.wikidata.org/entity/Q103918270,3
http://www.wikidata.org/entity/Q103918268,3
http://www.wikidata.org/entity/Q103918272,3
http://www.wikidata.org/entity/Q103918273,3
http://www.wikidata.org/entity/Q103918279,3
http://www.wikidata.org/entity/Q103918276,3
http://www.wikidata.org/entity/Q103918326,2
http://www.wikidata.org/entity/Q103918330,2
http://www.wikidata.org/entity/Q103918328,2
http://www.wikidata.org/entity/Q103918333,2
http://www.wikidata.org/entity/Q103918338,2
http://www.wikidata.org/entity/Q103918339,2
http://www.wikidata.org/entity/Q103918336,2
http://www.wikidata.org/entity/Q103918150,1-2
http://www.wikidata.org/entity/Q103918148,1-2
http://www.wikidata.org/entity/Q103918152,1-2
http://www.wikidata.org/entity/Q103918156,1-2
http://www.wikidata.org/entity/Q103918163,1-2
http://www.wikidata.org/entity/Q103918160,1-2
http://www.wikidata.org/entity/Q103918164,1-2
http://www.wikidata.org/entity/Q103918168,1-2
http://www.wikidata.org/entity/Q103918169,1-2
http://www.wikidata.org/entity/Q56736038,3
http://www.wikidata.org/entity/Q59388175,1
http://www.wikidata.org/entity/Q59388178,1
http://www.wikidata.org/entity/Q59388179,1
http://www.wikidata.org/entity/Q59388176,1
http://www.wikidata.org/entity/Q59388177,1
http://www.wikidata.org/entity/Q59388182,1
http://www.wikidata.org/entity/Q59388183,1
http://www.wikidata.org/entity/Q59388180,1
http://www.wikidata.org/entity/Q59388181,1
http://www.wikidata.org/entity/Q59388184,1
http://www.wikidata.org/entity/Q59388185,1
http://www.wikidata.org/entity/Q69559758,2
http://www.wikidata.org/entity/Q69646153,3
http://www.wikidata.org/entity/Q74825992,2
http://www.wikidata.org/entity/Q100741569,1
http://www.wikidata.org/entity/Q102503100,1
http://www.wikidata.org/entity/Q103896945,1
http://www.wikidata.org/entity/Q103896950,2
http://www.wikidata.org/entity/Q103896948,2
http://www.wikidata.org/entity/Q103896949,3
http://www.wikidata.org/entity/Q103896952,3
http://www.wikidata.org/entity/Q103899574,1
http://www.wikidata.org/entity/Q103899584,1
http://www.wikidata.org/entity/Q103899585,1
http://www.wikidata.org/entity/Q103899590,1
http://www.wikidata.org/entity/Q103899591,1
http://www.wikidata.org/entity/Q103899592,1
http://www.wikidata.org/entity/Q103899593,1
http://www.wikidata.org/entity/Q103899598,1
http://www.wikidata.org/entity/Q103899589,2
http://www.wikidata.org/entity/Q103899596,2
http://www.wikidata.org/entity/Q103899597,2
http://www.wikidata.org/entity/Q103899599,1
http://www.wikidata.org/entity/Q103899601,2
http://www.wikidata.org/entity/Q103899606,2
http://www.wikidata.org/entity/Q103899607,2
http://www.wikidata.org/entity/Q103899604,2
http://www.wikidata.org/entity/Q103899605,2
http://www.wikidata.org/entity/Q103899610,2
http://www.wikidata.org/entity/Q103899609,2
http://www.wikidata.org/entity/Q103899614,2
http://www.wikidata.org/entity/Q103899613,2
http://www.wikidata.org/entity/Q103901278,1
http://www.wikidata.org/entity/Q103901289,1
http://www.wikidata.org/entity/Q103901283,2
http://www.wikidata.org/entity/Q103901292,1
http://www.wikidata.org/entity/Q103901299,1
http://www.wikidata.org/entity/Q103901296,1
http://www.wikidata.org/entity/Q103901280,3
http://www.wikidata.org/entity/Q103901302,1
http://www.wikidata.org/entity/Q103901310,1
http://www.wikidata.org/entity/Q103901314,1
http://www.wikidata.org/entity/Q103901301,2
http://www.wikidata.org/entity/Q103901322,1
http://www.wikidata.org/entity/Q103901308,2
http://www.wikidata.org/entity/Q103901321,1
http://www.wikidata.org/entity/Q103901304,3
http://www.wikidata.org/entity/Q103915814,1
http://www.wikidata.org/entity/Q103915809,3
http://www.wikidata.org/entity/Q103915812,3
http://www.wikidata.org/entity/Q103915822,2
http://www.wikidata.org/entity/Q103915818,3
http://www.wikidata.org/entity/Q103915819,3
http://www.wikidata.org/entity/Q103915827,2
http://www.wikidata.org/entity/Q103915839,1
http://www.wikidata.org/entity/Q103915831,2
http://www.wikidata.org/entity/Q103915843,1
http://www.wikidata.org/entity/Q103915824,3
http://www.wikidata.org/entity/Q103915835,2
http://www.wikidata.org/entity/Q103915833,2
http://www.wikidata.org/entity/Q103915836,2
http://www.wikidata.org/entity/Q103915841,2
http://www.wikidata.org/entity/Q103915866,1
http://www.wikidata.org/entity/Q103915864,1
http://www.wikidata.org/entity/Q103901290,2/3
http://www.wikidata.org/entity/Q103901316,2/3
http://www.wikidata.org/entity/Q103901324,2/3
http://www.wikidata.org/entity/Q103915869,1
http://www.wikidata.org/entity/Q103915875,1
http://www.wikidata.org/entity/Q103915873,1
http://www.wikidata.org/entity/Q103915883,1
http://www.wikidata.org/entity/Q103915881,1
http://www.wikidata.org/entity/Q103915895,1
http://www.wikidata.org/entity/Q103915893,1
http://www.wikidata.org/entity/Q103915887,3
http://www.wikidata.org/entity/Q103915888,3
http://www.wikidata.org/entity/Q103915898,2
http://www.wikidata.org/entity/Q103915903,2
http://www.wikidata.org/entity/Q103915900,2
http://www.wikidata.org/entity/Q103915907,2
http://www.wikidata.org/entity/Q103918134,3
http://www.wikidata.org/entity/Q103918132,3
http://www.wikidata.org/entity/Q103918138,3
http://www.wikidata.org/entity/Q103918136,3
http://www.wikidata.org/entity/Q103918125,1-2
http://www.wikidata.org/entity/Q103918128,1-2
http://www.wikidata.org/entity/Q103918139,1-2
http://www.wikidata.org/entity/Q103918142,1-2
http://www.wikidata.org/entity/Q103918144,1-2
http://www.wikidata.org/entity/Q131469817,2
http://www.wikidata.org/entity/Q103919385,1
http://www.wikidata.org/entity/Q103919389,1
http://www.wikidata.org/entity/Q103919394,1
http://www.wikidata.org/entity/Q103919382,3
http://www.wikidata.org/entity/Q103919396,1
http://www.wikidata.org/entity/Q103919627,1
http://www.wikidata.org/entity/Q103919635,1
http://www.wikidata.org/entity/Q103919633,1
http://www.wikidata.org/entity/Q103919639,1
http://www.wikidata.org/entity/Q103919715,2
http://www.wikidata.org/entity/Q103919718,2
http://www.wikidata.org/entity/Q103919722,2
http://www.wikidata.org/entity/Q103919720,2
http://www.wikidata.org/entity/Q103919727,3
http://www.wikidata.org/entity/Q103919724,3
http://www.wikidata.org/entity/Q103919730,3
http://www.wikidata.org/entity/Q103919735,3
http://www.wikidata.org/entity/Q103919732,3
http://www.wikidata.org/entity/Q103919738,3
http://www.wikidata.org/entity/Q103919742,3
http://www.wikidata.org/entity/Q103919620,2/3
http://www.wikidata.org/entity/Q103919625,2/3
http://www.wikidata.org/entity/Q103919629,2/3
http://www.wikidata.org/entity/Q103919632,2/3
http://www.wikidata.org/entity/Q103919643,2/3
http://www.wikidata.org/entity/Q103919646,2/3
http://www.wikidata.org/entity/Q103919650,2/3
http://www.wikidata.org/entity/Q103919654,2/3
http://www.wikidata.org/entity/Q103919652,2/3
http://www.wikidata.org/entity/Q103919658,2/3
http://www.wikidata.org/entity/Q103919894,1
http://www.wikidata.org/entity/Q103919979,1
http://www.wikidata.org/entity/Q103919982,1
http://www.wikidata.org/entity/Q103919985,1
http://www.wikidata.org/entity/Q103919987,2
http://www.wikidata.org/entity/Q103920007,1
http://www.wikidata.org/entity/Q103919990,3
http://www.wikidata.org/entity/Q103919994,3
http://www.wikidata.org/entity/Q103920009,1
http://www.wikidata.org/entity/Q103920012,1
http://www.wikidata.org/entity/Q103919999,3
http://www.wikidata.org/entity/Q103920001,2
http://www.wikidata.org/entity/Q103920016,2
http://www.wikidata.org/entity/Q105491102,3
http://www.wikidata.org/entity/Q105491103,3
http://www.wikidata.org/entity/Q105491101,3
http://www.wikidata.org/entity/Q105491106,3
http://www.wikidata.org/entity/Q105491107,3
http://www.wikidata.org/entity/Q105491104,3
http://www.wikidata.org/entity/Q105491105,3
http://www.wikidata.org/entity/Q105491110,3
http://www.wikidata.org/entity/Q105491108,3
http://www.wikidata.org/entity/Q105491109,3
http://www.wikidata.org/entity/Q105491114,3
http://www.wikidata.org/entity/Q105491112,3
http://www.wikidata.org/entity/Q105491113,3
http://www.wikidata.org/entity/Q109947957,1
http://www.wikidata.org/entity/Q111395751,1
http://www.wikidata.org/entity/Q111395752,1
http://www.wikidata.org/entity/Q111395753,1
http://www.wikidata.org/entity/Q111395758,1
http://www.wikidata.org/entity/Q111395759,1
http://www.wikidata.org/entity/Q111395756,1
http://www.wikidata.org/entity/Q111395757,1
http://www.wikidata.org/entity/Q111395762,1
http://www.wikidata.org/entity/Q111395763,1
http://www.wikidata.org/entity/Q111395760,1
http://www.wikidata.org/entity/Q111395761,1
http://www.wikidata.org/entity/Q111395764,1
http://www.wikidata.org/entity/Q111395765,1
http://www.wikidata.org/entity/Q111431563,2
http://www.wikidata.org/entity/Q111431566,2
http://www.wikidata.org/entity/Q111431567,2
http://www.wikidata.org/entity/Q111431564,2
http://www.wikidata.org/entity/Q111431565,2
http://www.wikidata.org/entity/Q111431570,2
http://www.wikidata.org/entity/Q111431571,2
http://www.wikidata.org/entity/Q111431568,2
http://www.wikidata.org/entity/Q111431569,2
http://www.wikidata.org/entity/Q111431574,2
http://www.wikidata.org/entity/Q111431573,2
http://www.wikidata.org/entity/Q111431578,2
http://www.wikidata.org/entity/Q111431576,2
http://www.wikidata.org/entity/Q111431577,2
http://www.wikidata.org/entity/Q111967326,3
http://www.wikidata.org/entity/Q111967327,3
http://www.wikidata.org/entity/Q111967324,3
http://www.wikidata.org/entity/Q111967325,3
http://www.wikidata.org/entity/Q111967330,3
http://www.wikidata.org/entity/Q111967328,3
http://www.wikidata.org/entity/Q111967329,3
http://www.wikidata.org/entity/Q111967332,3
http://www.wikidata.org/entity/Q111967333,3
http://www.wikidata.org/entity/Q103918347,2
http://www.wikidata.org/entity/Q103918341,3
http://www.wikidata.org/entity/Q103918344,3
http://www.wikidata.org/entity/Q103918350,3
http://www.wikidata.org/entity/Q103918353,2
http://www.wikidata.org/entity/Q103918358,2
http://www.wikidata.org/entity/Q103918361,2
http://www.wikidata.org/entity/Q103918356,3
http://www.wikidata.org/entity/Q103918363,3
http://www.wikidata.org/entity/Q103918366,3
http://www.wikidata.org/entity/Q103918370,3
http://www.wikidata.org/entity/Q103918368,3
http://www.wikidata.org/entity/Q103918375,3
http://www.wikidata.org/entity/Q103918377,2
http://www.wikidata.org/entity/Q103918373,3
http://www.wikidata.org/entity/Q103919289,1
http://www.wikidata.org/entity/Q103919294,1
http://www.wikidata.org/entity/Q103919299,2
http://www.wikidata.org/entity/Q103919296,2
http://www.wikidata.org/entity/Q103919303,2
http://www.wikidata.org/entity/Q103919301,2
http://www.wikidata.org/entity/Q103919307,2
http://www.wikidata.org/entity/Q103919323,1
http://www.wikidata.org/entity/Q103919309,2
http://www.wikidata.org/entity/Q103919305,3
http://www.wikidata.org/entity/Q103919315,3
http://www.wikidata.org/entity/Q103919312,3
http://www.wikidata.org/entity/Q103919318,3
http://www.wikidata.org/entity/Q103919320,2
http://www.wikidata.org/entity/Q103919326,2
http://www.wikidata.org/entity/Q103919336,1
http://www.wikidata.org/entity/Q103919328,2
http://www.wikidata.org/entity/Q103919331,3
http://www.wikidata.org/entity/Q103919333,3
http://www.wikidata.org/entity/Q103919343,2
http://www.wikidata.org/entity/Q103919339,3
http://www.wikidata.org/entity/Q103919346,2
http://www.wikidata.org/entity/Q103919357,1
http://www.wikidata.org/entity/Q103919362,1
http://www.wikidata.org/entity/Q103919351,3
http://www.wikidata.org/entity/Q103919353,2
http://www.wikidata.org/entity/Q103919348,3
http://www.wikidata.org/entity/Q103919359,2
http://www.wikidata.org/entity/Q103919369,1
http://www.wikidata.org/entity/Q103919372,1
http://www.wikidata.org/entity/Q103919364,2
http://www.wikidata.org/entity/Q103919366,3
http://www.wikidata.org/entity/Q103919380,1
http://www.wikidata.org/entity/Q103919378,2
http://www.wikidata.org/entity/Q103919376,3
http://www.wikidata.org/entity/Q36484095,4
http://www.wikidata.org/entity/Q36484102,4
http://www.wikidata.org/entity/Q36484107,4
http://www.wikidata.org/entity/Q36484116,4
http://www.wikidata.org/entity/Q36484122,4
http://www.wikidata.org/entity/Q36484126,4
http://www.wikidata.org/entity/Q36484132,4
http://www.wikidata.org/entity/Q36484137,4
http://www.wikidata.org/entity/Q36484143,4
http://www.wikidata.org/entity/Q36484148,4
http://www.wikidata.org/entity/Q36484157,4
http://www.wikidata.org/entity/Q36484160,4
http://www.wikidata.org/entity/Q36484165,4
http://www.wikidata.org/entity/Q36484169,4
http://www.wikidata.org/entity/Q36484173,4
http://www.wikidata.org/entity/Q36484177,4
http://www.wikidata.org/entity/Q36484182,4
http://www.wikidata.org/entity/Q36484194,4
http://www.wikidata.org/entity/Q111967334,3
http://www.wikidata.org/entity/Q111967335,3
http://www.wikidata.org/entity/Q111967338,3
http://www.wikidata.org/entity/Q111967336,3
http://www.wikidata.org/entity/Q111967337,3
http://www.wikidata.org/entity/Q111967340,3
http://www.wikidata.org/entity/Q111967341,3
http://www.wikidata.org/entity/Q36484198,4
http://www.wikidata.org/entity/Q36484219,4
http://www.wikidata.org/entity/Q69776340,4
http://www.wikidata.org/entity/Q69776400,4
http://www.wikidata.org/entity/Q69776436,4
http://www.wikidata.org/entity/Q69776444,4
http://www.wikidata.org/entity/Q69776453,4
http://www.wikidata.org/entity/Q111967342,3
http://www.wikidata.org/entity/Q111967343,3
http://www.wikidata.org/entity/Q111967346,3
http://www.wikidata.org/entity/Q111967347,3
http://www.wikidata.org/entity/Q111967344,3
http://www.wikidata.org/entity/Q111967345,3
http://www.wikidata.org/entity/Q111967570,3
http://www.wikidata.org/entity/Q114851255,2
http://www.wikidata.org/entity/Q117428586,1
http://www.wikidata.org/entity/Q117428593,1
http://www.wikidata.org/entity/Q117428678,1
http://www.wikidata.org/entity/Q117428679,1
http://www.wikidata.org/entity/Q117428677,1
http://www.wikidata.org/entity/Q117447410,1
http://www.wikidata.org/entity/Q117447411,1
http://www.wikidata.org/entity/Q117447409,1
http://www.wikidata.org/entity/Q117447506,1
http://www.wikidata.org/entity/Q117447507,1
http://www.wikidata.org/entity/Q117447504,1
http://www.wikidata.org/entity/Q117447505,1
http://www.wikidata.org/entity/Q117447582,1
http://www.wikidata.org/entity/Q117447583,1
http://www.wikidata.org/entity/Q117448463,2
http://www.wikidata.org/entity/Q117448466,2
http://www.wikidata.org/entity/Q117448465,2
http://www.wikidata.org/entity/Q117448470,2
http://www.wikidata.org/entity/Q117448469,2
http://www.wikidata.org/entity/Q117448474,2
http://www.wikidata.org/entity/Q117448475,2
http://www.wikidata.org/entity/Q117448472,2
http://www.wikidata.org/entity/Q117448473,2
http://www.wikidata.org/entity/Q117455592,3
http://www.wikidata.org/entity/Q117455593,3
http://www.wikidata.org/entity/Q36464142,4
http://www.wikidata.org/entity/Q36464146,4
http://www.wikidata.org/entity/Q36464134,4
http://www.wikidata.org/entity/Q125017954,
http://www.wikidata.org/entity/Q136491214,
http://www.wikidata.org/entity/Q136940308,
http://www.wikidata.org/entity/Q136456633,4
http://www.wikidata.org/entity/Q136593412,4
http://www.wikidata.org/entity/Q136665118,4
http://www.wikidata.org/entity/Q136678249,4
http://www.wikidata.org/entity/Q117455594,3
http://www.wikidata.org/entity/Q117455595,3
http://www.wikidata.org/entity/Q117455598,3
http://www.wikidata.org/entity/Q117455596,3
http://www.wikidata.org/entity/Q117455597,3
http://www.wikidata.org/entity/Q117455602,3
http://www.wikidata.org/entity/Q117455603,3
http://www.wikidata.org/entity/Q117455600,3
http://www.wikidata.org/entity/Q117455601,3
http://www.wikidata.org/entity/Q117455604,3
http://www.wikidata.org/entity/Q117455605,3
http://www.wikidata.org/entity/Q123110125,2
http://www.wikidata.org/entity/Q137015827,1
http://www.wikidata.org/entity/Q137015830,1
http://www.wikidata.org/entity/Q137015831,1
http://www.wikidata.org/entity/Q137015828,1
http://www.wikidata.org/entity/Q137015829,1
http://www.wikidata.org/entity/Q137017519,1
http://www.wikidata.org/entity/Q137017522,1
http://www.wikidata.org/entity/Q137017523,1
http://www.wikidata.org/entity/Q137017524,1
http://www.wikidata.org/entity/Q137104650,1
http://www.wikidata.org/entity/Q137104651,1
http://www.wikidata.org/entity/Q137104648,1
http://www.wikidata.org/entity/Q101086004,
http://www.wikidata.org/entity/Q134444975,
http://www.wikidata.org/entity/Q127868956,507
http://www.wikidata.org/entity/Q99661235,3/4
http://www.wikidata.org/entity/Q99573989,2
http://www.wikidata.org/entity/Q134445011,
http://www.wikidata.org/entity/Q112913666,
http://www.wikidata.org/entity/Q112913673,
http://www.wikidata.org/entity/Q112913686,
http://www.wikidata.org/entity/Q112913687,
http://www.wikidata.org/entity/Q112913684,
http://www.wikidata.org/entity/Q112913688,
http://www.wikidata.org/entity/Q135399994,
http://www.wikidata.org/entity/Q135442878,
http://www.wikidata.org/entity/Q107620404,3
http://www.wikidata.org/entity/Q128795587,
http://www.wikidata.org/entity/Q121298479,1
http://www.wikidata.org/entity/Q121299313,1
http://www.wikidata.org/entity/Q65594178,
http://www.wikidata.org/entity/Q77304139,
http://www.wikidata.org/entity/Q127598311,
http://www.wikidata.org/entity/Q127868932,2
http://www.wikidata.org/entity/Q134393758,
http://www.wikidata.org/entity/Q134393756,
http://www.wikidata.org/entity/Q134393757,
http://www.wikidata.org/entity/Q134393762,
http://www.wikidata.org/entity/Q134393763,
http://www.wikidata.org/entity/Q134393760,
http://www.wikidata.org/entity/Q134393761,
http://www.wikidata.org/entity/Q134513674,
http://www.wikidata.org/entity/Q134513673,
http://www.wikidata.org/entity/Q134513678,
http://www.wikidata.org/entity/Q134513679,
http://www.wikidata.org/entity/Q134513692,
http://www.wikidata.org/entity/Q134513697,
http://www.wikidata.org/entity/Q134513709,
http://www.wikidata.org/entity/Q136399613,3
http://www.wikidata.org/entity/Q111601394,
http://www.wikidata.org/entity/Q111601392,
http://www.wikidata.org/entity/Q111601398,
http://www.wikidata.org/entity/Q111601399,
http://www.wikidata.org/entity/Q111601396,
http://www.wikidata.org/entity/Q111601397,
http://www.wikidata.org/entity/Q111601402,
http://www.wikidata.org/entity/Q111601401,
http://www.wikidata.org/entity/Q111601404,
http://www.wikidata.org/entity/Q111601410,
http://www.wikidata.org/entity/Q111601411,
http://www.wikidata.org/entity/Q111601414,
http://www.wikidata.org/entity/Q111601413,
http://www.wikidata.org/entity/Q111601423,
http://www.wikidata.org/entity/Q111602339,
http://www.wikidata.org/entity/Q111602343,
http://www.wikidata.org/entity/Q111602340,
http://www.wikidata.org/entity/Q111602345,
http://www.wikidata.org/entity/Q111602350,
http://www.wikidata.org/entity/Q111602351,
http://www.wikidata.org/entity/Q111602354,
http://www.wikidata.org/entity/Q111602353,
http://www.wikidata.org/entity/Q111602358,
http://www.wikidata.org/entity/Q111602359,
http://www.wikidata.org/entity/Q111602356,
http://www.wikidata.org/entity/Q111602357,
http://www.wikidata.org/entity/Q111602362,
http://www.wikidata.org/entity/Q111602363,
http://www.wikidata.org/entity/Q111602360,
http://www.wikidata.org/entity/Q111602361,
http://www.wikidata.org/entity/Q111602366,
http://www.wikidata.org/entity/Q111602367,
http://www.wikidata.org/entity/Q111602364,
http://www.wikidata.org/entity/Q111602365,
http://www.wikidata.org/entity/Q111602370,
http://www.wikidata.org/entity/Q111602371,
http://www.wikidata.org/entity/Q111602368,
http://www.wikidata.org/entity/Q111602369,
http://www.wikidata.org/entity/Q111602374,
http://www.wikidata.org/entity/Q111602375,
http://www.wikidata.org/entity/Q111602372,
http://www.wikidata.org/entity/Q111602373,
http://www.wikidata.org/entity/Q111602378,
http://www.wikidata.org/entity/Q111602379,
http://www.wikidata.org/entity/Q111602376,
http://www.wikidata.org/entity/Q111602377,
http://www.wikidata.org/entity/Q111602382,
http://www.wikidata.org/entity/Q111602380,
http://www.wikidata.org/entity/Q111602381,
http://www.wikidata.org/entity/Q111602386,
http://www.wikidata.org/entity/Q111602387,
http://www.wikidata.org/entity/Q111602384,
http://www.wikidata.org/entity/Q111602385,
http://www.wikidata.org/entity/Q111602391,
http://www.wikidata.org/entity/Q111602388,
http://www.wikidata.org/entity/Q111602389,
http://www.wikidata.org/entity/Q111602394,
http://www.wikidata.org/entity/Q111602395,
http://www.wikidata.org/entity/Q111602392,
http://www.wikidata.org/entity/Q111602393,
http://www.wikidata.org/entity/Q111602398,
http://www.wikidata.org/entity/Q111602399,
http://www.wikidata.org/entity/Q111602396,
http://www.wikidata.org/entity/Q111602397,
http://www.wikidata.org/entity/Q111602402,
http://www.wikidata.org/entity/Q111602400,
http://www.wikidata.org/entity/Q111602401,
http://www.wikidata.org/entity/Q115577742,
http://www.wikidata.org/entity/Q120702421,2-3
http://www.wikidata.org/entity/Q60713534,
http://www.wikidata.org/entity/Q61056650,1
http://www.wikidata.org/entity/Q61057042,1
http://www.wikidata.org/entity/Q125897612,
http://www.wikidata.org/entity/Q131986883,
http://www.wikidata.org/entity/Q136661502,
http://www.wikidata.org/entity/Q131986985,20
http://www.wikidata.org/entity/Q111602403,
http://www.wikidata.org/entity/Q111602406,
http://www.wikidata.org/entity/Q111602407,
http://www.wikidata.org/entity/Q111602404,
http://www.wikidata.org/entity/Q111602405,
http://www.wikidata.org/entity/Q111602410,
http://www.wikidata.org/entity/Q111602411,
http://www.wikidata.org/entity/Q111602408,
http://www.wikidata.org/entity/Q111602409,
http://www.wikidata.org/entity/Q111602414,
http://www.wikidata.org/entity/Q111602418,
http://www.wikidata.org/entity/Q111602419,
http://www.wikidata.org/entity/Q111602417,
http://www.wikidata.org/entity/Q111602423,
http://www.wikidata.org/entity/Q111602421,
http://www.wikidata.org/entity/Q111602426,
http://www.wikidata.org/entity/Q111602427,
http://www.wikidata.org/entity/Q111602424,
http://www.wikidata.org/entity/Q111602425,
http://www.wikidata.org/entity/Q111602430,
http://www.wikidata.org/entity/Q111602431,
http://www.wikidata.org/entity/Q111602428,
http://www.wikidata.org/entity/Q111602429,
http://www.wikidata.org/entity/Q111602434,
http://www.wikidata.org/entity/Q111602435,
http://www.wikidata.org/entity/Q111602439,
http://www.wikidata.org/entity/Q111602436,
http://www.wikidata.org/entity/Q111602442,
http://www.wikidata.org/entity/Q111602443,
http://www.wikidata.org/entity/Q111602441,
http://www.wikidata.org/entity/Q111602446,
http://www.wikidata.org/entity/Q111602445,
http://www.wikidata.org/entity/Q111602450,
http://www.wikidata.org/entity/Q111602451,
http://www.wikidata.org/entity/Q111602448,
http://www.wikidata.org/entity/Q111602449,
http://www.wikidata.org/entity/Q111602454,
http://www.wikidata.org/entity/Q111602455,
http://www.wikidata.org/entity/Q111602452,
http://www.wikidata.org/entity/Q111602453,
http://www.wikidata.org/entity/Q111602458,
http://www.wikidata.org/entity/Q111602456,
http://www.wikidata.org/entity/Q111602457,
http://www.wikidata.org/entity/Q111602462,
http://www.wikidata.org/entity/Q111602460,
http://www.wikidata.org/entity/Q111602461,
http://www.wikidata.org/entity/Q111602466,
http://www.wikidata.org/entity/Q111602464,
http://www.wikidata.org/entity/Q111602465,
http://www.wikidata.org/entity/Q111602470,
http://www.wikidata.org/entity/Q111602471,
http://www.wikidata.org/entity/Q111602468,
http://www.wikidata.org/entity/Q111602474,
http://www.wikidata.org/entity/Q111602475,
http://www.wikidata.org/entity/Q111602472,
http://www.wikidata.org/entity/Q111602473,
http://www.wikidata.org/entity/Q111602477,
http://www.wikidata.org/entity/Q111747741,
http://www.wikidata.org/entity/Q125913828,
http://www.wikidata.org/entity/Q73492838,
http://www.wikidata.org/entity/Q128592850,
http://www.wikidata.org/entity/Q136445352,
http://www.wikidata.org/entity/Q136456640,
http://www.wikidata.org/entity/Q136456660,
http://www.wikidata.org/entity/Q136540024,
http://www.wikidata.org/entity/Q136669602,
http://www.wikidata.org/entity/Q95997038,1
http://www.wikidata.org/entity/Q95997039,2
http://www.wikidata.org/entity/Q95997044,2
http://www.wikidata.org/entity/Q95997073,1
http://www.wikidata.org/entity/Q95997066,2
http://www.wikidata.org/entity/Q95997067,2
http://www.wikidata.org/entity/Q95997081,1
http://www.wikidata.org/entity/Q95997079,2
http://www.wikidata.org/entity/Q95997076,2
http://www.wikidata.org/entity/Q95997077,2
http://www.wikidata.org/entity/Q95997082,2
http://www.wikidata.org/entity/Q95997084,2
http://www.wikidata.org/entity/Q95997103,1
http://www.wikidata.org/entity/Q95997102,2
http://www.wikidata.org/entity/Q95997101,2
http://www.wikidata.org/entity/Q95997062,1
http://www.wikidata.org/entity/Q95997060,1
http://www.wikidata.org/entity/Q95997054,2
http://www.wikidata.org/entity/Q95997061,2
http://www.wikidata.org/entity/Q99860432,2
http://www.wikidata.org/entity/Q99860449,1
http://www.wikidata.org/entity/Q99860482,1
http://www.wikidata.org/entity/Q99860480,1
http://www.wikidata.org/entity/Q99860487,2
http://www.wikidata.org/entity/Q135400000,
http://www.wikidata.org/entity/Q133257960,29
http://www.wikidata.org/entity/Q133258145,53
http://www.wikidata.org/entity/Q111578825,1
http://www.wikidata.org/entity/Q111578864,3
http://www.wikidata.org/entity/Q111578928,1
http://www.wikidata.org/entity/Q111578802,1
http://www.wikidata.org/entity/Q111578810,3
http://www.wikidata.org/entity/Q111578756,3-4
http://www.wikidata.org/entity/Q111579339,2
http://www.wikidata.org/entity/Q122049868,2
http://www.wikidata.org/entity/Q122049874,2
http://www.wikidata.org/entity/Q122049876,2
http://www.wikidata.org/entity/Q122049880,2
http://www.wikidata.org/entity/Q122049898,1
http://www.wikidata.org/entity/Q122049914,1
http://www.wikidata.org/entity/Q122049924,2
http://www.wikidata.org/entity/Q122050002,1
http://www.wikidata.org/entity/Q122050109,2
http://www.wikidata.org/entity/Q122049779,1
http://www.wikidata.org/entity/Q122049776,1
http://www.wikidata.org/entity/Q122049777,1
http://www.wikidata.org/entity/Q122049784,1
http://www.wikidata.org/entity/Q122049798,1
http://www.wikidata.org/entity/Q122049796,1
http://www.wikidata.org/entity/Q122049785,2
http://www.wikidata.org/entity/Q122049794,2
http://www.wikidata.org/entity/Q122049806,1
http://www.wikidata.org/entity/Q122049817,1
http://www.wikidata.org/entity/Q111579162,1
http://www.wikidata.org/entity/Q111579187,1
http://www.wikidata.org/entity/Q111579071,3-4
http://www.wikidata.org/entity/Q122050183,1
http://www.wikidata.org/entity/Q122050186,1
http://www.wikidata.org/entity/Q122050223,1
http://www.wikidata.org/entity/Q122050221,2
http://www.wikidata.org/entity/Q122050246,1
http://www.wikidata.org/entity/Q122050247,1
http://www.wikidata.org/entity/Q122050244,1
http://www.wikidata.org/entity/Q122050236,2
http://www.wikidata.org/entity/Q122050252,1
http://www.wikidata.org/entity/Q122050293,1
http://www.wikidata.org/entity/Q122050308,1
http://www.wikidata.org/entity/Q122050335,2
http://www.wikidata.org/entity/Q99639341,2
http://www.wikidata.org/entity/Q99653413,2
http://www.wikidata.org/entity/Q99654817,2
http://www.wikidata.org/entity/Q78577731,7
http://www.wikidata.org/entity/Q58124093,68
http://www.wikidata.org/entity/Q109593344,3
http://www.wikidata.org/entity/Q126899403,13&14
http://www.wikidata.org/entity/Q109854338,
http://www.wikidata.org/entity/Q109854343,
http://www.wikidata.org/entity/Q109854341,
http://www.wikidata.org/entity/Q109854347,
http://www.wikidata.org/entity/Q109854344,
http://www.wikidata.org/entity/Q109854345,
http://www.wikidata.org/entity/Q109854351,
http://www.wikidata.org/entity/Q109854348,
http://www.wikidata.org/entity/Q109854349,
http://www.wikidata.org/entity/Q109854354,
http://www.wikidata.org/entity/Q109854355,
http://www.wikidata.org/entity/Q109854352,
http://www.wikidata.org/entity/Q109854353,
http://www.wikidata.org/entity/Q109854358,
http://www.wikidata.org/entity/Q109854359,
http://www.wikidata.org/entity/Q109854360,
http://www.wikidata.org/entity/Q109854430,
http://www.wikidata.org/entity/Q109854431,
http://www.wikidata.org/entity/Q109854434,
http://www.wikidata.org/entity/Q109854435,
http://www.wikidata.org/entity/Q109854432,
http://www.wikidata.org/entity/Q109854439,
http://www.wikidata.org/entity/Q109854436,
http://www.wikidata.org/entity/Q109854437,
http://www.wikidata.org/entity/Q109854442,
http://www.wikidata.org/entity/Q109854440,
http://www.wikidata.org/entity/Q109854446,
http://www.wikidata.org/entity/Q109854447,
http://www.wikidata.org/entity/Q109854444,
http://www.wikidata.org/entity/Q109854445,
http://www.wikidata.org/entity/Q109854450,
http://www.wikidata.org/entity/Q109854448,
http://www.wikidata.org/entity/Q109854449,
http://www.wikidata.org/entity/Q109854454,
http://www.wikidata.org/entity/Q109854452,
http://www.wikidata.org/entity/Q109854458,
http://www.wikidata.org/entity/Q109854459,
http://www.wikidata.org/entity/Q109854456,
http://www.wikidata.org/entity/Q109854457,
http://www.wikidata.org/entity/Q62579849,1
http://www.wikidata.org/entity/Q64712134,1
http://www.wikidata.org/entity/Q64712144,1
http://www.wikidata.org/entity/Q64712156,1
http://www.wikidata.org/entity/Q64712171,1
http://www.wikidata.org/entity/Q64712184,1
http://www.wikidata.org/entity/Q64712198,1
http://www.wikidata.org/entity/Q82514580,2
http://www.wikidata.org/entity/Q82514642,2
http://www.wikidata.org/entity/Q82514941,2
http://www.wikidata.org/entity/Q82514978,2
http://www.wikidata.org/entity/Q82515058,2
http://www.wikidata.org/entity/Q82515159,2
http://www.wikidata.org/entity/Q82515164,2
http://www.wikidata.org/entity/Q82515170,2
http://www.wikidata.org/entity/Q82515168,2
http://www.wikidata.org/entity/Q82515174,2
http://www.wikidata.org/entity/Q82515177,2
http://www.wikidata.org/entity/Q82515180,2
http://www.wikidata.org/entity/Q82515186,2
http://www.wikidata.org/entity/Q83365686,2
http://www.wikidata.org/entity/Q92592463,2
http://www.wikidata.org/entity/Q92592494,2
http://www.wikidata.org/entity/Q92592577,2
http://www.wikidata.org/entity/Q92592656,2
http://www.wikidata.org/entity/Q92592734,2
http://www.wikidata.org/entity/Q92592817,2
http://www.wikidata.org/entity/Q92592907,2
http://www.wikidata.org/entity/Q92593011,2
http://www.wikidata.org/entity/Q92593112,2
http://www.wikidata.org/entity/Q92593206,2
http://www.wikidata.org/entity/Q96623074,1
http://www.wikidata.org/entity/Q96623075,1
http://www.wikidata.org/entity/Q96623076,1
http://www.wikidata.org/entity/Q122828583,3
http://www.wikidata.org/entity/Q133080583,4
http://www.wikidata.org/entity/Q136760027,3
http://www.wikidata.org/entity/Q109854487,
http://www.wikidata.org/entity/Q109854484,
http://www.wikidata.org/entity/Q109854485,
http://www.wikidata.org/entity/Q109854491,
http://www.wikidata.org/entity/Q109854488,
http://www.wikidata.org/entity/Q109854489,
http://www.wikidata.org/entity/Q109854494,
http://www.wikidata.org/entity/Q109854495,
http://www.wikidata.org/entity/Q109854499,
http://www.wikidata.org/entity/Q109854497,
http://www.wikidata.org/entity/Q109854500,
http://www.wikidata.org/entity/Q109854566,
http://www.wikidata.org/entity/Q109854567,
http://www.wikidata.org/entity/Q109854565,
http://www.wikidata.org/entity/Q109854570,
http://www.wikidata.org/entity/Q109854571,
http://www.wikidata.org/entity/Q109854568,
http://www.wikidata.org/entity/Q109854574,
http://www.wikidata.org/entity/Q109854575,
http://www.wikidata.org/entity/Q109854573,
http://www.wikidata.org/entity/Q109854578,
http://www.wikidata.org/entity/Q109854579,
http://www.wikidata.org/entity/Q109854582,
http://www.wikidata.org/entity/Q109854583,
http://www.wikidata.org/entity/Q109854580,
http://www.wikidata.org/entity/Q109854586,
http://www.wikidata.org/entity/Q109854587,
http://www.wikidata.org/entity/Q109854584,
http://www.wikidata.org/entity/Q109854590,
http://www.wikidata.org/entity/Q109854588,
http://www.wikidata.org/entity/Q109854594,
http://www.wikidata.org/entity/Q109854592,
http://www.wikidata.org/entity/Q109854593,
http://www.wikidata.org/entity/Q109854598,
http://www.wikidata.org/entity/Q109854596,
http://www.wikidata.org/entity/Q109854597,
http://www.wikidata.org/entity/Q96623078,1
http://www.wikidata.org/entity/Q59281535,1-2
http://www.wikidata.org/entity/Q59281538,1-2
http://www.wikidata.org/entity/Q59281539,1-2
http://www.wikidata.org/entity/Q59281536,1-2
http://www.wikidata.org/entity/Q59281537,1-2
http://www.wikidata.org/entity/Q59281542,1-2
http://www.wikidata.org/entity/Q59281543,1-2
http://www.wikidata.org/entity/Q59281540,1-2
http://www.wikidata.org/entity/Q59281541,1-2
http://www.wikidata.org/entity/Q60907273,2
http://www.wikidata.org/entity/Q60907285,2
http://www.wikidata.org/entity/Q60907291,2
http://www.wikidata.org/entity/Q60907308,2
http://www.wikidata.org/entity/Q60907317,2
http://www.wikidata.org/entity/Q60907331,2
http://www.wikidata.org/entity/Q60907344,2
http://www.wikidata.org/entity/Q60907356,2
http://www.wikidata.org/entity/Q60907372,2
http://www.wikidata.org/entity/Q60907379,2
http://www.wikidata.org/entity/Q60907392,2
http://www.wikidata.org/entity/Q60907408,2
http://www.wikidata.org/entity/Q60907417,2
http://www.wikidata.org/entity/Q60907422,2
http://www.wikidata.org/entity/Q60907435,2
http://www.wikidata.org/entity/Q64712103,1
http://www.wikidata.org/entity/Q64712106,1
http://www.wikidata.org/entity/Q64712107,1
http://www.wikidata.org/entity/Q64712105,1
http://www.wikidata.org/entity/Q64712110,1
http://www.wikidata.org/entity/Q64712109,1
http://www.wikidata.org/entity/Q64712112,1
http://www.wikidata.org/entity/Q64712113,1
http://www.wikidata.org/entity/Q64712116,1
http://www.wikidata.org/entity/Q109854462,
http://www.wikidata.org/entity/Q109854461,
http://www.wikidata.org/entity/Q109854464,
http://www.wikidata.org/entity/Q109854465,
http://www.wikidata.org/entity/Q109854470,
http://www.wikidata.org/entity/Q109854471,
http://www.wikidata.org/entity/Q109854468,
http://www.wikidata.org/entity/Q109854469,
http://www.wikidata.org/entity/Q109854474,
http://www.wikidata.org/entity/Q109854472,
http://www.wikidata.org/entity/Q109854473,
http://www.wikidata.org/entity/Q109854476,
http://www.wikidata.org/entity/Q109854477,
http://www.wikidata.org/entity/Q109854483,
http://www.wikidata.org/entity/Q109854480,
http://www.wikidata.org/entity/Q109854481,
http://www.wikidata.org/entity/Q116444206,2
http://www.wikidata.org/entity/Q116444207,2
http://www.wikidata.org/entity/Q116444205,2
http://www.wikidata.org/entity/Q116444210,2
http://www.wikidata.org/entity/Q116444211,2
http://www.wikidata.org/entity/Q116444209,2
http://www.wikidata.org/entity/Q116444214,2
http://www.wikidata.org/entity/Q116444215,2
http://www.wikidata.org/entity/Q116444212,2
http://www.wikidata.org/entity/Q116444213,2
http://www.wikidata.org/entity/Q116444216,2
http://www.wikidata.org/entity/Q116444217,2
http://www.wikidata.org/entity/Q119496383,1
http://www.wikidata.org/entity/Q119496386,1
http://www.wikidata.org/entity/Q119496387,1
http://www.wikidata.org/entity/Q119496384,1
http://www.wikidata.org/entity/Q119496385,1
http://www.wikidata.org/entity/Q119496390,1
http://www.wikidata.org/entity/Q119496391,1
http://www.wikidata.org/entity/Q119496388,1
http://www.wikidata.org/entity/Q119496389,1
http://www.wikidata.org/entity/Q119496394,1
http://www.wikidata.org/entity/Q119496392,1
http://www.wikidata.org/entity/Q119496393,1
http://www.wikidata.org/entity/Q123925882,2
http://www.wikidata.org/entity/Q123925883,2
http://www.wikidata.org/entity/Q123925881,2
http://www.wikidata.org/entity/Q123925886,2
http://www.wikidata.org/entity/Q123925887,2
http://www.wikidata.org/entity/Q123925884,2
http://www.wikidata.org/entity/Q96623079,1
http://www.wikidata.org/entity/Q96623082,1
http://www.wikidata.org/entity/Q96623083,1
http://www.wikidata.org/entity/Q96623081,1
http://www.wikidata.org/entity/Q96623086,1
http://www.wikidata.org/entity/Q96623087,1
http://www.wikidata.org/entity/Q96623085,1
http://www.wikidata.org/entity/Q96623090,1
http://www.wikidata.org/entity/Q96623091,1
http://www.wikidata.org/entity/Q96623089,1
http://www.wikidata.org/entity/Q96623093,1
http://www.wikidata.org/entity/Q104786698,2
http://www.wikidata.org/entity/Q104786699,2
http://www.wikidata.org/entity/Q104786702,2
http://www.wikidata.org/entity/Q104786700,2
http://www.wikidata.org/entity/Q104786701,2
http://www.wikidata.org/entity/Q104786706,2
http://www.wikidata.org/entity/Q104786707,2
http://www.wikidata.org/entity/Q104786704,2
http://www.wikidata.org/entity/Q104786705,2
http://www.wikidata.org/entity/Q104786709,2
http://www.wikidata.org/entity/Q59154974,2
http://www.wikidata.org/entity/Q59154975,2
http://www.wikidata.org/entity/Q59154972,2
http://www.wikidata.org/entity/Q59154976,2
http://www.wikidata.org/entity/Q59208094,1
http://www.wikidata.org/entity/Q59208095,1
http://www.wikidata.org/entity/Q59208093,1
http://www.wikidata.org/entity/Q59208098,1
http://www.wikidata.org/entity/Q59208096,1
http://www.wikidata.org/entity/Q59208097,1
http://www.wikidata.org/entity/Q59259739,2
http://www.wikidata.org/entity/Q59259742,2
http://www.wikidata.org/entity/Q59259743,2
http://www.wikidata.org/entity/Q59259740,2
http://www.wikidata.org/entity/Q59259741,2
http://www.wikidata.org/entity/Q59259746,2
http://www.wikidata.org/entity/Q59259747,2
http://www.wikidata.org/entity/Q59259744,2
http://www.wikidata.org/entity/Q59259745,2
http://www.wikidata.org/entity/Q59259748,2
http://www.wikidata.org/entity/Q59259749,2
http://www.wikidata.org/entity/Q59265383,1
http://www.wikidata.org/entity/Q59265386,1
http://www.wikidata.org/entity/Q59265384,1
http://www.wikidata.org/entity/Q59265385,1
http://www.wikidata.org/entity/Q59265390,1
http://www.wikidata.org/entity/Q59265391,1
http://www.wikidata.org/entity/Q59265388,1
http://www.wikidata.org/entity/Q59265394,1
http://www.wikidata.org/entity/Q59265395,1
http://www.wikidata.org/entity/Q59265392,1
http://www.wikidata.org/entity/Q59265396,1
http://www.wikidata.org/entity/Q59265397,1
http://www.wikidata.org/entity/Q109854295,
http://www.wikidata.org/entity/Q109854298,
http://www.wikidata.org/entity/Q109854299,
http://www.wikidata.org/entity/Q109854296,
http://www.wikidata.org/entity/Q109854297,
http://www.wikidata.org/entity/Q109854302,
http://www.wikidata.org/entity/Q109854303,
http://www.wikidata.org/entity/Q109854301,
http://www.wikidata.org/entity/Q109854306,
http://www.wikidata.org/entity/Q109854307,
http://www.wikidata.org/entity/Q109854304,
http://www.wikidata.org/entity/Q109854311,
http://www.wikidata.org/entity/Q109854309,
http://www.wikidata.org/entity/Q109854314,
http://www.wikidata.org/entity/Q109854315,
http://www.wikidata.org/entity/Q109854312,
http://www.wikidata.org/entity/Q109854313,
http://www.wikidata.org/entity/Q109854319,
http://www.wikidata.org/entity/Q109854316,
http://www.wikidata.org/entity/Q109854322,
http://www.wikidata.org/entity/Q109854323,
http://www.wikidata.org/entity/Q109854326,
http://www.wikidata.org/entity/Q109854327,
http://www.wikidata.org/entity/Q109854324,
http://www.wikidata.org/entity/Q109854325,
http://www.wikidata.org/entity/Q109854331,
http://www.wikidata.org/entity/Q109854328,
http://www.wikidata.org/entity/Q109854329,
http://www.wikidata.org/entity/Q109854334,
http://www.wikidata.org/entity/Q109854335,
http://www.wikidata.org/entity/Q109854332,
http://www.wikidata.org/entity/Q109854333,
http://www.wikidata.org/entity/Q109854336,
http://www.wikidata.org/entity/Q109854337,
http://www.wikidata.org/entity/Q109854603,
http://www.wikidata.org/entity/Q109854600,
http://www.wikidata.org/entity/Q109854601,
http://www.wikidata.org/entity/Q109854607,
http://www.wikidata.org/entity/Q109854604,
http://www.wikidata.org/entity/Q109854605,
http://www.wikidata.org/entity/Q109854611,
http://www.wikidata.org/entity/Q109854608,
http://www.wikidata.org/entity/Q109854609,
http://www.wikidata.org/entity/Q109854612,
http://www.wikidata.org/entity/Q109854613,
http://www.wikidata.org/entity/Q109854618,
http://www.wikidata.org/entity/Q109854619,
http://www.wikidata.org/entity/Q109854616,
http://www.wikidata.org/entity/Q109854623,
http://www.wikidata.org/entity/Q109854620,
http://www.wikidata.org/entity/Q109854621,
http://www.wikidata.org/entity/Q109854627,
http://www.wikidata.org/entity/Q109854624,
http://www.wikidata.org/entity/Q109854625,
http://www.wikidata.org/entity/Q109854630,
http://www.wikidata.org/entity/Q109854629,
http://www.wikidata.org/entity/Q109854634,
http://www.wikidata.org/entity/Q109854632,
http://www.wikidata.org/entity/Q109854633,
http://www.wikidata.org/entity/Q109854699,
http://www.wikidata.org/entity/Q109854702,
http://www.wikidata.org/entity/Q109854700,
http://www.wikidata.org/entity/Q109854701,
http://www.wikidata.org/entity/Q109854706,
http://www.wikidata.org/entity/Q109854707,
http://www.wikidata.org/entity/Q109854704,
http://www.wikidata.org/entity/Q109854705,
http://www.wikidata.org/entity/Q109854708,
http://www.wikidata.org/entity/Q109854714,
http://www.wikidata.org/entity/Q109854712,
http://www.wikidata.org/entity/Q109854713,
http://www.wikidata.org/entity/Q109854718,
http://www.wikidata.org/entity/Q109854719,
http://www.wikidata.org/entity/Q109854716,
http://www.wikidata.org/entity/Q109854717,
http://www.wikidata.org/entity/Q109854721,
http://www.wikidata.org/entity/Q110067791,
http://www.wikidata.org/entity/Q115139456,94
http://www.wikidata.org/entity/Q115139461,128
http://www.wikidata.org/entity/Q115139459,120
http://www.wikidata.org/entity/Q115139467,161
http://www.wikidata.org/entity/Q109593333,
http://www.wikidata.org/entity/Q135336054,
http://www.wikidata.org/entity/Q135409801,
http://www.wikidata.org/entity/Q135409906,
http://www.wikidata.org/entity/Q128310240,2
http://www.wikidata.org/entity/Q128592841,2
http://www.wikidata.org/entity/Q135432514,20
http://www.wikidata.org/entity/Q136384392,1
http://www.wikidata.org/entity/Q114773208,
http://www.wikidata.org/entity/Q107394986,1
http://www.wikidata.org/entity/Q107394987,1
http://www.wikidata.org/entity/Q107394990,1
http://www.wikidata.org/entity/Q107394991,1
http://www.wikidata.org/entity/Q107394988,1
http://www.wikidata.org/entity/Q107394989,1
http://www.wikidata.org/entity/Q107394994,1
http://www.wikidata.org/entity/Q107394995,1
http://www.wikidata.org/entity/Q107394992,1
http://www.wikidata.org/entity/Q107394999,1
http://www.wikidata.org/entity/Q107394996,1
http://www.wikidata.org/entity/Q107394997,1
http://www.wikidata.org/entity/Q107395002,1
http://www.wikidata.org/entity/Q107395003,1
http://www.wikidata.org/entity/Q107395000,1
http://www.wikidata.org/entity/Q107395001,1
http://www.wikidata.org/entity/Q110386754,2
http://www.wikidata.org/entity/Q110386758,2
http://www.wikidata.org/entity/Q110386756,2
http://www.wikidata.org/entity/Q110386763,2
http://www.wikidata.org/entity/Q110386761,2
http://www.wikidata.org/entity/Q110386765,2
http://www.wikidata.org/entity/Q110386770,2
http://www.wikidata.org/entity/Q110386771,2
http://www.wikidata.org/entity/Q110386768,2
http://www.wikidata.org/entity/Q110386774,2
http://www.wikidata.org/entity/Q110386773,2
http://www.wikidata.org/entity/Q110386778,2
http://www.wikidata.org/entity/Q110386776,2
http://www.wikidata.org/entity/Q110386782,2
http://www.wikidata.org/entity/Q110386780,2
http://www.wikidata.org/entity/Q110386786,2
http://www.wikidata.org/entity/Q110386784,2
http://www.wikidata.org/entity/Q113148883,1
http://www.wikidata.org/entity/Q113148886,1
http://www.wikidata.org/entity/Q113148891,1
http://www.wikidata.org/entity/Q113148888,1
http://www.wikidata.org/entity/Q113148889,1
http://www.wikidata.org/entity/Q113148895,1
http://www.wikidata.org/entity/Q113148893,1
http://www.wikidata.org/entity/Q113148898,1
http://www.wikidata.org/entity/Q113148897,1
http://www.wikidata.org/entity/Q113148903,1
http://www.wikidata.org/entity/Q113148900,1
http://www.wikidata.org/entity/Q113148906,1
http://www.wikidata.org/entity/Q113148905,1
http://www.wikidata.org/entity/Q113148908,1
http://www.wikidata.org/entity/Q116444203,2
http://www.wikidata.org/entity/Q116444204,2
http://www.wikidata.org/entity/Q131429346,2
http://www.wikidata.org/entity/Q131429347,2
http://www.wikidata.org/entity/Q131429344,2
http://www.wikidata.org/entity/Q131429345,2
http://www.wikidata.org/entity/Q131429350,2
http://www.wikidata.org/entity/Q131429351,2
http://www.wikidata.org/entity/Q131429348,2
http://www.wikidata.org/entity/Q131429349,2
http://www.wikidata.org/entity/Q131429354,2
http://www.wikidata.org/entity/Q131429352,2
http://www.wikidata.org/entity/Q131429353,2
http://www.wikidata.org/entity/Q132561594,2
http://www.wikidata.org/entity/Q135102878,1
http://www.wikidata.org/entity/Q135102879,1
http://www.wikidata.org/entity/Q135102882,1
http://www.wikidata.org/entity/Q135102883,1
http://www.wikidata.org/entity/Q135102880,1
http://www.wikidata.org/entity/Q135102881,1
http://www.wikidata.org/entity/Q135102886,1
http://www.wikidata.org/entity/Q135102884,1
http://www.wikidata.org/entity/Q113201278,"N° 29, 1"
http://www.wikidata.org/entity/Q57976823,2
http://www.wikidata.org/entity/Q58302558,2
http://www.wikidata.org/entity/Q58349819,2
http://www.wikidata.org/entity/Q58350077,2
http://www.wikidata.org/entity/Q58356273,2
http://www.wikidata.org/entity/Q58356286,2
http://www.wikidata.org/entity/Q58356899,2
http://www.wikidata.org/entity/Q58379186,2
http://www.wikidata.org/entity/Q58379187,2
http://www.wikidata.org/entity/Q58379188,2
http://www.wikidata.org/entity/Q58387646,2
http://www.wikidata.org/entity/Q58387647,2
http://www.wikidata.org/entity/Q58387650,2
http://www.wikidata.org/entity/Q58387648,2
http://www.wikidata.org/entity/Q58424166,2
http://www.wikidata.org/entity/Q58670918,1
http://www.wikidata.org/entity/Q58670922,1
http://www.wikidata.org/entity/Q58670923,1
http://www.wikidata.org/entity/Q58670920,1
http://www.wikidata.org/entity/Q58670927,1
http://www.wikidata.org/entity/Q58670925,1
http://www.wikidata.org/entity/Q58670929,1
http://www.wikidata.org/entity/Q58670935,1
http://www.wikidata.org/entity/Q58670932,1
http://www.wikidata.org/entity/Q58670933,1
http://www.wikidata.org/entity/Q58670939,1
http://www.wikidata.org/entity/Q58670937,1
http://www.wikidata.org/entity/Q58670940,1
http://www.wikidata.org/entity/Q58773238,1
http://www.wikidata.org/entity/Q58773236,1
http://www.wikidata.org/entity/Q58773241,1
http://www.wikidata.org/entity/Q126310449,1
http://www.wikidata.org/entity/Q126313829,1
http://www.wikidata.org/entity/Q126315684,1
http://www.wikidata.org/entity/Q126386357,1
http://www.wikidata.org/entity/Q111747697,
http://www.wikidata.org/entity/Q123925890,2
http://www.wikidata.org/entity/Q123925891,2
http://www.wikidata.org/entity/Q123925888,2
http://www.wikidata.org/entity/Q123925889,2
http://www.wikidata.org/entity/Q123925894,2
http://www.wikidata.org/entity/Q123925895,2
http://www.wikidata.org/entity/Q123925892,2
http://www.wikidata.org/entity/Q123925893,2
http://www.wikidata.org/entity/Q123925898,2
http://www.wikidata.org/entity/Q123925896,2
http://www.wikidata.org/entity/Q123925897,2
http://www.wikidata.org/entity/Q123934448,2
http://www.wikidata.org/entity/Q127691539,1
http://www.wikidata.org/entity/Q127691542,1
http://www.wikidata.org/entity/Q127691543,1
http://www.wikidata.org/entity/Q127691540,1
http://www.wikidata.org/entity/Q127691541,1
http://www.wikidata.org/entity/Q127691546,1
http://www.wikidata.org/entity/Q127691547,1
http://www.wikidata.org/entity/Q127691544,1
http://www.wikidata.org/entity/Q127691545,1
http://www.wikidata.org/entity/Q127691550,1
http://www.wikidata.org/entity/Q127691551,1
http://www.wikidata.org/entity/Q127691548,1
http://www.wikidata.org/entity/Q127691549,1
http://www.wikidata.org/entity/Q59096082,1
http://www.wikidata.org/entity/Q59096086,1
http://www.wikidata.org/entity/Q59096084,1
http://www.wikidata.org/entity/Q59096085,1
http://www.wikidata.org/entity/Q59096090,1
http://www.wikidata.org/entity/Q59096088,1
http://www.wikidata.org/entity/Q59096089,1
http://www.wikidata.org/entity/Q59096094,1
http://www.wikidata.org/entity/Q59096092,1
http://www.wikidata.org/entity/Q59096093,1
http://www.wikidata.org/entity/Q59137259,1
http://www.wikidata.org/entity/Q59137262,1
http://www.wikidata.org/entity/Q59137260,1
http://www.wikidata.org/entity/Q59137261,1
http://www.wikidata.org/entity/Q59137266,1
http://www.wikidata.org/entity/Q59137267,1
http://www.wikidata.org/entity/Q59137264,1
http://www.wikidata.org/entity/Q59137270,1
http://www.wikidata.org/entity/Q59137268,1
http://www.wikidata.org/entity/Q59137272,1
http://www.wikidata.org/entity/Q59154963,2
http://www.wikidata.org/entity/Q59154966,2
http://www.wikidata.org/entity/Q59154967,2
http://www.wikidata.org/entity/Q59154964,2
http://www.wikidata.org/entity/Q59154965,2
http://www.wikidata.org/entity/Q59154971,2
http://www.wikidata.org/entity/Q59154968,2
http://www.wikidata.org/entity/Q59154969,2
http://www.wikidata.org/entity/Q61776076,2
http://www.wikidata.org/entity/Q61776080,2
http://www.wikidata.org/entity/Q61776462,1
http://www.wikidata.org/entity/Q61776467,1
http://www.wikidata.org/entity/Q61776464,1
http://www.wikidata.org/entity/Q61776468,1
http://www.wikidata.org/entity/Q61776469,1
http://www.wikidata.org/entity/Q58773243,1
http://www.wikidata.org/entity/Q58773247,1
http://www.wikidata.org/entity/Q58773245,1
http://www.wikidata.org/entity/Q58773251,1
http://www.wikidata.org/entity/Q58773249,1
http://www.wikidata.org/entity/Q58773254,1
http://www.wikidata.org/entity/Q58773253,1
http://www.wikidata.org/entity/Q58773258,1
http://www.wikidata.org/entity/Q58773260,1
http://www.wikidata.org/entity/Q58773261,1
http://www.wikidata.org/entity/Q58773267,1
http://www.wikidata.org/entity/Q58773264,1
http://www.wikidata.org/entity/Q58826209,1
http://www.wikidata.org/entity/Q58953729,2
http://www.wikidata.org/entity/Q58953763,2
http://www.wikidata.org/entity/Q58953796,2
http://www.wikidata.org/entity/Q58953832,2
http://www.wikidata.org/entity/Q58953868,2
http://www.wikidata.org/entity/Q58953902,2
http://www.wikidata.org/entity/Q58953937,2
http://www.wikidata.org/entity/Q58953970,2
http://www.wikidata.org/entity/Q58954003,2
http://www.wikidata.org/entity/Q58954040,2
http://www.wikidata.org/entity/Q58954077,2
http://www.wikidata.org/entity/Q58954115,2
http://www.wikidata.org/entity/Q58954151,2
http://www.wikidata.org/entity/Q58954188,2
http://www.wikidata.org/entity/Q58954224,2
http://www.wikidata.org/entity/Q59096078,1
http://www.wikidata.org/entity/Q59096076,1
http://www.wikidata.org/entity/Q59096077,1
http://www.wikidata.org/entity/Q59096080,1
http://www.wikidata.org/entity/Q59096081,1
http://www.wikidata.org/entity/Q111582712,
http://www.wikidata.org/entity/Q128621605,
http://www.wikidata.org/entity/Q128624468,
http://www.wikidata.org/entity/Q128624478,
http://www.wikidata.org/entity/Q128624477,
http://www.wikidata.org/entity/Q128624483,
http://www.wikidata.org/entity/Q135335923,
http://www.wikidata.org/entity/Q135399934,
http://www.wikidata.org/entity/Q135409624,
http://www.wikidata.org/entity/Q136723350,
http://www.wikidata.org/entity/Q103949219,1
http://www.wikidata.org/entity/Q103949227,1
http://www.wikidata.org/entity/Q103949230,1
http://www.wikidata.org/entity/Q103949237,1
http://www.wikidata.org/entity/Q103949242,1
http://www.wikidata.org/entity/Q103949234,2
http://www.wikidata.org/entity/Q103949253,1
http://www.wikidata.org/entity/Q103949248,2
http://www.wikidata.org/entity/Q103949258,2
http://www.wikidata.org/entity/Q103949266,2
http://www.wikidata.org/entity/Q103949269,2
http://www.wikidata.org/entity/Q103949274,2
http://www.wikidata.org/entity/Q103949290,1
http://www.wikidata.org/entity/Q103949282,2
http://www.wikidata.org/entity/Q103949284,2
http://www.wikidata.org/entity/Q103949342,1
http://www.wikidata.org/entity/Q103949351,1
http://www.wikidata.org/entity/Q103949355,1
http://www.wikidata.org/entity/Q103949362,1
http://www.wikidata.org/entity/Q103949360,1
http://www.wikidata.org/entity/Q103949369,1
http://www.wikidata.org/entity/Q103949373,1
http://www.wikidata.org/entity/Q103949365,2
http://www.wikidata.org/entity/Q103949377,1
http://www.wikidata.org/entity/Q103949382,1
http://www.wikidata.org/entity/Q103949385,2
http://www.wikidata.org/entity/Q103949391,2
http://www.wikidata.org/entity/Q103949397,2
http://www.wikidata.org/entity/Q103949402,2
http://www.wikidata.org/entity/Q103949414,1
http://www.wikidata.org/entity/Q103949412,1
http://www.wikidata.org/entity/Q103949406,2
http://www.wikidata.org/entity/Q103949408,2
http://www.wikidata.org/entity/Q103949425,1
http://www.wikidata.org/entity/Q103949419,2
http://www.wikidata.org/entity/Q103949431,1
http://www.wikidata.org/entity/Q103949428,1
http://www.wikidata.org/entity/Q103949437,1
http://www.wikidata.org/entity/Q103949443,1
http://www.wikidata.org/entity/Q103949445,1
http://www.wikidata.org/entity/Q103949450,1
http://www.wikidata.org/entity/Q103949454,1
http://www.wikidata.org/entity/Q103949460,1
http://www.wikidata.org/entity/Q103949465,2
http://www.wikidata.org/entity/Q103949468,2
http://www.wikidata.org/entity/Q103949472,2
http://www.wikidata.org/entity/Q103949476,2
http://www.wikidata.org/entity/Q103949482,2
http://www.wikidata.org/entity/Q48625754,1
http://www.wikidata.org/entity/Q83612194,1
http://www.wikidata.org/entity/Q103948937,1
http://www.wikidata.org/entity/Q103948932,2
http://www.wikidata.org/entity/Q103948951,1
http://www.wikidata.org/entity/Q103948955,1
http://www.wikidata.org/entity/Q103948941,2
http://www.wikidata.org/entity/Q103948958,1
http://www.wikidata.org/entity/Q103948945,2
http://www.wikidata.org/entity/Q103948950,2
http://www.wikidata.org/entity/Q103948962,1
http://www.wikidata.org/entity/Q103948964,1
http://www.wikidata.org/entity/Q103948970,1
http://www.wikidata.org/entity/Q103948968,1
http://www.wikidata.org/entity/Q103948975,1
http://www.wikidata.org/entity/Q103948977,2
http://www.wikidata.org/entity/Q103948981,2
http://www.wikidata.org/entity/Q103948986,2
http://www.wikidata.org/entity/Q103948989,2
http://www.wikidata.org/entity/Q103948995,2
http://www.wikidata.org/entity/Q103948999,2
http://www.wikidata.org/entity/Q103949004,2
http://www.wikidata.org/entity/Q103949017,1
http://www.wikidata.org/entity/Q103949008,2
http://www.wikidata.org/entity/Q103949027,1
http://www.wikidata.org/entity/Q103949012,2
http://www.wikidata.org/entity/Q103949024,1
http://www.wikidata.org/entity/Q103949016,2
http://www.wikidata.org/entity/Q103949093,1
http://www.wikidata.org/entity/Q103949098,1
http://www.wikidata.org/entity/Q103949103,1
http://www.wikidata.org/entity/Q103949113,1
http://www.wikidata.org/entity/Q103949118,2
http://www.wikidata.org/entity/Q103949123,2
http://www.wikidata.org/entity/Q103949130,2
http://www.wikidata.org/entity/Q103949146,1
http://www.wikidata.org/entity/Q103949137,2
http://www.wikidata.org/entity/Q103949143,2
http://www.wikidata.org/entity/Q103949150,2
http://www.wikidata.org/entity/Q103949156,2
http://www.wikidata.org/entity/Q103949167,2
http://www.wikidata.org/entity/Q103949170,2
http://www.wikidata.org/entity/Q103949183,1
http://www.wikidata.org/entity/Q103949187,1
http://www.wikidata.org/entity/Q103949190,1
http://www.wikidata.org/entity/Q103949176,2
http://www.wikidata.org/entity/Q103949193,1
http://www.wikidata.org/entity/Q103949200,1
http://www.wikidata.org/entity/Q103949206,1
http://www.wikidata.org/entity/Q104381902,
http://www.wikidata.org/entity/Q104381891,1
http://www.wikidata.org/entity/Q104381894,1
http://www.wikidata.org/entity/Q104381895,1
http://www.wikidata.org/entity/Q104381892,1
http://www.wikidata.org/entity/Q104381893,1
http://www.wikidata.org/entity/Q104381898,1
http://www.wikidata.org/entity/Q104381899,1
http://www.wikidata.org/entity/Q104381896,1
http://www.wikidata.org/entity/Q104381897,1
http://www.wikidata.org/entity/Q104381900,1
http://www.wikidata.org/entity/Q104381901,1
http://www.wikidata.org/entity/Q101996668,2
http://www.wikidata.org/entity/Q102115630,2
http://www.wikidata.org/entity/Q102116015,1
http://www.wikidata.org/entity/Q102391509,1
http://www.wikidata.org/entity/Q102391845,1
http://www.wikidata.org/entity/Q102392002,1
http://www.wikidata.org/entity/Q102392285,1
http://www.wikidata.org/entity/Q102392363,1
http://www.wikidata.org/entity/Q102392806,1
http://www.wikidata.org/entity/Q102392889,1
http://www.wikidata.org/entity/Q102393180,1
http://www.wikidata.org/entity/Q102393258,1
http://www.wikidata.org/entity/Q102393556,1
http://www.wikidata.org/entity/Q102393664,1
http://www.wikidata.org/entity/Q102393759,1
http://www.wikidata.org/entity/Q102393947,1
http://www.wikidata.org/entity/Q102393996,1
http://www.wikidata.org/entity/Q102802821,2
http://www.wikidata.org/entity/Q102805155,2
http://www.wikidata.org/entity/Q102808536,2
http://www.wikidata.org/entity/Q102809224,2
http://www.wikidata.org/entity/Q102810332,2
http://www.wikidata.org/entity/Q102821767,2
http://www.wikidata.org/entity/Q102822425,2
http://www.wikidata.org/entity/Q102822617,2
http://www.wikidata.org/entity/Q102822746,2
http://www.wikidata.org/entity/Q102823167,2
http://www.wikidata.org/entity/Q102823781,2
http://www.wikidata.org/entity/Q104057116,3
http://www.wikidata.org/entity/Q104057358,3
http://www.wikidata.org/entity/Q104150702,2
http://www.wikidata.org/entity/Q104150703,2
http://www.wikidata.org/entity/Q104150704,2
http://www.wikidata.org/entity/Q104213403,1
http://www.wikidata.org/entity/Q104213404,1
http://www.wikidata.org/entity/Q104250752,1
http://www.wikidata.org/entity/Q104250758,1
http://www.wikidata.org/entity/Q104250756,1
http://www.wikidata.org/entity/Q104250763,1
http://www.wikidata.org/entity/Q104250761,1
http://www.wikidata.org/entity/Q104250766,1
http://www.wikidata.org/entity/Q104250768,1
http://www.wikidata.org/entity/Q104250769,2
http://www.wikidata.org/entity/Q104250775,2
http://www.wikidata.org/entity/Q104250772,2
http://www.wikidata.org/entity/Q104250773,2
http://www.wikidata.org/entity/Q104250778,2
http://www.wikidata.org/entity/Q104250781,2
http://www.wikidata.org/entity/Q104250786,2
http://www.wikidata.org/entity/Q104250784,2
http://www.wikidata.org/entity/Q104250790,2
http://www.wikidata.org/entity/Q104250788,2
http://www.wikidata.org/entity/Q104250795,3
http://www.wikidata.org/entity/Q104250793,3
http://www.wikidata.org/entity/Q104250798,3
http://www.wikidata.org/entity/Q104381859,1
http://www.wikidata.org/entity/Q104381886,1
http://www.wikidata.org/entity/Q104381887,1
http://www.wikidata.org/entity/Q104381885,1
http://www.wikidata.org/entity/Q104381890,1
http://www.wikidata.org/entity/Q104381888,1
http://www.wikidata.org/entity/Q104381889,1
http://www.wikidata.org/entity/Q104381903,
http://www.wikidata.org/entity/Q107699770,1 (Gennaio - Aprile 2021)
http://www.wikidata.org/entity/Q104381904,1
http://www.wikidata.org/entity/Q104381905,1
http://www.wikidata.org/entity/Q104382458,1
http://www.wikidata.org/entity/Q104382459,1
http://www.wikidata.org/entity/Q104382457,1
http://www.wikidata.org/entity/Q104382462,1
http://www.wikidata.org/entity/Q104382463,1
http://www.wikidata.org/entity/Q104382460,1
http://www.wikidata.org/entity/Q104382466,1
http://www.wikidata.org/entity/Q104382467,1
http://www.wikidata.org/entity/Q104382464,1
http://www.wikidata.org/entity/Q104382465,1
http://www.wikidata.org/entity/Q104382470,1
http://www.wikidata.org/entity/Q104382471,1
http://www.wikidata.org/entity/Q104382468,1
http://www.wikidata.org/entity/Q104382469,1
http://www.wikidata.org/entity/Q104382475,1
http://www.wikidata.org/entity/Q104382472,1
http://www.wikidata.org/entity/Q104382473,1
http://www.wikidata.org/entity/Q104455507,2
http://www.wikidata.org/entity/Q116282238,3
http://www.wikidata.org/entity/Q124344840,2
http://www.wikidata.org/entity/Q125451860,1
http://www.wikidata.org/entity/Q125500024,3
http://www.wikidata.org/entity/Q125959522,1
http://www.wikidata.org/entity/Q128308912,2
http://www.wikidata.org/entity/Q130362547,2
http://www.wikidata.org/entity/Q131438467,1
http://www.wikidata.org/entity/Q131459329,2
http://www.wikidata.org/entity/Q131459633,3
http://www.wikidata.org/entity/Q131502873,3
http://www.wikidata.org/entity/Q131542651,3
http://www.wikidata.org/entity/Q131569299,2
http://www.wikidata.org/entity/Q131606824,3
http://www.wikidata.org/entity/Q131606924,3
http://www.wikidata.org/entity/Q131607096,1
http://www.wikidata.org/entity/Q131682430,2
http://www.wikidata.org/entity/Q131781759,1
http://www.wikidata.org/entity/Q131781771,3
http://www.wikidata.org/entity/Q131781800,3
http://www.wikidata.org/entity/Q131920244,1
http://www.wikidata.org/entity/Q131931300,2
http://www.wikidata.org/entity/Q131932378,2
http://www.wikidata.org/entity/Q131932443,4
http://www.wikidata.org/entity/Q131932403,2/3
http://www.wikidata.org/entity/Q132126758,2
http://www.wikidata.org/entity/Q132127027,3
http://www.wikidata.org/entity/Q132127041,2
http://www.wikidata.org/entity/Q132127110,2
http://www.wikidata.org/entity/Q132127212,1
http://www.wikidata.org/entity/Q132127224,3
http://www.wikidata.org/entity/Q132130690,1
http://www.wikidata.org/entity/Q132130847,1
http://www.wikidata.org/entity/Q132131051,1
http://www.wikidata.org/entity/Q133263063,1
http://www.wikidata.org/entity/Q136379142,3
http://www.wikidata.org/entity/Q136456962,2
http://www.wikidata.org/entity/Q136461995,2
http://www.wikidata.org/entity/Q136462742,1
http://www.wikidata.org/entity/Q136678881,3
http://www.wikidata.org/entity/Q70982360,5
http://www.wikidata.org/entity/Q111582491,
http://www.wikidata.org/entity/Q118971301,
http://www.wikidata.org/entity/Q133757004,
http://www.wikidata.org/entity/Q114674485,2
http://www.wikidata.org/entity/Q126341263,2
http://www.wikidata.org/entity/Q126342482,2
http://www.wikidata.org/entity/Q126343950,2
http://www.wikidata.org/entity/Q126346475,2
http://www.wikidata.org/entity/Q126346523,2
http://www.wikidata.org/entity/Q126348372,2
http://www.wikidata.org/entity/Q126348559,2
http://www.wikidata.org/entity/Q126348563,2
http://www.wikidata.org/entity/Q126348561,2
http://www.wikidata.org/entity/Q126348582,2
http://www.wikidata.org/entity/Q126349087,2
http://www.wikidata.org/entity/Q126349115,2
http://www.wikidata.org/entity/Q126349181,2
http://www.wikidata.org/entity/Q126349443,2
http://www.wikidata.org/entity/Q126349863,2
http://www.wikidata.org/entity/Q126349861,2
http://www.wikidata.org/entity/Q126349864,2
http://www.wikidata.org/entity/Q126349975,2
http://www.wikidata.org/entity/Q126350016,2
http://www.wikidata.org/entity/Q126350572,2
http://www.wikidata.org/entity/Q126353288,2
http://www.wikidata.org/entity/Q126353330,2
http://www.wikidata.org/entity/Q126353715,2
http://www.wikidata.org/entity/Q135225002,
http://www.wikidata.org/entity/Q135399271,
http://www.wikidata.org/entity/Q124343585,
http://www.wikidata.org/entity/Q124343682,10
http://www.wikidata.org/entity/Q124332313,7-8
http://www.wikidata.org/entity/Q124332319,10/11
http://www.wikidata.org/entity/Q124344925,10/11
http://www.wikidata.org/entity/Q136461768,8
http://www.wikidata.org/entity/Q124745218,
http://www.wikidata.org/entity/Q135103335,
http://www.wikidata.org/entity/Q106696225,2
http://www.wikidata.org/entity/Q109659838,1
http://www.wikidata.org/entity/Q109659843,1
http://www.wikidata.org/entity/Q125499879,1
http://www.wikidata.org/entity/Q126034721,4
http://www.wikidata.org/entity/Q126181037,4
http://www.wikidata.org/entity/Q128305871,4
http://www.wikidata.org/entity/Q128694022,3
http://www.wikidata.org/entity/Q128694070,2
http://www.wikidata.org/entity/Q128694069,2
http://www.wikidata.org/entity/Q129813340,2
http://www.wikidata.org/entity/Q129813537,4
http://www.wikidata.org/entity/Q129817115,3
http://www.wikidata.org/entity/Q131437313,3
http://www.wikidata.org/entity/Q131437355,2
http://www.wikidata.org/entity/Q131438401,1
http://www.wikidata.org/entity/Q131460432,1
http://www.wikidata.org/entity/Q131598024,4
http://www.wikidata.org/entity/Q131606988,4
http://www.wikidata.org/entity/Q131542665,1/2
http://www.wikidata.org/entity/Q131869272,3
http://www.wikidata.org/entity/Q131919250,2
http://www.wikidata.org/entity/Q131919303,4
http://www.wikidata.org/entity/Q131931065,1
http://www.wikidata.org/entity/Q131932551,4
http://www.wikidata.org/entity/Q131932568,1
http://www.wikidata.org/entity/Q131932589,3-4
http://www.wikidata.org/entity/Q131919105,3/4
http://www.wikidata.org/entity/Q132130719,1
http://www.wikidata.org/entity/Q132130797,2
http://www.wikidata.org/entity/Q132130942,1
http://www.wikidata.org/entity/Q132167890,4
http://www.wikidata.org/entity/Q132167909,4
http://www.wikidata.org/entity/Q132168073,3
http://www.wikidata.org/entity/Q132130803,1/2
http://www.wikidata.org/entity/Q132130834,1/2
http://www.wikidata.org/entity/Q132130704,3/4
http://www.wikidata.org/entity/Q132540602,2
http://www.wikidata.org/entity/Q133040646,3
http://www.wikidata.org/entity/Q133256774,4
http://www.wikidata.org/entity/Q133256793,1
http://www.wikidata.org/entity/Q133258081,3
http://www.wikidata.org/entity/Q133258102,2
http://www.wikidata.org/entity/Q134963650,1
http://www.wikidata.org/entity/Q134875686,3/4
http://www.wikidata.org/entity/Q135233359,3
http://www.wikidata.org/entity/Q135267481,3
http://www.wikidata.org/entity/Q135271036,4
http://www.wikidata.org/entity/Q135233466,3/4
http://www.wikidata.org/entity/Q136184307,4
http://www.wikidata.org/entity/Q136505174,3/4
http://www.wikidata.org/entity/Q136669593,2
http://www.wikidata.org/entity/Q136728621,2
http://www.wikidata.org/entity/Q136760229,1/2
http://www.wikidata.org/entity/Q137195917,2
http://www.wikidata.org/entity/Q137324314,1
http://www.wikidata.org/entity/Q109622637,
http://www.wikidata.org/entity/Q128588041,
http://www.wikidata.org/entity/Q130401947,
http://www.wikidata.org/entity/Q128591413,7/9
http://www.wikidata.org/entity/Q128306153,2/4
http://www.wikidata.org/entity/Q115901296,2 Suppl. 1
http://www.wikidata.org/entity/Q111732248,
http://www.wikidata.org/entity/Q111732265,
http://www.wikidata.org/entity/Q111747613,
http://www.wikidata.org/entity/Q111758777,
http://www.wikidata.org/entity/Q111758893,
http://www.wikidata.org/entity/Q111782051,
http://www.wikidata.org/entity/Q111732055,3
http://www.wikidata.org/entity/Q113485970,3
http://www.wikidata.org/entity/Q113643582,2
http://www.wikidata.org/entity/Q113643658,2
http://www.wikidata.org/entity/Q115533638,2
http://www.wikidata.org/entity/Q115534269,2
http://www.wikidata.org/entity/Q115534356,2
http://www.wikidata.org/entity/Q115534903,2
http://www.wikidata.org/entity/Q115534992,2
http://www.wikidata.org/entity/Q115535068,2
http://www.wikidata.org/entity/Q115536188,2
http://www.wikidata.org/entity/Q115536223,2
http://www.wikidata.org/entity/Q117032180,3
http://www.wikidata.org/entity/Q117032732,3
http://www.wikidata.org/entity/Q117033064,3
http://www.wikidata.org/entity/Q117033227,3
http://www.wikidata.org/entity/Q117033440,3
http://www.wikidata.org/entity/Q117034524,3
http://www.wikidata.org/entity/Q117034594,3
http://www.wikidata.org/entity/Q111522931,
http://www.wikidata.org/entity/Q134822033,1
http://www.wikidata.org/entity/Q134822634,1
http://www.wikidata.org/entity/Q134822870,1
http://www.wikidata.org/entity/Q134963409,1
http://www.wikidata.org/entity/Q134963419,1
http://www.wikidata.org/entity/Q135180935,1
http://www.wikidata.org/entity/Q135180964,1
http://www.wikidata.org/entity/Q135181011,1
http://www.wikidata.org/entity/Q135181035,1
http://www.wikidata.org/entity/Q135181072,1
http://www.wikidata.org/entity/Q135181110,1
http://www.wikidata.org/entity/Q136657990,2
http://www.wikidata.org/entity/Q136658092,2
http://www.wikidata.org/entity/Q136658118,2
http://www.wikidata.org/entity/Q136658143,2
http://www.wikidata.org/entity/Q136658175,2
http://www.wikidata.org/entity/Q136658306,2
http://www.wikidata.org/entity/Q136658342,2
http://www.wikidata.org/entity/Q136658554,2
http://www.wikidata.org/entity/Q136658604,2
http://www.wikidata.org/entity/Q136665816,2
http://www.wikidata.org/entity/Q136666002,2
http://www.wikidata.org/entity/Q136666236,2
http://www.wikidata.org/entity/Q136666494,2
http://www.wikidata.org/entity/Q136666796,2
http://www.wikidata.org/entity/Q136667091,2
http://www.wikidata.org/entity/Q111088376,2
http://www.wikidata.org/entity/Q111163090,2
http://www.wikidata.org/entity/Q111191307,2
http://www.wikidata.org/entity/Q111232946,2
http://www.wikidata.org/entity/Q111235775,2
http://www.wikidata.org/entity/Q111244430,2
http://www.wikidata.org/entity/Q111248680,1
http://www.wikidata.org/entity/Q111248972,1
http://www.wikidata.org/entity/Q111281871,3
http://www.wikidata.org/entity/Q111282815,3
http://www.wikidata.org/entity/Q111283250,1
http://www.wikidata.org/entity/Q111283475,1
http://www.wikidata.org/entity/Q111284671,1
http://www.wikidata.org/entity/Q111317641,3
http://www.wikidata.org/entity/Q111333696,3
http://www.wikidata.org/entity/Q111333860,3
http://www.wikidata.org/entity/Q111339952,3
http://www.wikidata.org/entity/Q111340032,3
http://www.wikidata.org/entity/Q111342753,1
http://www.wikidata.org/entity/Q111576588,3
http://www.wikidata.org/entity/Q111577180,3
http://www.wikidata.org/entity/Q111577447,3
http://www.wikidata.org/entity/Q111577696,3
http://www.wikidata.org/entity/Q111595862,3
http://www.wikidata.org/entity/Q111596675,3
http://www.wikidata.org/entity/Q111658930,2
http://www.wikidata.org/entity/Q111673977,2
http://www.wikidata.org/entity/Q111963092,3
http://www.wikidata.org/entity/Q111963613,3
http://www.wikidata.org/entity/Q112054439,1
http://www.wikidata.org/entity/Q112072975,1
http://www.wikidata.org/entity/Q112073050,1
http://www.wikidata.org/entity/Q112116478,1
http://www.wikidata.org/entity/Q112116606,1
http://www.wikidata.org/entity/Q112651011,3
http://www.wikidata.org/entity/Q112652180,3
http://www.wikidata.org/entity/Q112650918,1-2
http://www.wikidata.org/entity/Q112672921,3
http://www.wikidata.org/entity/Q112672997,3
http://www.wikidata.org/entity/Q112673120,3
http://www.wikidata.org/entity/Q112673173,3
http://www.wikidata.org/entity/Q112894265,1
http://www.wikidata.org/entity/Q112913735,1
http://www.wikidata.org/entity/Q112913794,1
http://www.wikidata.org/entity/Q113101630,1
http://www.wikidata.org/entity/Q113101741,1
http://www.wikidata.org/entity/Q113101849,1
http://www.wikidata.org/entity/Q113101914,1
http://www.wikidata.org/entity/Q113331815,1
http://www.wikidata.org/entity/Q113333289,1
http://www.wikidata.org/entity/Q113334524,1
http://www.wikidata.org/entity/Q113334738,1
http://www.wikidata.org/entity/Q113374946,1
http://www.wikidata.org/entity/Q113375815,1
http://www.wikidata.org/entity/Q113383293,1
http://www.wikidata.org/entity/Q113383318,1
http://www.wikidata.org/entity/Q113402027,3
http://www.wikidata.org/entity/Q113402360,3
http://www.wikidata.org/entity/Q113435090,1
http://www.wikidata.org/entity/Q113435137,1
http://www.wikidata.org/entity/Q113435232,1
http://www.wikidata.org/entity/Q113436725,1
http://www.wikidata.org/entity/Q113436807,2
http://www.wikidata.org/entity/Q113436974,2
http://www.wikidata.org/entity/Q113437039,2
http://www.wikidata.org/entity/Q113437122,2
http://www.wikidata.org/entity/Q113469465,2
http://www.wikidata.org/entity/Q113470106,1-2
http://www.wikidata.org/entity/Q113470152,1-2
http://www.wikidata.org/entity/Q113470241,1-2
http://www.wikidata.org/entity/Q113470395,1-2
http://www.wikidata.org/entity/Q113485018,1
http://www.wikidata.org/entity/Q113485151,1
http://www.wikidata.org/entity/Q113485313,1
http://www.wikidata.org/entity/Q113485704,3
http://www.wikidata.org/entity/Q113485957,1
http://www.wikidata.org/entity/Q113376086,2-3
http://www.wikidata.org/entity/Q113376157,2-3
http://www.wikidata.org/entity/Q113382868,2-3
http://www.wikidata.org/entity/Q113383097,2-3
http://www.wikidata.org/entity/Q113383218,2-3
http://www.wikidata.org/entity/Q113383238,2-3
http://www.wikidata.org/entity/Q130529660,
http://www.wikidata.org/entity/Q118814003,1
http://www.wikidata.org/entity/Q118867455,1
http://www.wikidata.org/entity/Q118867779,1
http://www.wikidata.org/entity/Q118945524,1
http://www.wikidata.org/entity/Q119133062,1
http://www.wikidata.org/entity/Q119137591,1
http://www.wikidata.org/entity/Q119137740,1
http://www.wikidata.org/entity/Q119138814,1
http://www.wikidata.org/entity/Q123172724,2
http://www.wikidata.org/entity/Q123172848,2
http://www.wikidata.org/entity/Q123173029,2
http://www.wikidata.org/entity/Q123173160,2
http://www.wikidata.org/entity/Q123179841,2
http://www.wikidata.org/entity/Q123180026,2
http://www.wikidata.org/entity/Q123180254,2
http://www.wikidata.org/entity/Q123180300,2
http://www.wikidata.org/entity/Q123180417,2
http://www.wikidata.org/entity/Q123180448,2
http://www.wikidata.org/entity/Q124619281,3
http://www.wikidata.org/entity/Q124619337,3
http://www.wikidata.org/entity/Q124619373,3
http://www.wikidata.org/entity/Q124621840,3
http://www.wikidata.org/entity/Q124621865,3
http://www.wikidata.org/entity/Q124621893,3
http://www.wikidata.org/entity/Q124621904,3
http://www.wikidata.org/entity/Q124621917,3
http://www.wikidata.org/entity/Q124621931,3
http://www.wikidata.org/entity/Q124694790,3
http://www.wikidata.org/entity/Q126361432,1
http://www.wikidata.org/entity/Q126361695,1
http://www.wikidata.org/entity/Q126362005,1
http://www.wikidata.org/entity/Q126372110,1
http://www.wikidata.org/entity/Q126372153,1
http://www.wikidata.org/entity/Q126372598,1
http://www.wikidata.org/entity/Q126532186,1
http://www.wikidata.org/entity/Q130477850,2
http://www.wikidata.org/entity/Q130529432,2
http://www.wikidata.org/entity/Q130529479,2
http://www.wikidata.org/entity/Q130529510,2
http://www.wikidata.org/entity/Q130529640,2
http://www.wikidata.org/entity/Q130529702,2
http://www.wikidata.org/entity/Q131925517,3
http://www.wikidata.org/entity/Q131925554,3
http://www.wikidata.org/entity/Q131925592,3
http://www.wikidata.org/entity/Q131925629,3
http://www.wikidata.org/entity/Q131925643,3
http://www.wikidata.org/entity/Q131925664,3
http://www.wikidata.org/entity/Q131925686,3
http://www.wikidata.org/entity/Q130429194,
http://www.wikidata.org/entity/Q130472961,
http://www.wikidata.org/entity/Q130473043,
http://www.wikidata.org/entity/Q115342412,1
http://www.wikidata.org/entity/Q130427991,
http://www.wikidata.org/entity/Q130680698,
http://www.wikidata.org/entity/Q135165055,
http://www.wikidata.org/entity/Q118367937,
http://www.wikidata.org/entity/Q128624475,2
http://www.wikidata.org/entity/Q124343474,10
http://www.wikidata.org/entity/Q125731008,2
http://www.wikidata.org/entity/Q128308921,4
http://www.wikidata.org/entity/Q128694073,4
http://www.wikidata.org/entity/Q131389397,2
http://www.wikidata.org/entity/Q131542502,1
http://www.wikidata.org/entity/Q131626777,1
http://www.wikidata.org/entity/Q131506079,3/4
http://www.wikidata.org/entity/Q131682115,2
http://www.wikidata.org/entity/Q131682397,3
http://www.wikidata.org/entity/Q131869204,1
http://www.wikidata.org/entity/Q131869976,1
http://www.wikidata.org/entity/Q131931058,2
http://www.wikidata.org/entity/Q133278195,3
http://www.wikidata.org/entity/Q135267376,2
http://www.wikidata.org/entity/Q135178782,3/4
http://www.wikidata.org/entity/Q136716018,1
http://www.wikidata.org/entity/Q137392147,1
http://www.wikidata.org/entity/Q126722512,
http://www.wikidata.org/entity/Q127043392,1
http://www.wikidata.org/entity/Q127043422,1
http://www.wikidata.org/entity/Q127043447,1
http://www.wikidata.org/entity/Q131389375,1
http://www.wikidata.org/entity/Q136399640,2
http://www.wikidata.org/entity/Q136445293,3
http://www.wikidata.org/entity/Q128624466,
http://www.wikidata.org/entity/Q128624472,
http://www.wikidata.org/entity/Q130402154,
http://www.wikidata.org/entity/Q129814967,2 / 24
http://www.wikidata.org/entity/Q129815743,2 / 24
http://www.wikidata.org/entity/Q129816282,2 / 24
http://www.wikidata.org/entity/Q130638618,
http://www.wikidata.org/entity/Q130650495,
http://www.wikidata.org/entity/Q130655979,
http://www.wikidata.org/entity/Q130292560,
http://www.wikidata.org/entity/Q130292910,
http://www.wikidata.org/entity/Q135391256,
http://www.wikidata.org/entity/Q135494039,
http://www.wikidata.org/entity/Q130401900,3
http://www.wikidata.org/entity/Q131625443,
http://www.wikidata.org/entity/Q133297020,
http://www.wikidata.org/entity/Q133297032,
http://www.wikidata.org/entity/Q133297580,
http://www.wikidata.org/entity/Q135116138,
http://www.wikidata.org/entity/Q135233418,
http://www.wikidata.org/entity/Q135792920,
http://www.wikidata.org/entity/Q136539563,
http://www.wikidata.org/entity/Q136593329,
http://www.wikidata.org/entity/Q131625829,9
http://www.wikidata.org/entity/Q135435931,
http://www.wikidata.org/entity/Q135435961,
http://www.wikidata.org/entity/Q134887636,
http://www.wikidata.org/entity/Q134889535,
http://www.wikidata.org/entity/Q134889693,
http://www.wikidata.org/entity/Q134889718,
http://www.wikidata.org/entity/Q134889955,
http://www.wikidata.org/entity/Q135011215,
http://www.wikidata.org/entity/Q137392384,
http://www.wikidata.org/entity/Q135011297,inserto
http://www.wikidata.org/entity/Q136757914,23
http://www.wikidata.org/entity/Q136759830,8
http://www.wikidata.org/entity/Q136760020,13
http://www.wikidata.org/entity/Q136759809,19
http://www.wikidata.org/entity/Q136760137,9
http://www.wikidata.org/entity/Q137393272,47
