id,volume
http://www.wikidata.org/entity/Q136384321,135
http://www.wikidata.org/entity/Q136384538,117
http://www.wikidata.org/entity/Q128621600,130
http://www.wikidata.org/entity/Q137368051,
http://www.wikidata.org/entity/Q111782067,132
http://www.wikidata.org/entity/Q128306149,92
http://www.wikidata.org/entity/Q33144512,37
http://www.wikidata.org/entity/Q33144721,17
http://www.wikidata.org/entity/Q128694025,serie 3a 40
http://www.wikidata.org/entity/Q111747586,58
http://www.wikidata.org/entity/Q102503100,60
http://www.wikidata.org/entity/Q103896945,52
http://www.wikidata.org/entity/Q103896950,52
http://www.wikidata.org/entity/Q103896948,52
http://www.wikidata.org/entity/Q103896949,52
http://www.wikidata.org/entity/Q103896952,52
http://www.wikidata.org/entity/Q103899574,60
http://www.wikidata.org/entity/Q103899584,60
http://www.wikidata.org/entity/Q103899585,60
http://www.wikidata.org/entity/Q103899590,60
http://www.wikidata.org/entity/Q103899591,60
http://www.wikidata.org/entity/Q103899589,60
http://www.wikidata.org/entity/Q103899592,60
http://www.wikidata.org/entity/Q103899593,60
http://www.wikidata.org/entity/Q103899598,60
http://www.wikidata.org/entity/Q103899599,60
http://www.wikidata.org/entity/Q103899596,60
http://www.wikidata.org/entity/Q103899597,60
http://www.wikidata.org/entity/Q103899601,60
http://www.wikidata.org/entity/Q103899606,60
http://www.wikidata.org/entity/Q103899607,60
http://www.wikidata.org/entity/Q103899604,60
http://www.wikidata.org/entity/Q103899605,60
http://www.wikidata.org/entity/Q103899610,60
http://www.wikidata.org/entity/Q103899609,60
http://www.wikidata.org/entity/Q103899614,60
http://www.wikidata.org/entity/Q103899613,60
http://www.wikidata.org/entity/Q103901278,54
http://www.wikidata.org/entity/Q103901283,53
http://www.wikidata.org/entity/Q103901280,53
http://www.wikidata.org/entity/Q103901290,54
http://www.wikidata.org/entity/Q103901289,54
http://www.wikidata.org/entity/Q103901292,54
http://www.wikidata.org/entity/Q103901299,54
http://www.wikidata.org/entity/Q103901296,53
http://www.wikidata.org/entity/Q103901302,53
http://www.wikidata.org/entity/Q103901301,53
http://www.wikidata.org/entity/Q103901304,53
http://www.wikidata.org/entity/Q103901310,54
http://www.wikidata.org/entity/Q103901308,53
http://www.wikidata.org/entity/Q103901314,54
http://www.wikidata.org/entity/Q103901316,54
http://www.wikidata.org/entity/Q103901322,53
http://www.wikidata.org/entity/Q103901321,53
http://www.wikidata.org/entity/Q36464134,22
http://www.wikidata.org/entity/Q36464142,22
http://www.wikidata.org/entity/Q36464146,22
http://www.wikidata.org/entity/Q36484095,22
http://www.wikidata.org/entity/Q36484102,22
http://www.wikidata.org/entity/Q36484107,22
http://www.wikidata.org/entity/Q36484116,22
http://www.wikidata.org/entity/Q36484122,22
http://www.wikidata.org/entity/Q36484126,22
http://www.wikidata.org/entity/Q36484132,22
http://www.wikidata.org/entity/Q36484137,22
http://www.wikidata.org/entity/Q36484143,22
http://www.wikidata.org/entity/Q36484148,22
http://www.wikidata.org/entity/Q36484157,22
http://www.wikidata.org/entity/Q36484160,22
http://www.wikidata.org/entity/Q36484165,22
http://www.wikidata.org/entity/Q36484169,22
http://www.wikidata.org/entity/Q36484173,22
http://www.wikidata.org/entity/Q36484177,22
http://www.wikidata.org/entity/Q36484182,22
http://www.wikidata.org/entity/Q36484194,22
http://www.wikidata.org/entity/Q36484198,22
http://www.wikidata.org/entity/Q36484219,22
http://www.wikidata.org/entity/Q103901324,54
http://www.wikidata.org/entity/Q103915809,55
http://www.wikidata.org/entity/Q103915814,55
http://www.wikidata.org/entity/Q103915812,55
http://www.wikidata.org/entity/Q103915818,55
http://www.wikidata.org/entity/Q103915819,55
http://www.wikidata.org/entity/Q103915822,55
http://www.wikidata.org/entity/Q103915827,55
http://www.wikidata.org/entity/Q103915824,55
http://www.wikidata.org/entity/Q103915831,55
http://www.wikidata.org/entity/Q103915835,55
http://www.wikidata.org/entity/Q103915833,55
http://www.wikidata.org/entity/Q103915839,55
http://www.wikidata.org/entity/Q103915836,55
http://www.wikidata.org/entity/Q103915843,55
http://www.wikidata.org/entity/Q103915841,55
http://www.wikidata.org/entity/Q103915866,56
http://www.wikidata.org/entity/Q103915864,56
http://www.wikidata.org/entity/Q103915869,56
http://www.wikidata.org/entity/Q103915875,56
http://www.wikidata.org/entity/Q103915873,56
http://www.wikidata.org/entity/Q103919346,52
http://www.wikidata.org/entity/Q103919351,52
http://www.wikidata.org/entity/Q103919348,52
http://www.wikidata.org/entity/Q103919353,52
http://www.wikidata.org/entity/Q103919359,52
http://www.wikidata.org/entity/Q103919357,52
http://www.wikidata.org/entity/Q103919362,52
http://www.wikidata.org/entity/Q103919366,53
http://www.wikidata.org/entity/Q103919364,53
http://www.wikidata.org/entity/Q103919369,53
http://www.wikidata.org/entity/Q103919372,53
http://www.wikidata.org/entity/Q103919378,53
http://www.wikidata.org/entity/Q103919376,53
http://www.wikidata.org/entity/Q103919382,52
http://www.wikidata.org/entity/Q103919380,53
http://www.wikidata.org/entity/Q103919385,52
http://www.wikidata.org/entity/Q103919389,52
http://www.wikidata.org/entity/Q103919394,52
http://www.wikidata.org/entity/Q103919396,52
http://www.wikidata.org/entity/Q103919620,54
http://www.wikidata.org/entity/Q103919627,54
http://www.wikidata.org/entity/Q103919625,54
http://www.wikidata.org/entity/Q103919629,54
http://www.wikidata.org/entity/Q103919635,54
http://www.wikidata.org/entity/Q103919632,54
http://www.wikidata.org/entity/Q103919633,54
http://www.wikidata.org/entity/Q103919639,54
http://www.wikidata.org/entity/Q103919643,54
http://www.wikidata.org/entity/Q103919646,54
http://www.wikidata.org/entity/Q137017524,63
http://www.wikidata.org/entity/Q137104650,63
http://www.wikidata.org/entity/Q137104651,63
http://www.wikidata.org/entity/Q137104648,63
http://www.wikidata.org/entity/Q103919894,55
http://www.wikidata.org/entity/Q103919979,55
http://www.wikidata.org/entity/Q103919982,55
http://www.wikidata.org/entity/Q103919987,55
http://www.wikidata.org/entity/Q103919985,55
http://www.wikidata.org/entity/Q103919990,55
http://www.wikidata.org/entity/Q103919994,55
http://www.wikidata.org/entity/Q103919999,55
http://www.wikidata.org/entity/Q103920001,55
http://www.wikidata.org/entity/Q103920007,55
http://www.wikidata.org/entity/Q103920009,55
http://www.wikidata.org/entity/Q103920012,55
http://www.wikidata.org/entity/Q103920016,55
http://www.wikidata.org/entity/Q103919715,56
http://www.wikidata.org/entity/Q103919718,56
http://www.wikidata.org/entity/Q103919722,56
http://www.wikidata.org/entity/Q103919720,56
http://www.wikidata.org/entity/Q103919727,56
http://www.wikidata.org/entity/Q103919724,56
http://www.wikidata.org/entity/Q103919730,56
http://www.wikidata.org/entity/Q103919735,56
http://www.wikidata.org/entity/Q103919732,56
http://www.wikidata.org/entity/Q103919738,56
http://www.wikidata.org/entity/Q103919742,56
http://www.wikidata.org/entity/Q103919650,54
http://www.wikidata.org/entity/Q103919654,54
http://www.wikidata.org/entity/Q103919652,54
http://www.wikidata.org/entity/Q103919658,54
http://www.wikidata.org/entity/Q105491102,60
http://www.wikidata.org/entity/Q105491103,60
http://www.wikidata.org/entity/Q105491101,60
http://www.wikidata.org/entity/Q105491106,60
http://www.wikidata.org/entity/Q105491107,60
http://www.wikidata.org/entity/Q105491104,60
http://www.wikidata.org/entity/Q105491105,60
http://www.wikidata.org/entity/Q105491110,60
http://www.wikidata.org/entity/Q105491108,60
http://www.wikidata.org/entity/Q105491109,60
http://www.wikidata.org/entity/Q105491114,60
http://www.wikidata.org/entity/Q105491112,60
http://www.wikidata.org/entity/Q105491113,60
http://www.wikidata.org/entity/Q109947957,52
http://www.wikidata.org/entity/Q111395751,61
http://www.wikidata.org/entity/Q111395752,61
http://www.wikidata.org/entity/Q111395753,61
http://www.wikidata.org/entity/Q111395758,61
http://www.wikidata.org/entity/Q111395759,61
http://www.wikidata.org/entity/Q111395756,61
http://www.wikidata.org/entity/Q111395757,61
http://www.wikidata.org/entity/Q111395762,61
http://www.wikidata.org/entity/Q111395763,61
http://www.wikidata.org/entity/Q111395760,61
http://www.wikidata.org/entity/Q111395761,61
http://www.wikidata.org/entity/Q111395764,61
http://www.wikidata.org/entity/Q111395765,61
http://www.wikidata.org/entity/Q111431563,61
http://www.wikidata.org/entity/Q111431564,61
http://www.wikidata.org/entity/Q103915895,56
http://www.wikidata.org/entity/Q103915898,56
http://www.wikidata.org/entity/Q103918270,58
http://www.wikidata.org/entity/Q103918272,58
http://www.wikidata.org/entity/Q103918273,58
http://www.wikidata.org/entity/Q103918279,58
http://www.wikidata.org/entity/Q103918276,58
http://www.wikidata.org/entity/Q103918326,57
http://www.wikidata.org/entity/Q103918330,57
http://www.wikidata.org/entity/Q103918328,57
http://www.wikidata.org/entity/Q103918333,57
http://www.wikidata.org/entity/Q103918338,57
http://www.wikidata.org/entity/Q103918339,57
http://www.wikidata.org/entity/Q103918336,57
http://www.wikidata.org/entity/Q103918341,57
http://www.wikidata.org/entity/Q103918347,57
http://www.wikidata.org/entity/Q103918344,57
http://www.wikidata.org/entity/Q103918350,57
http://www.wikidata.org/entity/Q103918353,57
http://www.wikidata.org/entity/Q103918358,57
http://www.wikidata.org/entity/Q103918356,57
http://www.wikidata.org/entity/Q103918363,57
http://www.wikidata.org/entity/Q103918361,57
http://www.wikidata.org/entity/Q103918366,57
http://www.wikidata.org/entity/Q103918370,57
http://www.wikidata.org/entity/Q103918368,57
http://www.wikidata.org/entity/Q103918375,57
http://www.wikidata.org/entity/Q103918373,57
http://www.wikidata.org/entity/Q103918377,57
http://www.wikidata.org/entity/Q103919289,53
http://www.wikidata.org/entity/Q103919294,53
http://www.wikidata.org/entity/Q103919299,53
http://www.wikidata.org/entity/Q103919296,53
http://www.wikidata.org/entity/Q103919303,53
http://www.wikidata.org/entity/Q103919301,52
http://www.wikidata.org/entity/Q103919307,53
http://www.wikidata.org/entity/Q103919305,53
http://www.wikidata.org/entity/Q103919309,53
http://www.wikidata.org/entity/Q103919315,53
http://www.wikidata.org/entity/Q103919312,52
http://www.wikidata.org/entity/Q103919318,53
http://www.wikidata.org/entity/Q103919323,53
http://www.wikidata.org/entity/Q103919320,53
http://www.wikidata.org/entity/Q103919326,53
http://www.wikidata.org/entity/Q103919328,52
http://www.wikidata.org/entity/Q103915903,56
http://www.wikidata.org/entity/Q103915900,56
http://www.wikidata.org/entity/Q103915907,56
http://www.wikidata.org/entity/Q103918125,59
http://www.wikidata.org/entity/Q103918128,59
http://www.wikidata.org/entity/Q103918134,59
http://www.wikidata.org/entity/Q103918132,59
http://www.wikidata.org/entity/Q103918138,59
http://www.wikidata.org/entity/Q103918139,59
http://www.wikidata.org/entity/Q103918136,59
http://www.wikidata.org/entity/Q103918142,59
http://www.wikidata.org/entity/Q103918144,59
http://www.wikidata.org/entity/Q103918150,59
http://www.wikidata.org/entity/Q103918148,59
http://www.wikidata.org/entity/Q103918152,59
http://www.wikidata.org/entity/Q103918156,59
http://www.wikidata.org/entity/Q103918163,59
http://www.wikidata.org/entity/Q103918160,59
http://www.wikidata.org/entity/Q103918164,59
http://www.wikidata.org/entity/Q103918168,59
http://www.wikidata.org/entity/Q103918169,59
http://www.wikidata.org/entity/Q103918174,59
http://www.wikidata.org/entity/Q103918172,59
http://www.wikidata.org/entity/Q103918178,59
http://www.wikidata.org/entity/Q103918180,59
http://www.wikidata.org/entity/Q103918211,58
http://www.wikidata.org/entity/Q103918215,58
http://www.wikidata.org/entity/Q103918217,58
http://www.wikidata.org/entity/Q103918222,58
http://www.wikidata.org/entity/Q103918220,58
http://www.wikidata.org/entity/Q103918227,58
http://www.wikidata.org/entity/Q103918224,58
http://www.wikidata.org/entity/Q103918230,58
http://www.wikidata.org/entity/Q103918234,58
http://www.wikidata.org/entity/Q103918232,58
http://www.wikidata.org/entity/Q103918238,58
http://www.wikidata.org/entity/Q103918236,58
http://www.wikidata.org/entity/Q103918242,58
http://www.wikidata.org/entity/Q103918240,58
http://www.wikidata.org/entity/Q103918246,58
http://www.wikidata.org/entity/Q103918244,58
http://www.wikidata.org/entity/Q103918251,58
http://www.wikidata.org/entity/Q103918249,58
http://www.wikidata.org/entity/Q103918253,58
http://www.wikidata.org/entity/Q103918258,58
http://www.wikidata.org/entity/Q103918256,58
http://www.wikidata.org/entity/Q103918260,58
http://www.wikidata.org/entity/Q103918266,58
http://www.wikidata.org/entity/Q103918264,58
http://www.wikidata.org/entity/Q103918268,58
http://www.wikidata.org/entity/Q56736038,52
http://www.wikidata.org/entity/Q59388175,57
http://www.wikidata.org/entity/Q59388178,57
http://www.wikidata.org/entity/Q59388179,57
http://www.wikidata.org/entity/Q59388176,57
http://www.wikidata.org/entity/Q59388177,57
http://www.wikidata.org/entity/Q59388182,57
http://www.wikidata.org/entity/Q59388183,57
http://www.wikidata.org/entity/Q59388180,57
http://www.wikidata.org/entity/Q59388181,57
http://www.wikidata.org/entity/Q59388184,57
http://www.wikidata.org/entity/Q59388185,57
http://www.wikidata.org/entity/Q69559758,57
http://www.wikidata.org/entity/Q69646153,56
http://www.wikidata.org/entity/Q74825992,53
http://www.wikidata.org/entity/Q100741569,52
http://www.wikidata.org/entity/Q111967334,61
http://www.wikidata.org/entity/Q111967335,61
http://www.wikidata.org/entity/Q111967332,61
http://www.wikidata.org/entity/Q111967333,61
http://www.wikidata.org/entity/Q111967338,61
http://www.wikidata.org/entity/Q111967336,61
http://www.wikidata.org/entity/Q111967337,61
http://www.wikidata.org/entity/Q111967342,61
http://www.wikidata.org/entity/Q111967343,61
http://www.wikidata.org/entity/Q111967340,61
http://www.wikidata.org/entity/Q111967341,61
http://www.wikidata.org/entity/Q111967346,61
http://www.wikidata.org/entity/Q111967347,61
http://www.wikidata.org/entity/Q111967344,61
http://www.wikidata.org/entity/Q111967345,61
http://www.wikidata.org/entity/Q111967570,61
http://www.wikidata.org/entity/Q114851255,62
http://www.wikidata.org/entity/Q117428586,62
http://www.wikidata.org/entity/Q117428593,62
http://www.wikidata.org/entity/Q117428678,62
http://www.wikidata.org/entity/Q117428679,62
http://www.wikidata.org/entity/Q117428677,62
http://www.wikidata.org/entity/Q117447410,62
http://www.wikidata.org/entity/Q117447411,62
http://www.wikidata.org/entity/Q117447409,62
http://www.wikidata.org/entity/Q117447506,62
http://www.wikidata.org/entity/Q117447507,62
http://www.wikidata.org/entity/Q117447504,62
http://www.wikidata.org/entity/Q117447505,62
http://www.wikidata.org/entity/Q117447582,62
http://www.wikidata.org/entity/Q117447583,62
http://www.wikidata.org/entity/Q117448463,62
http://www.wikidata.org/entity/Q117448466,62
http://www.wikidata.org/entity/Q117448465,62
http://www.wikidata.org/entity/Q117448470,62
http://www.wikidata.org/entity/Q117448469,62
http://www.wikidata.org/entity/Q117448474,62
http://www.wikidata.org/entity/Q117448475,62
http://www.wikidata.org/entity/Q117448472,62
http://www.wikidata.org/entity/Q117448473,62
http://www.wikidata.org/entity/Q117455594,62
http://www.wikidata.org/entity/Q117455595,62
http://www.wikidata.org/entity/Q117455592,62
http://www.wikidata.org/entity/Q117455593,62
http://www.wikidata.org/entity/Q117455598,62
http://www.wikidata.org/entity/Q117455596,62
http://www.wikidata.org/entity/Q117455597,62
http://www.wikidata.org/entity/Q117455602,62
http://www.wikidata.org/entity/Q117455603,62
http://www.wikidata.org/entity/Q117455600,62
http://www.wikidata.org/entity/Q117455601,62
http://www.wikidata.org/entity/Q117455604,62
http://www.wikidata.org/entity/Q117455605,62
http://www.wikidata.org/entity/Q123110125,63
http://www.wikidata.org/entity/Q137015827,63
http://www.wikidata.org/entity/Q137015830,63
http://www.wikidata.org/entity/Q137015831,63
http://www.wikidata.org/entity/Q137015828,63
http://www.wikidata.org/entity/Q137015829,63
http://www.wikidata.org/entity/Q137017519,63
http://www.wikidata.org/entity/Q137017522,63
http://www.wikidata.org/entity/Q137017523,63
http://www.wikidata.org/entity/Q111967326,61
http://www.wikidata.org/entity/Q111967327,61
http://www.wikidata.org/entity/Q111967330,61
http://www.wikidata.org/entity/Q111967328,61
http://www.wikidata.org/entity/Q111967329,61
http://www.wikidata.org/entity/Q136456633,22
http://www.wikidata.org/entity/Q136593412,22
http://www.wikidata.org/entity/Q136665118,22
http://www.wikidata.org/entity/Q136678249,22
http://www.wikidata.org/entity/Q111431566,61
http://www.wikidata.org/entity/Q111431567,61
http://www.wikidata.org/entity/Q111431565,61
http://www.wikidata.org/entity/Q111431570,61
http://www.wikidata.org/entity/Q111431571,61
http://www.wikidata.org/entity/Q111431568,61
http://www.wikidata.org/entity/Q111431569,61
http://www.wikidata.org/entity/Q111431574,61
http://www.wikidata.org/entity/Q111431573,61
http://www.wikidata.org/entity/Q111431578,61
http://www.wikidata.org/entity/Q111431576,61
http://www.wikidata.org/entity/Q111431577,61
http://www.wikidata.org/entity/Q111967324,61
http://www.wikidata.org/entity/Q111967325,61
http://www.wikidata.org/entity/Q136491214,
http://www.wikidata.org/entity/Q125017954,87
http://www.wikidata.org/entity/Q131469817,30
http://www.wikidata.org/entity/Q136940308,54
http://www.wikidata.org/entity/Q69776340,22
http://www.wikidata.org/entity/Q69776400,22
http://www.wikidata.org/entity/Q69776436,22
http://www.wikidata.org/entity/Q69776444,22
http://www.wikidata.org/entity/Q69776453,22
http://www.wikidata.org/entity/Q134445011,27
http://www.wikidata.org/entity/Q99661235,23
http://www.wikidata.org/entity/Q103915883,56
http://www.wikidata.org/entity/Q103915881,56
http://www.wikidata.org/entity/Q103915887,56
http://www.wikidata.org/entity/Q103915888,56
http://www.wikidata.org/entity/Q103915893,56
http://www.wikidata.org/entity/Q127868956,
http://www.wikidata.org/entity/Q134444975,13
http://www.wikidata.org/entity/Q103919331,52
http://www.wikidata.org/entity/Q103919333,53
http://www.wikidata.org/entity/Q103919339,52
http://www.wikidata.org/entity/Q103919336,53
http://www.wikidata.org/entity/Q103919343,52
http://www.wikidata.org/entity/Q99573989,5
http://www.wikidata.org/entity/Q101086004,
http://www.wikidata.org/entity/Q112913687,6/2010
http://www.wikidata.org/entity/Q112913684,3/2011
http://www.wikidata.org/entity/Q112913673,2011
http://www.wikidata.org/entity/Q112913688,2011
http://www.wikidata.org/entity/Q112913666,1/2008
http://www.wikidata.org/entity/Q112913686,5/2010
http://www.wikidata.org/entity/Q135399994,47
http://www.wikidata.org/entity/Q135442878,54
http://www.wikidata.org/entity/Q107620404,10
http://www.wikidata.org/entity/Q128795587,22
http://www.wikidata.org/entity/Q127598311,
http://www.wikidata.org/entity/Q65594178,46
http://www.wikidata.org/entity/Q77304139,69
http://www.wikidata.org/entity/Q127868932,4a 5
http://www.wikidata.org/entity/Q136399613,serie 3a 16
http://www.wikidata.org/entity/Q134393756,24
http://www.wikidata.org/entity/Q134393758,27
http://www.wikidata.org/entity/Q134393757,27
http://www.wikidata.org/entity/Q134393762,29
http://www.wikidata.org/entity/Q134393763,29
http://www.wikidata.org/entity/Q134393760,27
http://www.wikidata.org/entity/Q134393761,28
http://www.wikidata.org/entity/Q134513679,33
http://www.wikidata.org/entity/Q134513678,31
http://www.wikidata.org/entity/Q134513709,56
http://www.wikidata.org/entity/Q134513674,29
http://www.wikidata.org/entity/Q134513673,29
http://www.wikidata.org/entity/Q134513692,38
http://www.wikidata.org/entity/Q134513697,39
http://www.wikidata.org/entity/Q121298479,112
http://www.wikidata.org/entity/Q121299313,114
http://www.wikidata.org/entity/Q125897612,
http://www.wikidata.org/entity/Q115577742,X
http://www.wikidata.org/entity/Q120702421,24
http://www.wikidata.org/entity/Q131986883,20
http://www.wikidata.org/entity/Q131986985,20
http://www.wikidata.org/entity/Q136661502,18-19
http://www.wikidata.org/entity/Q60713534,
http://www.wikidata.org/entity/Q61056650,
http://www.wikidata.org/entity/Q61057042,
http://www.wikidata.org/entity/Q125913828,59
http://www.wikidata.org/entity/Q111601394,13
http://www.wikidata.org/entity/Q111601392,14
http://www.wikidata.org/entity/Q111601398,14
http://www.wikidata.org/entity/Q111601399,13
http://www.wikidata.org/entity/Q111601396,13
http://www.wikidata.org/entity/Q111601397,14
http://www.wikidata.org/entity/Q111601402,14
http://www.wikidata.org/entity/Q111601401,13
http://www.wikidata.org/entity/Q111601404,14
http://www.wikidata.org/entity/Q111601410,13
http://www.wikidata.org/entity/Q111601411,13
http://www.wikidata.org/entity/Q111601414,13
http://www.wikidata.org/entity/Q111601413,14
http://www.wikidata.org/entity/Q111601423,13
http://www.wikidata.org/entity/Q111602339,12
http://www.wikidata.org/entity/Q111602343,12
http://www.wikidata.org/entity/Q111602340,12
http://www.wikidata.org/entity/Q111602345,12
http://www.wikidata.org/entity/Q111602350,12
http://www.wikidata.org/entity/Q111602354,1
http://www.wikidata.org/entity/Q111602351,12
http://www.wikidata.org/entity/Q111602353,1
http://www.wikidata.org/entity/Q111602358,1
http://www.wikidata.org/entity/Q111602359,1
http://www.wikidata.org/entity/Q111602356,1
http://www.wikidata.org/entity/Q111602357,1
http://www.wikidata.org/entity/Q111602362,2
http://www.wikidata.org/entity/Q111602363,2
http://www.wikidata.org/entity/Q111602360,2
http://www.wikidata.org/entity/Q111602361,2
http://www.wikidata.org/entity/Q111602366,2
http://www.wikidata.org/entity/Q111602367,2
http://www.wikidata.org/entity/Q111602364,2
http://www.wikidata.org/entity/Q111602365,2
http://www.wikidata.org/entity/Q111602368,2
http://www.wikidata.org/entity/Q111602369,2
http://www.wikidata.org/entity/Q111602370,3
http://www.wikidata.org/entity/Q111602371,3
http://www.wikidata.org/entity/Q111602374,3
http://www.wikidata.org/entity/Q111602372,3
http://www.wikidata.org/entity/Q111602373,3
http://www.wikidata.org/entity/Q111602375,3
http://www.wikidata.org/entity/Q111602376,3
http://www.wikidata.org/entity/Q111602377,4
http://www.wikidata.org/entity/Q111602386,6
http://www.wikidata.org/entity/Q111602387,6
http://www.wikidata.org/entity/Q111602391,6
http://www.wikidata.org/entity/Q111602388,6
http://www.wikidata.org/entity/Q111602389,6
http://www.wikidata.org/entity/Q111602394,6
http://www.wikidata.org/entity/Q111602392,6
http://www.wikidata.org/entity/Q111602395,7
http://www.wikidata.org/entity/Q111602393,6
http://www.wikidata.org/entity/Q111602398,7
http://www.wikidata.org/entity/Q111602399,7
http://www.wikidata.org/entity/Q111602396,7
http://www.wikidata.org/entity/Q111602397,7
http://www.wikidata.org/entity/Q111602402,7
http://www.wikidata.org/entity/Q111602400,7
http://www.wikidata.org/entity/Q111602401,7
http://www.wikidata.org/entity/Q111602378,5
http://www.wikidata.org/entity/Q111602379,5
http://www.wikidata.org/entity/Q111602382,5
http://www.wikidata.org/entity/Q111602380,5
http://www.wikidata.org/entity/Q111602381,5
http://www.wikidata.org/entity/Q111602384,5
http://www.wikidata.org/entity/Q111602385,5
http://www.wikidata.org/entity/Q111602403,7
http://www.wikidata.org/entity/Q111602434,10
http://www.wikidata.org/entity/Q111602435,10
http://www.wikidata.org/entity/Q111602406,8
http://www.wikidata.org/entity/Q111602404,7
http://www.wikidata.org/entity/Q111602407,8
http://www.wikidata.org/entity/Q111602405,7
http://www.wikidata.org/entity/Q111602439,10
http://www.wikidata.org/entity/Q111602410,8
http://www.wikidata.org/entity/Q111602436,10
http://www.wikidata.org/entity/Q111602411,8
http://www.wikidata.org/entity/Q111602408,8
http://www.wikidata.org/entity/Q111602442,10
http://www.wikidata.org/entity/Q111602409,8
http://www.wikidata.org/entity/Q111602443,10
http://www.wikidata.org/entity/Q111602441,10
http://www.wikidata.org/entity/Q111602446,10
http://www.wikidata.org/entity/Q111602445,10
http://www.wikidata.org/entity/Q111602450,10
http://www.wikidata.org/entity/Q111602451,10
http://www.wikidata.org/entity/Q111602448,10
http://www.wikidata.org/entity/Q111602449,10
http://www.wikidata.org/entity/Q111602454,10
http://www.wikidata.org/entity/Q111602455,10
http://www.wikidata.org/entity/Q111602452,10
http://www.wikidata.org/entity/Q111602453,10
http://www.wikidata.org/entity/Q111602458,10
http://www.wikidata.org/entity/Q111602456,10
http://www.wikidata.org/entity/Q111602457,10
http://www.wikidata.org/entity/Q111602462,11
http://www.wikidata.org/entity/Q111602460,11
http://www.wikidata.org/entity/Q111602461,11
http://www.wikidata.org/entity/Q111602466,11
http://www.wikidata.org/entity/Q111602464,11
http://www.wikidata.org/entity/Q111602465,11
http://www.wikidata.org/entity/Q111602470,11
http://www.wikidata.org/entity/Q111602471,11
http://www.wikidata.org/entity/Q111602468,11
http://www.wikidata.org/entity/Q111602472,11
http://www.wikidata.org/entity/Q111602414,9
http://www.wikidata.org/entity/Q111602418,9
http://www.wikidata.org/entity/Q111602419,9
http://www.wikidata.org/entity/Q111602417,9
http://www.wikidata.org/entity/Q111602423,9
http://www.wikidata.org/entity/Q111602421,9
http://www.wikidata.org/entity/Q111602426,9
http://www.wikidata.org/entity/Q111602427,9
http://www.wikidata.org/entity/Q111602424,9
http://www.wikidata.org/entity/Q111602425,9
http://www.wikidata.org/entity/Q111602430,9
http://www.wikidata.org/entity/Q111602431,9
http://www.wikidata.org/entity/Q111602428,9
http://www.wikidata.org/entity/Q111602429,9
http://www.wikidata.org/entity/Q111747741,145
http://www.wikidata.org/entity/Q111602474,11
http://www.wikidata.org/entity/Q111602475,11
http://www.wikidata.org/entity/Q111602473,11
http://www.wikidata.org/entity/Q111602477,11
http://www.wikidata.org/entity/Q95997038,1
http://www.wikidata.org/entity/Q95997044,15
http://www.wikidata.org/entity/Q95997039,9
http://www.wikidata.org/entity/Q99860482,46
http://www.wikidata.org/entity/Q99860480,43
http://www.wikidata.org/entity/Q99860487,46
http://www.wikidata.org/entity/Q73492838,15
http://www.wikidata.org/entity/Q95997066,34
http://www.wikidata.org/entity/Q95997054,24
http://www.wikidata.org/entity/Q95997060,31
http://www.wikidata.org/entity/Q95997061,31
http://www.wikidata.org/entity/Q95997062,32
http://www.wikidata.org/entity/Q95997067,34
http://www.wikidata.org/entity/Q95997079,43
http://www.wikidata.org/entity/Q95997076,42
http://www.wikidata.org/entity/Q95997077,42
http://www.wikidata.org/entity/Q95997082,46
http://www.wikidata.org/entity/Q95997081,46
http://www.wikidata.org/entity/Q95997102,66
http://www.wikidata.org/entity/Q95997101,66
http://www.wikidata.org/entity/Q95997084,47
http://www.wikidata.org/entity/Q95997073,40
http://www.wikidata.org/entity/Q95997103,67
http://www.wikidata.org/entity/Q99860449,10
http://www.wikidata.org/entity/Q99860432,8
http://www.wikidata.org/entity/Q128592850,2
http://www.wikidata.org/entity/Q136445352,7
http://www.wikidata.org/entity/Q136456640,2
http://www.wikidata.org/entity/Q136456660,7
http://www.wikidata.org/entity/Q136540024,7
http://www.wikidata.org/entity/Q136669602,4
http://www.wikidata.org/entity/Q133257960,
http://www.wikidata.org/entity/Q133258145,
http://www.wikidata.org/entity/Q135400000,2
http://www.wikidata.org/entity/Q111578864,7
http://www.wikidata.org/entity/Q111578928,9
http://www.wikidata.org/entity/Q111578756,2
http://www.wikidata.org/entity/Q111578802,5
http://www.wikidata.org/entity/Q111578810,5
http://www.wikidata.org/entity/Q111578825,6
http://www.wikidata.org/entity/Q111579071,11
http://www.wikidata.org/entity/Q111579162,15
http://www.wikidata.org/entity/Q111579187,16
http://www.wikidata.org/entity/Q111579339,21
http://www.wikidata.org/entity/Q99639341,39
http://www.wikidata.org/entity/Q99654817,43
http://www.wikidata.org/entity/Q99653413,39
http://www.wikidata.org/entity/Q122049779,41
http://www.wikidata.org/entity/Q122049776,41
http://www.wikidata.org/entity/Q122049777,41
http://www.wikidata.org/entity/Q122049784,41
http://www.wikidata.org/entity/Q122049785,41
http://www.wikidata.org/entity/Q122049794,40
http://www.wikidata.org/entity/Q122049798,40
http://www.wikidata.org/entity/Q122049796,40
http://www.wikidata.org/entity/Q122049806,40
http://www.wikidata.org/entity/Q122049817,40
http://www.wikidata.org/entity/Q122049868,42
http://www.wikidata.org/entity/Q122049874,42
http://www.wikidata.org/entity/Q122049876,42
http://www.wikidata.org/entity/Q122049880,42
http://www.wikidata.org/entity/Q122049898,49
http://www.wikidata.org/entity/Q122049914,49
http://www.wikidata.org/entity/Q122049924,49
http://www.wikidata.org/entity/Q122050002,51
http://www.wikidata.org/entity/Q122050109,51
http://www.wikidata.org/entity/Q122050223,44
http://www.wikidata.org/entity/Q122050221,44
http://www.wikidata.org/entity/Q122050236,43
http://www.wikidata.org/entity/Q122050246,43
http://www.wikidata.org/entity/Q122050247,43
http://www.wikidata.org/entity/Q122050244,43
http://www.wikidata.org/entity/Q122050252,42
http://www.wikidata.org/entity/Q122050308,46
http://www.wikidata.org/entity/Q122050183,53
http://www.wikidata.org/entity/Q122050186,45
http://www.wikidata.org/entity/Q122050293,54
http://www.wikidata.org/entity/Q122050335,54
http://www.wikidata.org/entity/Q78577731,30
http://www.wikidata.org/entity/Q58124093,
http://www.wikidata.org/entity/Q126899403,
http://www.wikidata.org/entity/Q109593344,
http://www.wikidata.org/entity/Q111747697,11
http://www.wikidata.org/entity/Q109854295,
http://www.wikidata.org/entity/Q109854298,
http://www.wikidata.org/entity/Q109854299,
http://www.wikidata.org/entity/Q109854296,
http://www.wikidata.org/entity/Q109854297,
http://www.wikidata.org/entity/Q109854302,
http://www.wikidata.org/entity/Q109854303,
http://www.wikidata.org/entity/Q109854301,
http://www.wikidata.org/entity/Q109854306,
http://www.wikidata.org/entity/Q109854307,
http://www.wikidata.org/entity/Q109854304,
http://www.wikidata.org/entity/Q109854311,
http://www.wikidata.org/entity/Q109854309,
http://www.wikidata.org/entity/Q109854312,
http://www.wikidata.org/entity/Q109854314,
http://www.wikidata.org/entity/Q109854315,
http://www.wikidata.org/entity/Q109854313,
http://www.wikidata.org/entity/Q109854319,
http://www.wikidata.org/entity/Q109854316,
http://www.wikidata.org/entity/Q109854322,
http://www.wikidata.org/entity/Q109854323,
http://www.wikidata.org/entity/Q109854326,
http://www.wikidata.org/entity/Q109854327,
http://www.wikidata.org/entity/Q109854324,
http://www.wikidata.org/entity/Q109854325,
http://www.wikidata.org/entity/Q109854331,
http://www.wikidata.org/entity/Q109854328,
http://www.wikidata.org/entity/Q109854329,
http://www.wikidata.org/entity/Q109854334,
http://www.wikidata.org/entity/Q109854335,
http://www.wikidata.org/entity/Q109854332,
http://www.wikidata.org/entity/Q109854333,
http://www.wikidata.org/entity/Q109854338,
http://www.wikidata.org/entity/Q109854336,
http://www.wikidata.org/entity/Q109854337,
http://www.wikidata.org/entity/Q109854343,
http://www.wikidata.org/entity/Q109854341,
http://www.wikidata.org/entity/Q109854347,
http://www.wikidata.org/entity/Q109854344,
http://www.wikidata.org/entity/Q109854345,
http://www.wikidata.org/entity/Q109854351,
http://www.wikidata.org/entity/Q109854348,
http://www.wikidata.org/entity/Q109854349,
http://www.wikidata.org/entity/Q109854354,
http://www.wikidata.org/entity/Q109854355,
http://www.wikidata.org/entity/Q109854352,
http://www.wikidata.org/entity/Q109854353,
http://www.wikidata.org/entity/Q109854358,
http://www.wikidata.org/entity/Q109854359,
http://www.wikidata.org/entity/Q109854360,
http://www.wikidata.org/entity/Q109854430,
http://www.wikidata.org/entity/Q109854431,
http://www.wikidata.org/entity/Q109854434,
http://www.wikidata.org/entity/Q109854435,
http://www.wikidata.org/entity/Q109854432,
http://www.wikidata.org/entity/Q109854439,
http://www.wikidata.org/entity/Q109854436,
http://www.wikidata.org/entity/Q109854437,
http://www.wikidata.org/entity/Q109854442,
http://www.wikidata.org/entity/Q109854440,
http://www.wikidata.org/entity/Q109854446,
http://www.wikidata.org/entity/Q109854447,
http://www.wikidata.org/entity/Q109854444,
http://www.wikidata.org/entity/Q109854445,
http://www.wikidata.org/entity/Q59154975,3
http://www.wikidata.org/entity/Q59154976,3
http://www.wikidata.org/entity/Q59208094,3
http://www.wikidata.org/entity/Q59208095,3
http://www.wikidata.org/entity/Q59208093,3
http://www.wikidata.org/entity/Q59208098,3
http://www.wikidata.org/entity/Q59208096,3
http://www.wikidata.org/entity/Q59208097,3
http://www.wikidata.org/entity/Q59259739,2
http://www.wikidata.org/entity/Q59259742,2
http://www.wikidata.org/entity/Q59259743,2
http://www.wikidata.org/entity/Q59259740,2
http://www.wikidata.org/entity/Q59259741,2
http://www.wikidata.org/entity/Q59259746,2
http://www.wikidata.org/entity/Q59259747,2
http://www.wikidata.org/entity/Q59259744,2
http://www.wikidata.org/entity/Q59259745,2
http://www.wikidata.org/entity/Q59259748,2
http://www.wikidata.org/entity/Q59259749,2
http://www.wikidata.org/entity/Q59265383,2
http://www.wikidata.org/entity/Q59265386,2
http://www.wikidata.org/entity/Q59265384,2
http://www.wikidata.org/entity/Q59265385,2
http://www.wikidata.org/entity/Q59265390,2
http://www.wikidata.org/entity/Q59265391,2
http://www.wikidata.org/entity/Q59265388,2
http://www.wikidata.org/entity/Q59265394,2
http://www.wikidata.org/entity/Q59265395,2
http://www.wikidata.org/entity/Q59265392,2
http://www.wikidata.org/entity/Q59265396,2
http://www.wikidata.org/entity/Q59265397,2
http://www.wikidata.org/entity/Q59281535,1
http://www.wikidata.org/entity/Q59281536,1
http://www.wikidata.org/entity/Q59281538,1
http://www.wikidata.org/entity/Q59281539,1
http://www.wikidata.org/entity/Q59281537,1
http://www.wikidata.org/entity/Q59281542,1
http://www.wikidata.org/entity/Q59281543,1
http://www.wikidata.org/entity/Q59281540,1
http://www.wikidata.org/entity/Q59281541,1
http://www.wikidata.org/entity/Q60907273,7
http://www.wikidata.org/entity/Q60907285,7
http://www.wikidata.org/entity/Q60907291,7
http://www.wikidata.org/entity/Q60907308,7
http://www.wikidata.org/entity/Q60907317,7
http://www.wikidata.org/entity/Q60907331,7
http://www.wikidata.org/entity/Q60907344,7
http://www.wikidata.org/entity/Q60907356,7
http://www.wikidata.org/entity/Q60907372,7
http://www.wikidata.org/entity/Q60907379,7
http://www.wikidata.org/entity/Q60907392,7
http://www.wikidata.org/entity/Q60907408,7
http://www.wikidata.org/entity/Q60907417,7
http://www.wikidata.org/entity/Q60907422,7
http://www.wikidata.org/entity/Q60907435,7
http://www.wikidata.org/entity/Q64712103,8
http://www.wikidata.org/entity/Q64712106,8
http://www.wikidata.org/entity/Q64712107,8
http://www.wikidata.org/entity/Q64712105,8
http://www.wikidata.org/entity/Q64712110,8
http://www.wikidata.org/entity/Q64712109,8
http://www.wikidata.org/entity/Q64712112,8
http://www.wikidata.org/entity/Q64712113,8
http://www.wikidata.org/entity/Q64712116,8
http://www.wikidata.org/entity/Q64712134,8
http://www.wikidata.org/entity/Q64712144,8
http://www.wikidata.org/entity/Q58379187,6
http://www.wikidata.org/entity/Q58379188,6
http://www.wikidata.org/entity/Q58387646,6
http://www.wikidata.org/entity/Q58387647,6
http://www.wikidata.org/entity/Q58387650,6
http://www.wikidata.org/entity/Q58387648,6
http://www.wikidata.org/entity/Q58424166,6
http://www.wikidata.org/entity/Q58670918,6
http://www.wikidata.org/entity/Q58670922,6
http://www.wikidata.org/entity/Q58670923,6
http://www.wikidata.org/entity/Q58670920,6
http://www.wikidata.org/entity/Q58670927,6
http://www.wikidata.org/entity/Q58670925,6
http://www.wikidata.org/entity/Q58670929,6
http://www.wikidata.org/entity/Q58670935,6
http://www.wikidata.org/entity/Q58670932,6
http://www.wikidata.org/entity/Q58670933,6
http://www.wikidata.org/entity/Q58670939,6
http://www.wikidata.org/entity/Q58670937,6
http://www.wikidata.org/entity/Q58670940,6
http://www.wikidata.org/entity/Q58773238,7
http://www.wikidata.org/entity/Q58773236,7
http://www.wikidata.org/entity/Q58773243,7
http://www.wikidata.org/entity/Q58773241,7
http://www.wikidata.org/entity/Q58773247,7
http://www.wikidata.org/entity/Q58773245,7
http://www.wikidata.org/entity/Q58773251,7
http://www.wikidata.org/entity/Q58773249,7
http://www.wikidata.org/entity/Q58773254,7
http://www.wikidata.org/entity/Q58773253,7
http://www.wikidata.org/entity/Q58773258,7
http://www.wikidata.org/entity/Q58773260,7
http://www.wikidata.org/entity/Q109854462,
http://www.wikidata.org/entity/Q109854461,
http://www.wikidata.org/entity/Q109854464,
http://www.wikidata.org/entity/Q109854465,
http://www.wikidata.org/entity/Q109854470,
http://www.wikidata.org/entity/Q109854471,
http://www.wikidata.org/entity/Q109854468,
http://www.wikidata.org/entity/Q109854469,
http://www.wikidata.org/entity/Q109854474,
http://www.wikidata.org/entity/Q109854472,
http://www.wikidata.org/entity/Q109854473,
http://www.wikidata.org/entity/Q109854476,
http://www.wikidata.org/entity/Q109854477,
http://www.wikidata.org/entity/Q109854483,
http://www.wikidata.org/entity/Q109854480,
http://www.wikidata.org/entity/Q109854481,
http://www.wikidata.org/entity/Q109854450,
http://www.wikidata.org/entity/Q109854448,
http://www.wikidata.org/entity/Q109854449,
http://www.wikidata.org/entity/Q109854454,
http://www.wikidata.org/entity/Q109854452,
http://www.wikidata.org/entity/Q109854458,
http://www.wikidata.org/entity/Q109854459,
http://www.wikidata.org/entity/Q109854456,
http://www.wikidata.org/entity/Q109854457,
http://www.wikidata.org/entity/Q109854590,
http://www.wikidata.org/entity/Q109854594,
http://www.wikidata.org/entity/Q109854592,
http://www.wikidata.org/entity/Q109854593,
http://www.wikidata.org/entity/Q109854598,
http://www.wikidata.org/entity/Q109854596,
http://www.wikidata.org/entity/Q109854597,
http://www.wikidata.org/entity/Q109854603,
http://www.wikidata.org/entity/Q109854600,
http://www.wikidata.org/entity/Q109854601,
http://www.wikidata.org/entity/Q109854607,
http://www.wikidata.org/entity/Q109854604,
http://www.wikidata.org/entity/Q109854605,
http://www.wikidata.org/entity/Q109854611,
http://www.wikidata.org/entity/Q109854608,
http://www.wikidata.org/entity/Q109854609,
http://www.wikidata.org/entity/Q109854612,
http://www.wikidata.org/entity/Q109854613,
http://www.wikidata.org/entity/Q109854618,
http://www.wikidata.org/entity/Q109854619,
http://www.wikidata.org/entity/Q109854616,
http://www.wikidata.org/entity/Q109854623,
http://www.wikidata.org/entity/Q109854620,
http://www.wikidata.org/entity/Q109854621,
http://www.wikidata.org/entity/Q109854627,
http://www.wikidata.org/entity/Q109854624,
http://www.wikidata.org/entity/Q109854625,
http://www.wikidata.org/entity/Q109854630,
http://www.wikidata.org/entity/Q109854629,
http://www.wikidata.org/entity/Q109854634,
http://www.wikidata.org/entity/Q109854632,
http://www.wikidata.org/entity/Q109854633,
http://www.wikidata.org/entity/Q109854699,
http://www.wikidata.org/entity/Q109854702,
http://www.wikidata.org/entity/Q109854700,
http://www.wikidata.org/entity/Q109854701,
http://www.wikidata.org/entity/Q109854706,
http://www.wikidata.org/entity/Q109854707,
http://www.wikidata.org/entity/Q109854704,
http://www.wikidata.org/entity/Q109854705,
http://www.wikidata.org/entity/Q109854708,
http://www.wikidata.org/entity/Q109854714,
http://www.wikidata.org/entity/Q109854712,
http://www.wikidata.org/entity/Q109854713,
http://www.wikidata.org/entity/Q109854718,
http://www.wikidata.org/entity/Q109854719,
http://www.wikidata.org/entity/Q109854716,
http://www.wikidata.org/entity/Q109854717,
http://www.wikidata.org/entity/Q109854721,
http://www.wikidata.org/entity/Q110067791,
http://www.wikidata.org/entity/Q58349819,6
http://www.wikidata.org/entity/Q58350077,6
http://www.wikidata.org/entity/Q58356273,6
http://www.wikidata.org/entity/Q58356286,6
http://www.wikidata.org/entity/Q58356899,6
http://www.wikidata.org/entity/Q58379186,6
http://www.wikidata.org/entity/Q107394999,10
http://www.wikidata.org/entity/Q107394996,10
http://www.wikidata.org/entity/Q107394997,10
http://www.wikidata.org/entity/Q107395002,10
http://www.wikidata.org/entity/Q107395003,10
http://www.wikidata.org/entity/Q107395000,10
http://www.wikidata.org/entity/Q107395001,10
http://www.wikidata.org/entity/Q110386754,10
http://www.wikidata.org/entity/Q110386758,10
http://www.wikidata.org/entity/Q110386756,10
http://www.wikidata.org/entity/Q110386763,10
http://www.wikidata.org/entity/Q110386761,10
http://www.wikidata.org/entity/Q110386765,10
http://www.wikidata.org/entity/Q110386770,10
http://www.wikidata.org/entity/Q110386771,10
http://www.wikidata.org/entity/Q110386768,10
http://www.wikidata.org/entity/Q110386774,10
http://www.wikidata.org/entity/Q110386773,10
http://www.wikidata.org/entity/Q110386778,10
http://www.wikidata.org/entity/Q110386776,10
http://www.wikidata.org/entity/Q110386782,10
http://www.wikidata.org/entity/Q110386780,10
http://www.wikidata.org/entity/Q110386786,10
http://www.wikidata.org/entity/Q110386784,10
http://www.wikidata.org/entity/Q113148883,11
http://www.wikidata.org/entity/Q113148886,11
http://www.wikidata.org/entity/Q113148891,11
http://www.wikidata.org/entity/Q113148888,11
http://www.wikidata.org/entity/Q113148889,11
http://www.wikidata.org/entity/Q113148895,11
http://www.wikidata.org/entity/Q113148893,11
http://www.wikidata.org/entity/Q113148898,11
http://www.wikidata.org/entity/Q113148897,11
http://www.wikidata.org/entity/Q113148903,11
http://www.wikidata.org/entity/Q113148900,11
http://www.wikidata.org/entity/Q113148906,11
http://www.wikidata.org/entity/Q113148905,11
http://www.wikidata.org/entity/Q113148908,11
http://www.wikidata.org/entity/Q116444203,11
http://www.wikidata.org/entity/Q116444206,11
http://www.wikidata.org/entity/Q116444207,11
http://www.wikidata.org/entity/Q116444204,11
http://www.wikidata.org/entity/Q116444205,11
http://www.wikidata.org/entity/Q116444210,11
http://www.wikidata.org/entity/Q116444211,11
http://www.wikidata.org/entity/Q116444209,11
http://www.wikidata.org/entity/Q116444214,11
http://www.wikidata.org/entity/Q116444215,11
http://www.wikidata.org/entity/Q116444212,11
http://www.wikidata.org/entity/Q116444213,11
http://www.wikidata.org/entity/Q116444216,11
http://www.wikidata.org/entity/Q116444217,11
http://www.wikidata.org/entity/Q119496383,12
http://www.wikidata.org/entity/Q119496384,12
http://www.wikidata.org/entity/Q119496385,12
http://www.wikidata.org/entity/Q62579849,1
http://www.wikidata.org/entity/Q109854487,
http://www.wikidata.org/entity/Q109854484,
http://www.wikidata.org/entity/Q109854485,
http://www.wikidata.org/entity/Q109854491,
http://www.wikidata.org/entity/Q109854488,
http://www.wikidata.org/entity/Q109854489,
http://www.wikidata.org/entity/Q109854494,
http://www.wikidata.org/entity/Q109854495,
http://www.wikidata.org/entity/Q109854499,
http://www.wikidata.org/entity/Q109854497,
http://www.wikidata.org/entity/Q109854500,
http://www.wikidata.org/entity/Q109854566,
http://www.wikidata.org/entity/Q109854567,
http://www.wikidata.org/entity/Q109854565,
http://www.wikidata.org/entity/Q109854570,
http://www.wikidata.org/entity/Q109854571,
http://www.wikidata.org/entity/Q109854568,
http://www.wikidata.org/entity/Q109854574,
http://www.wikidata.org/entity/Q109854575,
http://www.wikidata.org/entity/Q109854573,
http://www.wikidata.org/entity/Q109854578,
http://www.wikidata.org/entity/Q109854579,
http://www.wikidata.org/entity/Q109854582,
http://www.wikidata.org/entity/Q109854583,
http://www.wikidata.org/entity/Q109854580,
http://www.wikidata.org/entity/Q109854586,
http://www.wikidata.org/entity/Q109854587,
http://www.wikidata.org/entity/Q109854584,
http://www.wikidata.org/entity/Q109854588,
http://www.wikidata.org/entity/Q57976823,6
http://www.wikidata.org/entity/Q58302558,6
http://www.wikidata.org/entity/Q58773261,7
http://www.wikidata.org/entity/Q58773267,7
http://www.wikidata.org/entity/Q58773264,7
http://www.wikidata.org/entity/Q58826209,3
http://www.wikidata.org/entity/Q58953729,5
http://www.wikidata.org/entity/Q58953763,5
http://www.wikidata.org/entity/Q58953796,5
http://www.wikidata.org/entity/Q58953832,5
http://www.wikidata.org/entity/Q58953868,5
http://www.wikidata.org/entity/Q58953902,5
http://www.wikidata.org/entity/Q58953937,5
http://www.wikidata.org/entity/Q58953970,5
http://www.wikidata.org/entity/Q58954003,5
http://www.wikidata.org/entity/Q58954040,5
http://www.wikidata.org/entity/Q58954077,5
http://www.wikidata.org/entity/Q58954115,5
http://www.wikidata.org/entity/Q58954151,5
http://www.wikidata.org/entity/Q58954188,5
http://www.wikidata.org/entity/Q58954224,5
http://www.wikidata.org/entity/Q59096078,5
http://www.wikidata.org/entity/Q59096076,5
http://www.wikidata.org/entity/Q59096077,5
http://www.wikidata.org/entity/Q59096082,5
http://www.wikidata.org/entity/Q59096080,5
http://www.wikidata.org/entity/Q59096081,5
http://www.wikidata.org/entity/Q59096086,5
http://www.wikidata.org/entity/Q59096084,5
http://www.wikidata.org/entity/Q59096085,5
http://www.wikidata.org/entity/Q59096090,5
http://www.wikidata.org/entity/Q59096088,5
http://www.wikidata.org/entity/Q59096089,5
http://www.wikidata.org/entity/Q59096092,5
http://www.wikidata.org/entity/Q59096093,5
http://www.wikidata.org/entity/Q96623082,9
http://www.wikidata.org/entity/Q96623083,9
http://www.wikidata.org/entity/Q96623086,9
http://www.wikidata.org/entity/Q96623087,9
http://www.wikidata.org/entity/Q96623085,9
http://www.wikidata.org/entity/Q96623090,9
http://www.wikidata.org/entity/Q96623091,9
http://www.wikidata.org/entity/Q96623089,9
http://www.wikidata.org/entity/Q96623093,9
http://www.wikidata.org/entity/Q104786698,9
http://www.wikidata.org/entity/Q104786699,9
http://www.wikidata.org/entity/Q104786702,9
http://www.wikidata.org/entity/Q104786700,9
http://www.wikidata.org/entity/Q104786701,9
http://www.wikidata.org/entity/Q104786706,9
http://www.wikidata.org/entity/Q104786707,9
http://www.wikidata.org/entity/Q104786704,9
http://www.wikidata.org/entity/Q104786705,9
http://www.wikidata.org/entity/Q104786709,9
http://www.wikidata.org/entity/Q107394986,10
http://www.wikidata.org/entity/Q107394987,10
http://www.wikidata.org/entity/Q107394990,10
http://www.wikidata.org/entity/Q107394991,10
http://www.wikidata.org/entity/Q107394988,10
http://www.wikidata.org/entity/Q107394989,10
http://www.wikidata.org/entity/Q107394994,10
http://www.wikidata.org/entity/Q107394995,10
http://www.wikidata.org/entity/Q107394992,10
http://www.wikidata.org/entity/Q64712156,8
http://www.wikidata.org/entity/Q64712171,8
http://www.wikidata.org/entity/Q64712184,8
http://www.wikidata.org/entity/Q64712198,8
http://www.wikidata.org/entity/Q82514580,8
http://www.wikidata.org/entity/Q82514642,8
http://www.wikidata.org/entity/Q82514941,8
http://www.wikidata.org/entity/Q82514978,8
http://www.wikidata.org/entity/Q82515058,8
http://www.wikidata.org/entity/Q82515159,8
http://www.wikidata.org/entity/Q82515164,8
http://www.wikidata.org/entity/Q82515170,8
http://www.wikidata.org/entity/Q82515168,8
http://www.wikidata.org/entity/Q82515174,8
http://www.wikidata.org/entity/Q82515177,8
http://www.wikidata.org/entity/Q82515180,8
http://www.wikidata.org/entity/Q82515186,8
http://www.wikidata.org/entity/Q83365686,8
http://www.wikidata.org/entity/Q92592463,4
http://www.wikidata.org/entity/Q92592494,4
http://www.wikidata.org/entity/Q92592577,4
http://www.wikidata.org/entity/Q92592656,4
http://www.wikidata.org/entity/Q92592734,4
http://www.wikidata.org/entity/Q92592817,4
http://www.wikidata.org/entity/Q92592907,4
http://www.wikidata.org/entity/Q92593011,4
http://www.wikidata.org/entity/Q92593112,4
http://www.wikidata.org/entity/Q92593206,4
http://www.wikidata.org/entity/Q96623074,9
http://www.wikidata.org/entity/Q96623075,9
http://www.wikidata.org/entity/Q96623078,9
http://www.wikidata.org/entity/Q96623076,9
http://www.wikidata.org/entity/Q96623079,9
http://www.wikidata.org/entity/Q96623081,9
http://www.wikidata.org/entity/Q59096094,5
http://www.wikidata.org/entity/Q59137259,4
http://www.wikidata.org/entity/Q59137262,4
http://www.wikidata.org/entity/Q59137260,4
http://www.wikidata.org/entity/Q59137261,4
http://www.wikidata.org/entity/Q59137266,4
http://www.wikidata.org/entity/Q59137267,4
http://www.wikidata.org/entity/Q59137264,4
http://www.wikidata.org/entity/Q59137270,4
http://www.wikidata.org/entity/Q59137268,4
http://www.wikidata.org/entity/Q59137272,4
http://www.wikidata.org/entity/Q59154963,3
http://www.wikidata.org/entity/Q59154966,3
http://www.wikidata.org/entity/Q59154967,3
http://www.wikidata.org/entity/Q59154964,3
http://www.wikidata.org/entity/Q59154965,3
http://www.wikidata.org/entity/Q59154971,3
http://www.wikidata.org/entity/Q59154968,3
http://www.wikidata.org/entity/Q59154969,3
http://www.wikidata.org/entity/Q59154974,3
http://www.wikidata.org/entity/Q59154972,3
http://www.wikidata.org/entity/Q126310449,17
http://www.wikidata.org/entity/Q126313829,17
http://www.wikidata.org/entity/Q126315684,17
http://www.wikidata.org/entity/Q126386357,17
http://www.wikidata.org/entity/Q135432514,
http://www.wikidata.org/entity/Q136384392,
http://www.wikidata.org/entity/Q109593333,VIII
http://www.wikidata.org/entity/Q128310240,91
http://www.wikidata.org/entity/Q128592841,95
http://www.wikidata.org/entity/Q135336054,55
http://www.wikidata.org/entity/Q135409801,51
http://www.wikidata.org/entity/Q135409906,21
http://www.wikidata.org/entity/Q119496386,12
http://www.wikidata.org/entity/Q119496387,12
http://www.wikidata.org/entity/Q119496390,12
http://www.wikidata.org/entity/Q119496391,12
http://www.wikidata.org/entity/Q119496388,12
http://www.wikidata.org/entity/Q119496389,12
http://www.wikidata.org/entity/Q119496394,12
http://www.wikidata.org/entity/Q119496392,12
http://www.wikidata.org/entity/Q119496393,12
http://www.wikidata.org/entity/Q123925882,12
http://www.wikidata.org/entity/Q123925883,12
http://www.wikidata.org/entity/Q123925881,12
http://www.wikidata.org/entity/Q123925886,12
http://www.wikidata.org/entity/Q123925887,12
http://www.wikidata.org/entity/Q123925884,12
http://www.wikidata.org/entity/Q114773208,Vol. 1 (2013)
http://www.wikidata.org/entity/Q115139459,
http://www.wikidata.org/entity/Q115139456,
http://www.wikidata.org/entity/Q115139461,
http://www.wikidata.org/entity/Q115139467,
http://www.wikidata.org/entity/Q131429350,13
http://www.wikidata.org/entity/Q131429351,13
http://www.wikidata.org/entity/Q131429348,13
http://www.wikidata.org/entity/Q131429349,13
http://www.wikidata.org/entity/Q131429354,13
http://www.wikidata.org/entity/Q131429352,13
http://www.wikidata.org/entity/Q131429353,13
http://www.wikidata.org/entity/Q132561594,12
http://www.wikidata.org/entity/Q135102878,14
http://www.wikidata.org/entity/Q135102879,14
http://www.wikidata.org/entity/Q135102882,14
http://www.wikidata.org/entity/Q135102883,14
http://www.wikidata.org/entity/Q135102880,14
http://www.wikidata.org/entity/Q135102881,14
http://www.wikidata.org/entity/Q135102886,14
http://www.wikidata.org/entity/Q135102884,14
http://www.wikidata.org/entity/Q122828583,55
http://www.wikidata.org/entity/Q133080583,2
http://www.wikidata.org/entity/Q136760027,2
http://www.wikidata.org/entity/Q123925890,12
http://www.wikidata.org/entity/Q123925891,12
http://www.wikidata.org/entity/Q123925888,12
http://www.wikidata.org/entity/Q123925889,12
http://www.wikidata.org/entity/Q123925894,12
http://www.wikidata.org/entity/Q123925895,12
http://www.wikidata.org/entity/Q123925892,12
http://www.wikidata.org/entity/Q123925893,12
http://www.wikidata.org/entity/Q123925898,12
http://www.wikidata.org/entity/Q123925896,12
http://www.wikidata.org/entity/Q123925897,12
http://www.wikidata.org/entity/Q123934448,12
http://www.wikidata.org/entity/Q127691539,13
http://www.wikidata.org/entity/Q127691542,13
http://www.wikidata.org/entity/Q127691543,13
http://www.wikidata.org/entity/Q127691540,13
http://www.wikidata.org/entity/Q127691541,13
http://www.wikidata.org/entity/Q127691546,13
http://www.wikidata.org/entity/Q127691547,13
http://www.wikidata.org/entity/Q127691544,13
http://www.wikidata.org/entity/Q127691545,13
http://www.wikidata.org/entity/Q127691550,13
http://www.wikidata.org/entity/Q127691551,13
http://www.wikidata.org/entity/Q127691548,13
http://www.wikidata.org/entity/Q127691549,13
http://www.wikidata.org/entity/Q131429346,13
http://www.wikidata.org/entity/Q131429347,13
http://www.wikidata.org/entity/Q131429344,13
http://www.wikidata.org/entity/Q131429345,13
http://www.wikidata.org/entity/Q113201278,
http://www.wikidata.org/entity/Q61776076,3
http://www.wikidata.org/entity/Q61776080,3
http://www.wikidata.org/entity/Q61776462,3
http://www.wikidata.org/entity/Q61776467,3
http://www.wikidata.org/entity/Q61776464,3
http://www.wikidata.org/entity/Q61776468,3
http://www.wikidata.org/entity/Q61776469,3
http://www.wikidata.org/entity/Q48625754,3
http://www.wikidata.org/entity/Q83612194,3
http://www.wikidata.org/entity/Q103948932,1
http://www.wikidata.org/entity/Q103948937,2
http://www.wikidata.org/entity/Q103948955,1
http://www.wikidata.org/entity/Q103948941,3
http://www.wikidata.org/entity/Q103948945,4
http://www.wikidata.org/entity/Q103948958,2
http://www.wikidata.org/entity/Q103948975,1
http://www.wikidata.org/entity/Q103948951,6
http://www.wikidata.org/entity/Q103948962,3
http://www.wikidata.org/entity/Q103948977,1
http://www.wikidata.org/entity/Q103948964,4
http://www.wikidata.org/entity/Q103948970,6
http://www.wikidata.org/entity/Q103948981,2
http://www.wikidata.org/entity/Q103948999,1
http://www.wikidata.org/entity/Q103948986,3
http://www.wikidata.org/entity/Q103948989,4
http://www.wikidata.org/entity/Q103949004,2
http://www.wikidata.org/entity/Q103949024,1
http://www.wikidata.org/entity/Q103949008,3
http://www.wikidata.org/entity/Q103949012,4
http://www.wikidata.org/entity/Q103949027,2
http://www.wikidata.org/entity/Q103949017,6
http://www.wikidata.org/entity/Q103949113,1
http://www.wikidata.org/entity/Q103949093,4
http://www.wikidata.org/entity/Q103949118,1
http://www.wikidata.org/entity/Q103949103,6
http://www.wikidata.org/entity/Q103949123,2
http://www.wikidata.org/entity/Q103949146,1
http://www.wikidata.org/entity/Q103949130,3
http://www.wikidata.org/entity/Q103949150,1
http://www.wikidata.org/entity/Q103949137,4
http://www.wikidata.org/entity/Q103949156,2
http://www.wikidata.org/entity/Q103949167,3
http://www.wikidata.org/entity/Q103949187,1
http://www.wikidata.org/entity/Q103949170,4
http://www.wikidata.org/entity/Q103949190,2
http://www.wikidata.org/entity/Q103949183,6
http://www.wikidata.org/entity/Q103949193,3
http://www.wikidata.org/entity/Q103949200,4
http://www.wikidata.org/entity/Q103948950,5
http://www.wikidata.org/entity/Q103948968,5
http://www.wikidata.org/entity/Q103948995,5
http://www.wikidata.org/entity/Q103949016,5
http://www.wikidata.org/entity/Q103949098,5
http://www.wikidata.org/entity/Q103949143,5
http://www.wikidata.org/entity/Q103949176,5
http://www.wikidata.org/entity/Q103949206,5
http://www.wikidata.org/entity/Q103949227,1
http://www.wikidata.org/entity/Q103949230,2
http://www.wikidata.org/entity/Q103949219,6
http://www.wikidata.org/entity/Q103949234,2
http://www.wikidata.org/entity/Q103949253,1
http://www.wikidata.org/entity/Q103949258,1
http://www.wikidata.org/entity/Q103949237,4
http://www.wikidata.org/entity/Q103949266,2
http://www.wikidata.org/entity/Q103949284,1
http://www.wikidata.org/entity/Q103949269,3
http://www.wikidata.org/entity/Q103949274,4
http://www.wikidata.org/entity/Q103949290,2
http://www.wikidata.org/entity/Q103949342,4
http://www.wikidata.org/entity/Q103949360,1
http://www.wikidata.org/entity/Q103949362,2
http://www.wikidata.org/entity/Q103949365,2
http://www.wikidata.org/entity/Q103949355,6
http://www.wikidata.org/entity/Q103949382,1
http://www.wikidata.org/entity/Q103949385,1
http://www.wikidata.org/entity/Q103949369,4
http://www.wikidata.org/entity/Q103949391,2
http://www.wikidata.org/entity/Q103949377,6
http://www.wikidata.org/entity/Q103949408,1
http://www.wikidata.org/entity/Q103949397,3
http://www.wikidata.org/entity/Q103949402,4
http://www.wikidata.org/entity/Q103949412,2
http://www.wikidata.org/entity/Q103949431,1
http://www.wikidata.org/entity/Q103949414,3
http://www.wikidata.org/entity/Q103949419,4
http://www.wikidata.org/entity/Q103949437,2
http://www.wikidata.org/entity/Q103949428,6
http://www.wikidata.org/entity/Q103949443,3
http://www.wikidata.org/entity/Q103949460,1
http://www.wikidata.org/entity/Q103949465,1
http://www.wikidata.org/entity/Q103949445,4
http://www.wikidata.org/entity/Q103949454,6
http://www.wikidata.org/entity/Q103949468,2
http://www.wikidata.org/entity/Q103949472,3
http://www.wikidata.org/entity/Q103949476,4
http://www.wikidata.org/entity/Q103949242,5
http://www.wikidata.org/entity/Q103949248,5
http://www.wikidata.org/entity/Q103949282,5
http://www.wikidata.org/entity/Q103949351,5
http://www.wikidata.org/entity/Q103949373,5
http://www.wikidata.org/entity/Q103949406,5
http://www.wikidata.org/entity/Q103949425,5
http://www.wikidata.org/entity/Q103949450,5
http://www.wikidata.org/entity/Q103949482,5
http://www.wikidata.org/entity/Q128621605,
http://www.wikidata.org/entity/Q128624468,
http://www.wikidata.org/entity/Q128624478,
http://www.wikidata.org/entity/Q128624477,
http://www.wikidata.org/entity/Q128624483,
http://www.wikidata.org/entity/Q135335923,
http://www.wikidata.org/entity/Q135399934,
http://www.wikidata.org/entity/Q135409624,
http://www.wikidata.org/entity/Q136723350,
http://www.wikidata.org/entity/Q111582712,54
http://www.wikidata.org/entity/Q104381902,
http://www.wikidata.org/entity/Q104381891,5
http://www.wikidata.org/entity/Q104381894,5
http://www.wikidata.org/entity/Q104381895,5
http://www.wikidata.org/entity/Q104381892,5
http://www.wikidata.org/entity/Q104381893,5
http://www.wikidata.org/entity/Q104381898,5
http://www.wikidata.org/entity/Q104381899,5
http://www.wikidata.org/entity/Q104381896,5
http://www.wikidata.org/entity/Q104381897,5
http://www.wikidata.org/entity/Q104381900,5
http://www.wikidata.org/entity/Q104381901,5
http://www.wikidata.org/entity/Q102391509,
http://www.wikidata.org/entity/Q102391845,
http://www.wikidata.org/entity/Q102392002,
http://www.wikidata.org/entity/Q102392285,
http://www.wikidata.org/entity/Q102392363,
http://www.wikidata.org/entity/Q102392806,
http://www.wikidata.org/entity/Q102392889,
http://www.wikidata.org/entity/Q102393180,
http://www.wikidata.org/entity/Q102393258,
http://www.wikidata.org/entity/Q102393556,
http://www.wikidata.org/entity/Q102393664,
http://www.wikidata.org/entity/Q102393759,
http://www.wikidata.org/entity/Q102393947,
http://www.wikidata.org/entity/Q102393996,
http://www.wikidata.org/entity/Q102805155,
http://www.wikidata.org/entity/Q102808536,
http://www.wikidata.org/entity/Q102809224,
http://www.wikidata.org/entity/Q102810332,
http://www.wikidata.org/entity/Q102821767,
http://www.wikidata.org/entity/Q102822425,
http://www.wikidata.org/entity/Q102822617,
http://www.wikidata.org/entity/Q102822746,
http://www.wikidata.org/entity/Q102823167,
http://www.wikidata.org/entity/Q102823781,
http://www.wikidata.org/entity/Q101996668,26
http://www.wikidata.org/entity/Q102116015,24
http://www.wikidata.org/entity/Q102115630,20
http://www.wikidata.org/entity/Q102802821,20
http://www.wikidata.org/entity/Q104057116,20
http://www.wikidata.org/entity/Q104057358,18
http://www.wikidata.org/entity/Q104150702,1
http://www.wikidata.org/entity/Q104150703,1
http://www.wikidata.org/entity/Q104150704,1
http://www.wikidata.org/entity/Q104213403,2
http://www.wikidata.org/entity/Q104213404,2
http://www.wikidata.org/entity/Q104250752,4
http://www.wikidata.org/entity/Q104250758,4
http://www.wikidata.org/entity/Q104250756,4
http://www.wikidata.org/entity/Q104250763,4
http://www.wikidata.org/entity/Q104250761,4
http://www.wikidata.org/entity/Q104250766,4
http://www.wikidata.org/entity/Q104250768,4
http://www.wikidata.org/entity/Q104250769,4
http://www.wikidata.org/entity/Q104250775,4
http://www.wikidata.org/entity/Q104250772,4
http://www.wikidata.org/entity/Q104250773,4
http://www.wikidata.org/entity/Q104250778,4
http://www.wikidata.org/entity/Q104250781,4
http://www.wikidata.org/entity/Q104250786,4
http://www.wikidata.org/entity/Q104250784,4
http://www.wikidata.org/entity/Q104250790,4
http://www.wikidata.org/entity/Q104250788,4
http://www.wikidata.org/entity/Q104250795,4
http://www.wikidata.org/entity/Q104250793,4
http://www.wikidata.org/entity/Q104250798,4
http://www.wikidata.org/entity/Q104381859,5
http://www.wikidata.org/entity/Q104381886,5
http://www.wikidata.org/entity/Q104381887,5
http://www.wikidata.org/entity/Q104381885,5
http://www.wikidata.org/entity/Q104381890,5
http://www.wikidata.org/entity/Q104381888,5
http://www.wikidata.org/entity/Q104381889,5
http://www.wikidata.org/entity/Q104382458,26
http://www.wikidata.org/entity/Q104382459,26
http://www.wikidata.org/entity/Q104382457,26
http://www.wikidata.org/entity/Q104382462,26
http://www.wikidata.org/entity/Q104382463,26
http://www.wikidata.org/entity/Q104382460,26
http://www.wikidata.org/entity/Q104382466,26
http://www.wikidata.org/entity/Q104382467,26
http://www.wikidata.org/entity/Q104382464,26
http://www.wikidata.org/entity/Q104382465,26
http://www.wikidata.org/entity/Q104382470,26
http://www.wikidata.org/entity/Q104382471,26
http://www.wikidata.org/entity/Q104382468,26
http://www.wikidata.org/entity/Q104382469,26
http://www.wikidata.org/entity/Q104382475,26
http://www.wikidata.org/entity/Q104382472,26
http://www.wikidata.org/entity/Q104382473,26
http://www.wikidata.org/entity/Q104381903,5
http://www.wikidata.org/entity/Q104381904,5
http://www.wikidata.org/entity/Q104381905,5
http://www.wikidata.org/entity/Q104455507,26
http://www.wikidata.org/entity/Q107699770,27
http://www.wikidata.org/entity/Q116282238,28
http://www.wikidata.org/entity/Q124344840,5
http://www.wikidata.org/entity/Q125451860,8
http://www.wikidata.org/entity/Q125500024,4
http://www.wikidata.org/entity/Q125959522,1
http://www.wikidata.org/entity/Q128308912,10
http://www.wikidata.org/entity/Q130362547,8
http://www.wikidata.org/entity/Q131438467,7
http://www.wikidata.org/entity/Q131459329,7
http://www.wikidata.org/entity/Q131459633,9
http://www.wikidata.org/entity/Q131502873,6
http://www.wikidata.org/entity/Q131542651,9
http://www.wikidata.org/entity/Q131569299,10
http://www.wikidata.org/entity/Q131606824,6
http://www.wikidata.org/entity/Q131606924,4
http://www.wikidata.org/entity/Q131607096,6
http://www.wikidata.org/entity/Q131682430,6
http://www.wikidata.org/entity/Q131781771,2
http://www.wikidata.org/entity/Q131781759,6
http://www.wikidata.org/entity/Q131781800,9
http://www.wikidata.org/entity/Q131920244,4
http://www.wikidata.org/entity/Q131932403,3
http://www.wikidata.org/entity/Q131932443,4
http://www.wikidata.org/entity/Q131931300,9
http://www.wikidata.org/entity/Q131932378,5
http://www.wikidata.org/entity/Q132126758,8
http://www.wikidata.org/entity/Q132127110,6
http://www.wikidata.org/entity/Q132127212,10
http://www.wikidata.org/entity/Q132127224,7
http://www.wikidata.org/entity/Q132127027,5
http://www.wikidata.org/entity/Q132127041,9
http://www.wikidata.org/entity/Q132130690,8
http://www.wikidata.org/entity/Q132130847,9
http://www.wikidata.org/entity/Q132131051,9
http://www.wikidata.org/entity/Q133263063,8
http://www.wikidata.org/entity/Q136379142,9
http://www.wikidata.org/entity/Q136456962,6
http://www.wikidata.org/entity/Q136461995,10
http://www.wikidata.org/entity/Q136462742,31
http://www.wikidata.org/entity/Q136678881,1
http://www.wikidata.org/entity/Q70982360,3
http://www.wikidata.org/entity/Q124332313,7
http://www.wikidata.org/entity/Q124332319,16
http://www.wikidata.org/entity/Q124343585,0
http://www.wikidata.org/entity/Q124343682,2
http://www.wikidata.org/entity/Q124344925,16
http://www.wikidata.org/entity/Q136461768,8
http://www.wikidata.org/entity/Q135225002,207
http://www.wikidata.org/entity/Q135399271,214
http://www.wikidata.org/entity/Q114674485,
http://www.wikidata.org/entity/Q118971301,
http://www.wikidata.org/entity/Q126341263,
http://www.wikidata.org/entity/Q126342482,
http://www.wikidata.org/entity/Q126343950,
http://www.wikidata.org/entity/Q126346475,
http://www.wikidata.org/entity/Q126346523,
http://www.wikidata.org/entity/Q126348372,
http://www.wikidata.org/entity/Q126348559,
http://www.wikidata.org/entity/Q126348563,
http://www.wikidata.org/entity/Q126348561,
http://www.wikidata.org/entity/Q126348582,
http://www.wikidata.org/entity/Q126349087,
http://www.wikidata.org/entity/Q126349115,
http://www.wikidata.org/entity/Q126349181,
http://www.wikidata.org/entity/Q126349443,
http://www.wikidata.org/entity/Q126349863,
http://www.wikidata.org/entity/Q126349861,
http://www.wikidata.org/entity/Q126349864,
http://www.wikidata.org/entity/Q126349975,
http://www.wikidata.org/entity/Q126350016,
http://www.wikidata.org/entity/Q126350572,
http://www.wikidata.org/entity/Q126353288,
http://www.wikidata.org/entity/Q126353330,
http://www.wikidata.org/entity/Q126353715,
http://www.wikidata.org/entity/Q133757004,43
http://www.wikidata.org/entity/Q133258102,
http://www.wikidata.org/entity/Q106696225,30
http://www.wikidata.org/entity/Q109659838,27
http://www.wikidata.org/entity/Q109659843,28
http://www.wikidata.org/entity/Q111582491,I
http://www.wikidata.org/entity/Q124745218,7
http://www.wikidata.org/entity/Q125499879,5
http://www.wikidata.org/entity/Q126034721,1
http://www.wikidata.org/entity/Q126181037,5
http://www.wikidata.org/entity/Q128305871,5
http://www.wikidata.org/entity/Q128694022,2
http://www.wikidata.org/entity/Q128694070,11
http://www.wikidata.org/entity/Q128694069,2
http://www.wikidata.org/entity/Q129813340,3
http://www.wikidata.org/entity/Q129813537,2
http://www.wikidata.org/entity/Q129817115,5
http://www.wikidata.org/entity/Q131437313,7
http://www.wikidata.org/entity/Q131437355,10
http://www.wikidata.org/entity/Q131438401,11
http://www.wikidata.org/entity/Q131460432,2
http://www.wikidata.org/entity/Q131542665,12
http://www.wikidata.org/entity/Q131598024,1
http://www.wikidata.org/entity/Q131606988,10
http://www.wikidata.org/entity/Q131869272,12
http://www.wikidata.org/entity/Q131919250,10
http://www.wikidata.org/entity/Q131919303,6
http://www.wikidata.org/entity/Q131919105,9
http://www.wikidata.org/entity/Q131931065,4
http://www.wikidata.org/entity/Q131932551,10
http://www.wikidata.org/entity/Q131932568,11
http://www.wikidata.org/entity/Q131932589,13
http://www.wikidata.org/entity/Q132130704,11
http://www.wikidata.org/entity/Q132130719,10
http://www.wikidata.org/entity/Q132130797,10
http://www.wikidata.org/entity/Q132130834,12
http://www.wikidata.org/entity/Q132130942,2
http://www.wikidata.org/entity/Q132130803,9
http://www.wikidata.org/entity/Q132167890,12
http://www.wikidata.org/entity/Q132167909,14
http://www.wikidata.org/entity/Q132168073,10
http://www.wikidata.org/entity/Q132540602,2
http://www.wikidata.org/entity/Q133040646,2
http://www.wikidata.org/entity/Q133256774,3
http://www.wikidata.org/entity/Q133256793,5
http://www.wikidata.org/entity/Q133258081,1
http://www.wikidata.org/entity/Q134875686,11
http://www.wikidata.org/entity/Q134963650,6
http://www.wikidata.org/entity/Q135103335,1
http://www.wikidata.org/entity/Q135233359,12
http://www.wikidata.org/entity/Q135233466,13
http://www.wikidata.org/entity/Q135267481,6
http://www.wikidata.org/entity/Q135271036,12
http://www.wikidata.org/entity/Q136184307,1
http://www.wikidata.org/entity/Q136505174,8
http://www.wikidata.org/entity/Q136669593,7
http://www.wikidata.org/entity/Q136728621,8
http://www.wikidata.org/entity/Q136760229,12
http://www.wikidata.org/entity/Q137195917,6
http://www.wikidata.org/entity/Q137324314,11
http://www.wikidata.org/entity/Q109622637,
http://www.wikidata.org/entity/Q128306153,
http://www.wikidata.org/entity/Q128591413,
http://www.wikidata.org/entity/Q128588041,7/9
http://www.wikidata.org/entity/Q130401947,1
http://www.wikidata.org/entity/Q115901296,4
http://www.wikidata.org/entity/Q111522931,4
http://www.wikidata.org/entity/Q113485970,9
http://www.wikidata.org/entity/Q113643582,10
http://www.wikidata.org/entity/Q113643658,10
http://www.wikidata.org/entity/Q115533638,12
http://www.wikidata.org/entity/Q115534269,12
http://www.wikidata.org/entity/Q115534356,12
http://www.wikidata.org/entity/Q115534903,12
http://www.wikidata.org/entity/Q115534992,12
http://www.wikidata.org/entity/Q115535068,12
http://www.wikidata.org/entity/Q115536188,12
http://www.wikidata.org/entity/Q115536223,12
http://www.wikidata.org/entity/Q117032180,12
http://www.wikidata.org/entity/Q117032732,12
http://www.wikidata.org/entity/Q117033064,12
http://www.wikidata.org/entity/Q117033227,12
http://www.wikidata.org/entity/Q117033440,12
http://www.wikidata.org/entity/Q117034524,12
http://www.wikidata.org/entity/Q117034594,12
http://www.wikidata.org/entity/Q134822033,15
http://www.wikidata.org/entity/Q134822634,15
http://www.wikidata.org/entity/Q134822870,15
http://www.wikidata.org/entity/Q134963409,15
http://www.wikidata.org/entity/Q134963419,15
http://www.wikidata.org/entity/Q135180935,15
http://www.wikidata.org/entity/Q135180964,15
http://www.wikidata.org/entity/Q135181011,15
http://www.wikidata.org/entity/Q135181035,15
http://www.wikidata.org/entity/Q135181072,15
http://www.wikidata.org/entity/Q135181110,15
http://www.wikidata.org/entity/Q136657990,15
http://www.wikidata.org/entity/Q136658092,15
http://www.wikidata.org/entity/Q136658118,15
http://www.wikidata.org/entity/Q136658143,15
http://www.wikidata.org/entity/Q136658175,15
http://www.wikidata.org/entity/Q136658306,15
http://www.wikidata.org/entity/Q136658342,15
http://www.wikidata.org/entity/Q136658554,15
http://www.wikidata.org/entity/Q136658604,15
http://www.wikidata.org/entity/Q136665816,15
http://www.wikidata.org/entity/Q136666002,15
http://www.wikidata.org/entity/Q136666236,15
http://www.wikidata.org/entity/Q136666494,15
http://www.wikidata.org/entity/Q136666796,15
http://www.wikidata.org/entity/Q136667091,15
http://www.wikidata.org/entity/Q118814003,13
http://www.wikidata.org/entity/Q118867455,13
http://www.wikidata.org/entity/Q118867779,13
http://www.wikidata.org/entity/Q118945524,13
http://www.wikidata.org/entity/Q119133062,13
http://www.wikidata.org/entity/Q119137591,13
http://www.wikidata.org/entity/Q119137740,13
http://www.wikidata.org/entity/Q119138814,13
http://www.wikidata.org/entity/Q123172724,13
http://www.wikidata.org/entity/Q123172848,13
http://www.wikidata.org/entity/Q123173029,13
http://www.wikidata.org/entity/Q123173160,13
http://www.wikidata.org/entity/Q123179841,13
http://www.wikidata.org/entity/Q123180026,13
http://www.wikidata.org/entity/Q123180254,13
http://www.wikidata.org/entity/Q123180300,13
http://www.wikidata.org/entity/Q123180417,13
http://www.wikidata.org/entity/Q123180448,13
http://www.wikidata.org/entity/Q124619281,13
http://www.wikidata.org/entity/Q124619337,13
http://www.wikidata.org/entity/Q124619373,13
http://www.wikidata.org/entity/Q124621840,13
http://www.wikidata.org/entity/Q124621865,13
http://www.wikidata.org/entity/Q124621893,13
http://www.wikidata.org/entity/Q124621904,13
http://www.wikidata.org/entity/Q124621917,13
http://www.wikidata.org/entity/Q124621931,13
http://www.wikidata.org/entity/Q124694790,13
http://www.wikidata.org/entity/Q126361432,14
http://www.wikidata.org/entity/Q126361695,14
http://www.wikidata.org/entity/Q126362005,14
http://www.wikidata.org/entity/Q126372110,14
http://www.wikidata.org/entity/Q126372153,14
http://www.wikidata.org/entity/Q126372598,14
http://www.wikidata.org/entity/Q126532186,14
http://www.wikidata.org/entity/Q130477850,14
http://www.wikidata.org/entity/Q130529432,14
http://www.wikidata.org/entity/Q130529479,14
http://www.wikidata.org/entity/Q130529510,14
http://www.wikidata.org/entity/Q130529640,14
http://www.wikidata.org/entity/Q130529660,14
http://www.wikidata.org/entity/Q130529702,14
http://www.wikidata.org/entity/Q131925517,14
http://www.wikidata.org/entity/Q131925554,14
http://www.wikidata.org/entity/Q131925592,14
http://www.wikidata.org/entity/Q131925629,14
http://www.wikidata.org/entity/Q131925643,14
http://www.wikidata.org/entity/Q131925664,14
http://www.wikidata.org/entity/Q131925686,14
http://www.wikidata.org/entity/Q111758893,
http://www.wikidata.org/entity/Q111732265,3
http://www.wikidata.org/entity/Q111732055,9
http://www.wikidata.org/entity/Q111747613,14
http://www.wikidata.org/entity/Q111782051,17
http://www.wikidata.org/entity/Q111758777,XI
http://www.wikidata.org/entity/Q111732248,XLVI
http://www.wikidata.org/entity/Q111088376,11
http://www.wikidata.org/entity/Q111163090,11
http://www.wikidata.org/entity/Q111191307,11
http://www.wikidata.org/entity/Q111232946,11
http://www.wikidata.org/entity/Q111235775,11
http://www.wikidata.org/entity/Q111244430,11
http://www.wikidata.org/entity/Q111248680,11
http://www.wikidata.org/entity/Q111248972,11
http://www.wikidata.org/entity/Q111281871,11
http://www.wikidata.org/entity/Q111282815,11
http://www.wikidata.org/entity/Q111283250,11
http://www.wikidata.org/entity/Q111283475,11
http://www.wikidata.org/entity/Q111284671,11
http://www.wikidata.org/entity/Q111317641,11
http://www.wikidata.org/entity/Q111333696,11
http://www.wikidata.org/entity/Q111333860,11
http://www.wikidata.org/entity/Q111339952,10
http://www.wikidata.org/entity/Q111340032,10
http://www.wikidata.org/entity/Q111342753,11
http://www.wikidata.org/entity/Q111576588,11
http://www.wikidata.org/entity/Q111577180,11
http://www.wikidata.org/entity/Q111577447,10
http://www.wikidata.org/entity/Q111577696,10
http://www.wikidata.org/entity/Q111595862,10
http://www.wikidata.org/entity/Q111596675,10
http://www.wikidata.org/entity/Q111658930,10
http://www.wikidata.org/entity/Q111673977,10
http://www.wikidata.org/entity/Q111963092,10
http://www.wikidata.org/entity/Q111963613,10
http://www.wikidata.org/entity/Q112054439,10
http://www.wikidata.org/entity/Q112072975,10
http://www.wikidata.org/entity/Q112073050,10
http://www.wikidata.org/entity/Q112116478,10
http://www.wikidata.org/entity/Q112116606,10
http://www.wikidata.org/entity/Q112651011,8
http://www.wikidata.org/entity/Q112652180,8
http://www.wikidata.org/entity/Q112650918,9
http://www.wikidata.org/entity/Q112672921,8
http://www.wikidata.org/entity/Q112672997,8
http://www.wikidata.org/entity/Q112673120,8
http://www.wikidata.org/entity/Q112673173,8
http://www.wikidata.org/entity/Q112894265,12
http://www.wikidata.org/entity/Q112913735,12
http://www.wikidata.org/entity/Q112913794,12
http://www.wikidata.org/entity/Q113101630,12
http://www.wikidata.org/entity/Q113101741,12
http://www.wikidata.org/entity/Q113101849,12
http://www.wikidata.org/entity/Q113101914,12
http://www.wikidata.org/entity/Q113331815,7
http://www.wikidata.org/entity/Q113333289,7
http://www.wikidata.org/entity/Q113334524,7
http://www.wikidata.org/entity/Q113334738,7
http://www.wikidata.org/entity/Q113374946,7
http://www.wikidata.org/entity/Q113375815,7
http://www.wikidata.org/entity/Q113376086,7
http://www.wikidata.org/entity/Q113376157,7
http://www.wikidata.org/entity/Q113382868,7
http://www.wikidata.org/entity/Q113383097,7
http://www.wikidata.org/entity/Q113383218,7
http://www.wikidata.org/entity/Q113383238,7
http://www.wikidata.org/entity/Q113383293,8
http://www.wikidata.org/entity/Q113383318,8
http://www.wikidata.org/entity/Q113402027,9
http://www.wikidata.org/entity/Q113402360,9
http://www.wikidata.org/entity/Q113435090,8
http://www.wikidata.org/entity/Q113435137,8
http://www.wikidata.org/entity/Q113435232,8
http://www.wikidata.org/entity/Q113436725,8
http://www.wikidata.org/entity/Q113436807,8
http://www.wikidata.org/entity/Q113436974,8
http://www.wikidata.org/entity/Q113437039,8
http://www.wikidata.org/entity/Q113437122,8
http://www.wikidata.org/entity/Q113469465,8
http://www.wikidata.org/entity/Q113470106,9
http://www.wikidata.org/entity/Q113470152,9
http://www.wikidata.org/entity/Q113470241,9
http://www.wikidata.org/entity/Q113470395,9
http://www.wikidata.org/entity/Q113485018,10
http://www.wikidata.org/entity/Q113485151,10
http://www.wikidata.org/entity/Q113485313,10
http://www.wikidata.org/entity/Q113485704,8
http://www.wikidata.org/entity/Q113485957,8
http://www.wikidata.org/entity/Q130429194,305
http://www.wikidata.org/entity/Q130472961,298
http://www.wikidata.org/entity/Q130473043,299
http://www.wikidata.org/entity/Q115342412,4
http://www.wikidata.org/entity/Q130427991,
http://www.wikidata.org/entity/Q130680698,(IV) Vol. VI (3) Supplemento sett. 2024
http://www.wikidata.org/entity/Q135165055,(IV) Vol. VI (4)
http://www.wikidata.org/entity/Q118367937,34-35
http://www.wikidata.org/entity/Q128624475,10
http://www.wikidata.org/entity/Q124343474,5
http://www.wikidata.org/entity/Q131682115,n.s. 2
http://www.wikidata.org/entity/Q125731008,3
http://www.wikidata.org/entity/Q128308921,4
http://www.wikidata.org/entity/Q128694073,2
http://www.wikidata.org/entity/Q131389397,3
http://www.wikidata.org/entity/Q131506079,3
http://www.wikidata.org/entity/Q131542502,2
http://www.wikidata.org/entity/Q131626777,5
http://www.wikidata.org/entity/Q131682397,2
http://www.wikidata.org/entity/Q131869204,3
http://www.wikidata.org/entity/Q131869976,2
http://www.wikidata.org/entity/Q131931058,2
http://www.wikidata.org/entity/Q133278195,2
http://www.wikidata.org/entity/Q135178782,3
http://www.wikidata.org/entity/Q135267376,3
http://www.wikidata.org/entity/Q136716018,7
http://www.wikidata.org/entity/Q137392147,1
http://www.wikidata.org/entity/Q128624466,43
http://www.wikidata.org/entity/Q128624472,49
http://www.wikidata.org/entity/Q130402154,37
http://www.wikidata.org/entity/Q126722512,
http://www.wikidata.org/entity/Q127043392,10
http://www.wikidata.org/entity/Q127043422,10
http://www.wikidata.org/entity/Q127043447,11
http://www.wikidata.org/entity/Q131389375,11
http://www.wikidata.org/entity/Q136399640,10
http://www.wikidata.org/entity/Q136445293,9
http://www.wikidata.org/entity/Q129814967,
http://www.wikidata.org/entity/Q129815743,
http://www.wikidata.org/entity/Q129816282,
http://www.wikidata.org/entity/Q130292560,7
http://www.wikidata.org/entity/Q130292910,20
http://www.wikidata.org/entity/Q130401900,54
http://www.wikidata.org/entity/Q135391256,39
http://www.wikidata.org/entity/Q135494039,27
http://www.wikidata.org/entity/Q130638618,"III, XXIV n.72"
http://www.wikidata.org/entity/Q130650495,"III, XXIV n.72"
http://www.wikidata.org/entity/Q130655979,"II,IV n.11"
http://www.wikidata.org/entity/Q131625443,
http://www.wikidata.org/entity/Q133297020,
http://www.wikidata.org/entity/Q133297032,
http://www.wikidata.org/entity/Q133297580,
http://www.wikidata.org/entity/Q135116138,
http://www.wikidata.org/entity/Q135233418,
http://www.wikidata.org/entity/Q135792920,
http://www.wikidata.org/entity/Q136539563,
http://www.wikidata.org/entity/Q136593329,
http://www.wikidata.org/entity/Q131625829,7
http://www.wikidata.org/entity/Q137392384,
http://www.wikidata.org/entity/Q137393272,
http://www.wikidata.org/entity/Q136757914,apr-giu 1994
http://www.wikidata.org/entity/Q136759809,apr-giu 1993
http://www.wikidata.org/entity/Q136759830,lug-set 1990
http://www.wikidata.org/entity/Q136760020,ott-dic 1991
http://www.wikidata.org/entity/Q136760137,ott-dic 1990
http://www.wikidata.org/entity/Q134887636,44
http://www.wikidata.org/entity/Q134889535,6
http://www.wikidata.org/entity/Q134889718,55
http://www.wikidata.org/entity/Q134889955,43
http://www.wikidata.org/entity/Q134889693,56
http://www.wikidata.org/entity/Q135011215,50
http://www.wikidata.org/entity/Q135011297,49
http://www.wikidata.org/entity/Q135435931,
http://www.wikidata.org/entity/Q135435961,
