id,pagine
http://www.wikidata.org/entity/Q33144512,113-117
http://www.wikidata.org/entity/Q33144721,541-547
http://www.wikidata.org/entity/Q36464134,1163-1166
http://www.wikidata.org/entity/Q36464142,1271
http://www.wikidata.org/entity/Q36464146,1315-1317
http://www.wikidata.org/entity/Q36484095,1207
http://www.wikidata.org/entity/Q36484102,1215-1219
http://www.wikidata.org/entity/Q36484107,1223-1227
http://www.wikidata.org/entity/Q36484116,1235-1236
http://www.wikidata.org/entity/Q36484122,1239-1240
http://www.wikidata.org/entity/Q36484126,1241-1242
http://www.wikidata.org/entity/Q36484132,1243-1244
http://www.wikidata.org/entity/Q36484137,1245-1246
http://www.wikidata.org/entity/Q36484143,1247-1249
http://www.wikidata.org/entity/Q36484148,1251-1252
http://www.wikidata.org/entity/Q36484157,1253-1254
http://www.wikidata.org/entity/Q36484160,1255-1259
http://www.wikidata.org/entity/Q36484165,1261-1263
http://www.wikidata.org/entity/Q36484169,1267
http://www.wikidata.org/entity/Q36484173,1269
http://www.wikidata.org/entity/Q36484177,1273
http://www.wikidata.org/entity/Q36484182,1275-1276
http://www.wikidata.org/entity/Q36484194,1293
http://www.wikidata.org/entity/Q36484198,1295
http://www.wikidata.org/entity/Q36484219,1353-1362
http://www.wikidata.org/entity/Q48625754,71-80
http://www.wikidata.org/entity/Q56736038,303-323
http://www.wikidata.org/entity/Q57976823,255-284
http://www.wikidata.org/entity/Q58124093,123-142
http://www.wikidata.org/entity/Q58302558,17-40
http://www.wikidata.org/entity/Q58349819,41-110
http://www.wikidata.org/entity/Q58350077,111-146
http://www.wikidata.org/entity/Q58356273,147-190
http://www.wikidata.org/entity/Q58356286,191-254
http://www.wikidata.org/entity/Q58356899,1-16
http://www.wikidata.org/entity/Q58379186,285-306
http://www.wikidata.org/entity/Q58379187,307-338
http://www.wikidata.org/entity/Q58379188,339-383
http://www.wikidata.org/entity/Q58387646,384-391
http://www.wikidata.org/entity/Q58387647,392-397
http://www.wikidata.org/entity/Q58387650,408-443
http://www.wikidata.org/entity/Q58387648,398-407
http://www.wikidata.org/entity/Q58424166,444-452
http://www.wikidata.org/entity/Q58670918,9-38
http://www.wikidata.org/entity/Q58670922,39-91
http://www.wikidata.org/entity/Q58670923,92-153
http://www.wikidata.org/entity/Q58670920,1-8
http://www.wikidata.org/entity/Q58670927,178-232
http://www.wikidata.org/entity/Q58670925,154-177
http://www.wikidata.org/entity/Q58670929,233-264
http://www.wikidata.org/entity/Q58670935,317-360
http://www.wikidata.org/entity/Q58670932,265-297
http://www.wikidata.org/entity/Q58670933,298-316
http://www.wikidata.org/entity/Q58670939,370-385
http://www.wikidata.org/entity/Q58670937,361-369
http://www.wikidata.org/entity/Q58670940,386-424
http://www.wikidata.org/entity/Q58773238,3-57
http://www.wikidata.org/entity/Q58773236,1-2
http://www.wikidata.org/entity/Q58773243,105-149
http://www.wikidata.org/entity/Q58773241,58-104
http://www.wikidata.org/entity/Q58773247,188-234
http://www.wikidata.org/entity/Q58773245,150-187
http://www.wikidata.org/entity/Q58773251,264-319
http://www.wikidata.org/entity/Q58773249,235-263
http://www.wikidata.org/entity/Q58773254,326-338
http://www.wikidata.org/entity/Q58773253,320-325
http://www.wikidata.org/entity/Q58773258,339-347
http://www.wikidata.org/entity/Q58773260,348-390
http://www.wikidata.org/entity/Q58773261,391-404
http://www.wikidata.org/entity/Q58773267,430-431
http://www.wikidata.org/entity/Q58773264,405-429
http://www.wikidata.org/entity/Q58826209,11-16
http://www.wikidata.org/entity/Q58953729,1-6
http://www.wikidata.org/entity/Q58953763,7-39
http://www.wikidata.org/entity/Q58953796,40-73
http://www.wikidata.org/entity/Q58953832,74-115
http://www.wikidata.org/entity/Q58953868,116-142
http://www.wikidata.org/entity/Q58953902,143-176
http://www.wikidata.org/entity/Q58953937,177-200
http://www.wikidata.org/entity/Q58953970,201-258
http://www.wikidata.org/entity/Q58954003,259-336
http://www.wikidata.org/entity/Q58954040,337-353
http://www.wikidata.org/entity/Q58954077,354-357
http://www.wikidata.org/entity/Q58954115,358-364
http://www.wikidata.org/entity/Q58954151,365-383
http://www.wikidata.org/entity/Q58954188,384-400
http://www.wikidata.org/entity/Q58954224,401-431
http://www.wikidata.org/entity/Q59096078,55-70
http://www.wikidata.org/entity/Q59096076,6-16
http://www.wikidata.org/entity/Q59096077,17-54
http://www.wikidata.org/entity/Q59096082,130-150
http://www.wikidata.org/entity/Q59096080,71-93
http://www.wikidata.org/entity/Q59096081,94-129
http://www.wikidata.org/entity/Q59096086,183-192
http://www.wikidata.org/entity/Q59096084,151-171
http://www.wikidata.org/entity/Q59096085,172-182
http://www.wikidata.org/entity/Q59096090,208-240
http://www.wikidata.org/entity/Q59096088,193-196
http://www.wikidata.org/entity/Q59096089,197-207
http://www.wikidata.org/entity/Q59096094,3-5
http://www.wikidata.org/entity/Q59096092,241-255
http://www.wikidata.org/entity/Q59096093,1-2
http://www.wikidata.org/entity/Q59137259,11-16
http://www.wikidata.org/entity/Q59137262,57-95
http://www.wikidata.org/entity/Q59137260,19-35
http://www.wikidata.org/entity/Q59137261,37-55
http://www.wikidata.org/entity/Q59137266,115-122
http://www.wikidata.org/entity/Q59137267,123-147
http://www.wikidata.org/entity/Q59137264,97-111
http://www.wikidata.org/entity/Q59137270,167-175
http://www.wikidata.org/entity/Q59137268,151-165
http://www.wikidata.org/entity/Q59137272,177-180
http://www.wikidata.org/entity/Q59154963,11-12
http://www.wikidata.org/entity/Q59154966,125-151
http://www.wikidata.org/entity/Q59154967,155-160
http://www.wikidata.org/entity/Q59154964,15-53
http://www.wikidata.org/entity/Q59154965,55-124
http://www.wikidata.org/entity/Q59154971,205-210
http://www.wikidata.org/entity/Q59154968,161-186
http://www.wikidata.org/entity/Q59154969,187-202
http://www.wikidata.org/entity/Q59154974,223-226
http://www.wikidata.org/entity/Q59154975,227-228
http://www.wikidata.org/entity/Q59154972,211-220
http://www.wikidata.org/entity/Q59154976,229-233
http://www.wikidata.org/entity/Q59208094,63-80
http://www.wikidata.org/entity/Q59208095,83-136
http://www.wikidata.org/entity/Q59208093,19-61
http://www.wikidata.org/entity/Q59208098,233-264
http://www.wikidata.org/entity/Q59208096,137-184
http://www.wikidata.org/entity/Q59208097,185-230
http://www.wikidata.org/entity/Q59259739,11-19
http://www.wikidata.org/entity/Q59259742,89-112
http://www.wikidata.org/entity/Q59259743,113-124
http://www.wikidata.org/entity/Q59259740,23-77
http://www.wikidata.org/entity/Q59259741,79-87
http://www.wikidata.org/entity/Q59259746,187-211
http://www.wikidata.org/entity/Q59259747,211-229
http://www.wikidata.org/entity/Q59259744,125-158
http://www.wikidata.org/entity/Q59259745,161-185
http://www.wikidata.org/entity/Q59259748,231-281
http://www.wikidata.org/entity/Q59259749,285-297
http://www.wikidata.org/entity/Q59265383,9-12
http://www.wikidata.org/entity/Q59265386,123-148
http://www.wikidata.org/entity/Q59265384,15-94
http://www.wikidata.org/entity/Q59265385,95-121
http://www.wikidata.org/entity/Q59265390,187-202
http://www.wikidata.org/entity/Q59265391,203-254
http://www.wikidata.org/entity/Q59265388,149-184
http://www.wikidata.org/entity/Q59265394,267-269
http://www.wikidata.org/entity/Q59265395,271-278
http://www.wikidata.org/entity/Q59265392,255-264
http://www.wikidata.org/entity/Q59265396,279-280
http://www.wikidata.org/entity/Q59265397,281-289
http://www.wikidata.org/entity/Q59281535,9-17
http://www.wikidata.org/entity/Q59281538,79-91
http://www.wikidata.org/entity/Q59281539,93-120
http://www.wikidata.org/entity/Q59281536,21-67
http://www.wikidata.org/entity/Q59281537,69-77
http://www.wikidata.org/entity/Q59281542,175-187
http://www.wikidata.org/entity/Q59281543,191-192
http://www.wikidata.org/entity/Q59281540,121-156
http://www.wikidata.org/entity/Q59281541,157-174
http://www.wikidata.org/entity/Q59388175,
http://www.wikidata.org/entity/Q59388178,
http://www.wikidata.org/entity/Q59388179,
http://www.wikidata.org/entity/Q59388176,
http://www.wikidata.org/entity/Q59388177,
http://www.wikidata.org/entity/Q59388182,
http://www.wikidata.org/entity/Q59388183,
http://www.wikidata.org/entity/Q59388180,
http://www.wikidata.org/entity/Q59388181,
http://www.wikidata.org/entity/Q59388184,
http://www.wikidata.org/entity/Q59388185,
http://www.wikidata.org/entity/Q60713534,
http://www.wikidata.org/entity/Q60907273,8-55
http://www.wikidata.org/entity/Q60907285,56-77
http://www.wikidata.org/entity/Q60907291,78-110
http://www.wikidata.org/entity/Q60907308,111-135
http://www.wikidata.org/entity/Q60907317,136-171
http://www.wikidata.org/entity/Q60907331,172-197
http://www.wikidata.org/entity/Q60907344,198-230
http://www.wikidata.org/entity/Q60907356,231-299
http://www.wikidata.org/entity/Q60907372,300-311
http://www.wikidata.org/entity/Q60907379,312-347
http://www.wikidata.org/entity/Q60907392,348-370
http://www.wikidata.org/entity/Q60907408,371-397
http://www.wikidata.org/entity/Q60907417,398-418
http://www.wikidata.org/entity/Q60907422,419-439
http://www.wikidata.org/entity/Q60907435,1-7
http://www.wikidata.org/entity/Q61056650,
http://www.wikidata.org/entity/Q61057042,
http://www.wikidata.org/entity/Q61776076,7-8
http://www.wikidata.org/entity/Q61776080,55-66
http://www.wikidata.org/entity/Q61776462,7-9
http://www.wikidata.org/entity/Q61776467,53-68
http://www.wikidata.org/entity/Q61776464,31-51
http://www.wikidata.org/entity/Q61776468,81-97
http://www.wikidata.org/entity/Q61776469,101-104
http://www.wikidata.org/entity/Q62579849,
http://www.wikidata.org/entity/Q64712103,1-3
http://www.wikidata.org/entity/Q64712106,60-83
http://www.wikidata.org/entity/Q64712107,84-118
http://www.wikidata.org/entity/Q64712105,4-59
http://www.wikidata.org/entity/Q64712110,148-182
http://www.wikidata.org/entity/Q64712109,119-147
http://www.wikidata.org/entity/Q64712112,183-212
http://www.wikidata.org/entity/Q64712113,213-226
http://www.wikidata.org/entity/Q64712116,227-248
http://www.wikidata.org/entity/Q64712134,249-259
http://www.wikidata.org/entity/Q64712144,260-272
http://www.wikidata.org/entity/Q64712156,273-284
http://www.wikidata.org/entity/Q64712171,285-308
http://www.wikidata.org/entity/Q64712184,309-314
http://www.wikidata.org/entity/Q64712198,315-333
http://www.wikidata.org/entity/Q65594178,237-248
http://www.wikidata.org/entity/Q69559758,
http://www.wikidata.org/entity/Q69646153,
http://www.wikidata.org/entity/Q69776340,1155-1362
http://www.wikidata.org/entity/Q69776400,1277-1279
http://www.wikidata.org/entity/Q69776436,1319-1323
http://www.wikidata.org/entity/Q69776444,1337
http://www.wikidata.org/entity/Q69776453,1341-1343
http://www.wikidata.org/entity/Q70982360,202-210
http://www.wikidata.org/entity/Q73492838,153-162
http://www.wikidata.org/entity/Q74825992,29-46
http://www.wikidata.org/entity/Q77304139,617-640
http://www.wikidata.org/entity/Q78577731,1073-1075
http://www.wikidata.org/entity/Q82514580,8-42
http://www.wikidata.org/entity/Q82514642,115-168
http://www.wikidata.org/entity/Q82514941,394-404
http://www.wikidata.org/entity/Q82514978,312-344
http://www.wikidata.org/entity/Q82515058,382-393
http://www.wikidata.org/entity/Q82515159,1-7
http://www.wikidata.org/entity/Q82515164,43-97
http://www.wikidata.org/entity/Q82515170,219-254
http://www.wikidata.org/entity/Q82515168,98-114
http://www.wikidata.org/entity/Q82515174,255-296
http://www.wikidata.org/entity/Q82515177,297-311
http://www.wikidata.org/entity/Q82515180,345-357
http://www.wikidata.org/entity/Q82515186,358-381
http://www.wikidata.org/entity/Q83365686,169-218
http://www.wikidata.org/entity/Q83612194,4-26
http://www.wikidata.org/entity/Q92592463,5
http://www.wikidata.org/entity/Q92592494,7-8
http://www.wikidata.org/entity/Q92592577,11-15
http://www.wikidata.org/entity/Q92592656,17-48
http://www.wikidata.org/entity/Q92592734,49-53
http://www.wikidata.org/entity/Q92592817,55-62
http://www.wikidata.org/entity/Q92592907,63-69
http://www.wikidata.org/entity/Q92593011,73-104
http://www.wikidata.org/entity/Q92593112,105-114
http://www.wikidata.org/entity/Q92593206,115-129
http://www.wikidata.org/entity/Q95997038,89-280
http://www.wikidata.org/entity/Q95997039,455-464
http://www.wikidata.org/entity/Q95997044,461-575
http://www.wikidata.org/entity/Q95997054,723-734
http://www.wikidata.org/entity/Q95997062,95-100
http://www.wikidata.org/entity/Q95997060,79-96
http://www.wikidata.org/entity/Q95997061,279-294
http://www.wikidata.org/entity/Q95997066,553-614
http://www.wikidata.org/entity/Q95997067,627-636
http://www.wikidata.org/entity/Q95997073,1-201
http://www.wikidata.org/entity/Q95997079,351-354
http://www.wikidata.org/entity/Q95997076,167-170
http://www.wikidata.org/entity/Q95997077,179-199
http://www.wikidata.org/entity/Q95997082,203-217
http://www.wikidata.org/entity/Q95997081,1-6
http://www.wikidata.org/entity/Q95997084,203-212
http://www.wikidata.org/entity/Q95997102,233-234
http://www.wikidata.org/entity/Q95997103,29-32
http://www.wikidata.org/entity/Q95997101,231-232
http://www.wikidata.org/entity/Q96623074,1-10
http://www.wikidata.org/entity/Q96623075,11-31
http://www.wikidata.org/entity/Q96623078,82-117
http://www.wikidata.org/entity/Q96623079,118-253
http://www.wikidata.org/entity/Q96623076,32-54
http://www.wikidata.org/entity/Q96623082,290-317
http://www.wikidata.org/entity/Q96623083,318-345
http://www.wikidata.org/entity/Q96623081,254-289
http://www.wikidata.org/entity/Q96623086,384-393
http://www.wikidata.org/entity/Q96623087,394-416
http://www.wikidata.org/entity/Q96623085,346-383
http://www.wikidata.org/entity/Q96623090,454-468
http://www.wikidata.org/entity/Q96623091,469-491
http://www.wikidata.org/entity/Q96623089,417-453
http://www.wikidata.org/entity/Q96623093,492-497
http://www.wikidata.org/entity/Q99573989,111-115
http://www.wikidata.org/entity/Q99639341,199
http://www.wikidata.org/entity/Q99653413,179
http://www.wikidata.org/entity/Q99654817,167
http://www.wikidata.org/entity/Q99661235,179-190
http://www.wikidata.org/entity/Q99860432,413-421
http://www.wikidata.org/entity/Q99860449,441-446
http://www.wikidata.org/entity/Q99860482,151-157
http://www.wikidata.org/entity/Q99860480,145-168
http://www.wikidata.org/entity/Q99860487,277-290
http://www.wikidata.org/entity/Q100741569,
http://www.wikidata.org/entity/Q101086004,101-118
http://www.wikidata.org/entity/Q101996668,
http://www.wikidata.org/entity/Q102115630,
http://www.wikidata.org/entity/Q102116015,11-13
http://www.wikidata.org/entity/Q102391509,
http://www.wikidata.org/entity/Q102391845,
http://www.wikidata.org/entity/Q102392002,
http://www.wikidata.org/entity/Q102392285,
http://www.wikidata.org/entity/Q102392363,
http://www.wikidata.org/entity/Q102392806,
http://www.wikidata.org/entity/Q102392889,
http://www.wikidata.org/entity/Q102393180,
http://www.wikidata.org/entity/Q102393258,
http://www.wikidata.org/entity/Q102393556,
http://www.wikidata.org/entity/Q102393664,
http://www.wikidata.org/entity/Q102393759,
http://www.wikidata.org/entity/Q102393947,
http://www.wikidata.org/entity/Q102393996,
http://www.wikidata.org/entity/Q102503100,
http://www.wikidata.org/entity/Q102802821,
http://www.wikidata.org/entity/Q102805155,
http://www.wikidata.org/entity/Q102808536,
http://www.wikidata.org/entity/Q102809224,
http://www.wikidata.org/entity/Q102810332,
http://www.wikidata.org/entity/Q102821767,
http://www.wikidata.org/entity/Q102822425,
http://www.wikidata.org/entity/Q102822617,
http://www.wikidata.org/entity/Q102822746,
http://www.wikidata.org/entity/Q102823167,
http://www.wikidata.org/entity/Q102823781,
http://www.wikidata.org/entity/Q103896945,
http://www.wikidata.org/entity/Q103896950,
http://www.wikidata.org/entity/Q103896948,
http://www.wikidata.org/entity/Q103896949,
http://www.wikidata.org/entity/Q103896952,
http://www.wikidata.org/entity/Q103899574,
http://www.wikidata.org/entity/Q103899584,
http://www.wikidata.org/entity/Q103899585,
http://www.wikidata.org/entity/Q103899590,
http://www.wikidata.org/entity/Q103899591,
http://www.wikidata.org/entity/Q103899589,
http://www.wikidata.org/entity/Q103899592,
http://www.wikidata.org/entity/Q103899593,
http://www.wikidata.org/entity/Q103899598,
http://www.wikidata.org/entity/Q103899599,
http://www.wikidata.org/entity/Q103899596,
http://www.wikidata.org/entity/Q103899597,
http://www.wikidata.org/entity/Q103899601,
http://www.wikidata.org/entity/Q103899606,
http://www.wikidata.org/entity/Q103899607,
http://www.wikidata.org/entity/Q103899604,
http://www.wikidata.org/entity/Q103899605,
http://www.wikidata.org/entity/Q103899610,
http://www.wikidata.org/entity/Q103899609,
http://www.wikidata.org/entity/Q103899614,
http://www.wikidata.org/entity/Q103899613,
http://www.wikidata.org/entity/Q103901278,
http://www.wikidata.org/entity/Q103901283,
http://www.wikidata.org/entity/Q103901280,
http://www.wikidata.org/entity/Q103901290,
http://www.wikidata.org/entity/Q103901289,
http://www.wikidata.org/entity/Q103901292,
http://www.wikidata.org/entity/Q103901299,
http://www.wikidata.org/entity/Q103901296,
http://www.wikidata.org/entity/Q103901302,
http://www.wikidata.org/entity/Q103901301,
http://www.wikidata.org/entity/Q103901304,
http://www.wikidata.org/entity/Q103901310,
http://www.wikidata.org/entity/Q103901308,
http://www.wikidata.org/entity/Q103901314,
http://www.wikidata.org/entity/Q103901316,
http://www.wikidata.org/entity/Q103901322,
http://www.wikidata.org/entity/Q103901321,
http://www.wikidata.org/entity/Q103901324,
http://www.wikidata.org/entity/Q103915809,
http://www.wikidata.org/entity/Q103915814,
http://www.wikidata.org/entity/Q103915812,
http://www.wikidata.org/entity/Q103915818,
http://www.wikidata.org/entity/Q103915819,
http://www.wikidata.org/entity/Q103915822,
http://www.wikidata.org/entity/Q103915827,
http://www.wikidata.org/entity/Q103915824,
http://www.wikidata.org/entity/Q103915831,
http://www.wikidata.org/entity/Q103915835,
http://www.wikidata.org/entity/Q103915833,
http://www.wikidata.org/entity/Q103915839,
http://www.wikidata.org/entity/Q103915836,
http://www.wikidata.org/entity/Q103915843,
http://www.wikidata.org/entity/Q103915841,
http://www.wikidata.org/entity/Q103915866,
http://www.wikidata.org/entity/Q103915864,
http://www.wikidata.org/entity/Q103915869,
http://www.wikidata.org/entity/Q103915875,
http://www.wikidata.org/entity/Q103915873,
http://www.wikidata.org/entity/Q103915883,
http://www.wikidata.org/entity/Q103915881,
http://www.wikidata.org/entity/Q103915887,
http://www.wikidata.org/entity/Q103915888,
http://www.wikidata.org/entity/Q103915895,
http://www.wikidata.org/entity/Q103915893,
http://www.wikidata.org/entity/Q103915898,
http://www.wikidata.org/entity/Q103915903,
http://www.wikidata.org/entity/Q103915900,
http://www.wikidata.org/entity/Q103915907,
http://www.wikidata.org/entity/Q103918125,
http://www.wikidata.org/entity/Q103918128,
http://www.wikidata.org/entity/Q103918134,
http://www.wikidata.org/entity/Q103918132,
http://www.wikidata.org/entity/Q103918138,
http://www.wikidata.org/entity/Q103918139,
http://www.wikidata.org/entity/Q103918136,
http://www.wikidata.org/entity/Q103918142,
http://www.wikidata.org/entity/Q103918144,
http://www.wikidata.org/entity/Q103918150,
http://www.wikidata.org/entity/Q103918148,
http://www.wikidata.org/entity/Q103918152,
http://www.wikidata.org/entity/Q103918156,
http://www.wikidata.org/entity/Q103918163,
http://www.wikidata.org/entity/Q103918160,
http://www.wikidata.org/entity/Q103918164,
http://www.wikidata.org/entity/Q103918168,
http://www.wikidata.org/entity/Q103918169,
http://www.wikidata.org/entity/Q103918174,
http://www.wikidata.org/entity/Q103918172,
http://www.wikidata.org/entity/Q103918178,
http://www.wikidata.org/entity/Q103918180,
http://www.wikidata.org/entity/Q103918211,
http://www.wikidata.org/entity/Q103918215,
http://www.wikidata.org/entity/Q103918217,
http://www.wikidata.org/entity/Q103918222,
http://www.wikidata.org/entity/Q103918220,
http://www.wikidata.org/entity/Q103918227,
http://www.wikidata.org/entity/Q103918224,
http://www.wikidata.org/entity/Q103918230,
http://www.wikidata.org/entity/Q103918234,
http://www.wikidata.org/entity/Q103918232,
http://www.wikidata.org/entity/Q103918238,
http://www.wikidata.org/entity/Q103918236,
http://www.wikidata.org/entity/Q103918242,
http://www.wikidata.org/entity/Q103918240,
http://www.wikidata.org/entity/Q103918246,
http://www.wikidata.org/entity/Q103918244,
http://www.wikidata.org/entity/Q103918251,
http://www.wikidata.org/entity/Q103918249,
http://www.wikidata.org/entity/Q103918253,
http://www.wikidata.org/entity/Q103918258,
http://www.wikidata.org/entity/Q103918256,
http://www.wikidata.org/entity/Q103918260,
http://www.wikidata.org/entity/Q103918266,
http://www.wikidata.org/entity/Q103918264,
http://www.wikidata.org/entity/Q103918270,
http://www.wikidata.org/entity/Q103918268,
http://www.wikidata.org/entity/Q103918272,
http://www.wikidata.org/entity/Q103918273,
http://www.wikidata.org/entity/Q103918279,
http://www.wikidata.org/entity/Q103918276,
http://www.wikidata.org/entity/Q103918326,
http://www.wikidata.org/entity/Q103918330,
http://www.wikidata.org/entity/Q103918328,
http://www.wikidata.org/entity/Q103918333,
http://www.wikidata.org/entity/Q103918338,
http://www.wikidata.org/entity/Q103918339,
http://www.wikidata.org/entity/Q103918336,
http://www.wikidata.org/entity/Q103918341,
http://www.wikidata.org/entity/Q103918347,
http://www.wikidata.org/entity/Q103918344,
http://www.wikidata.org/entity/Q103918350,
http://www.wikidata.org/entity/Q103918353,
http://www.wikidata.org/entity/Q103918358,
http://www.wikidata.org/entity/Q103918356,
http://www.wikidata.org/entity/Q103918363,
http://www.wikidata.org/entity/Q103918361,
http://www.wikidata.org/entity/Q103918366,
http://www.wikidata.org/entity/Q103918370,
http://www.wikidata.org/entity/Q103918368,
http://www.wikidata.org/entity/Q103918375,
http://www.wikidata.org/entity/Q103918373,
http://www.wikidata.org/entity/Q103918377,
http://www.wikidata.org/entity/Q103919289,
http://www.wikidata.org/entity/Q103919294,
http://www.wikidata.org/entity/Q103919299,
http://www.wikidata.org/entity/Q103919296,
http://www.wikidata.org/entity/Q103919303,
http://www.wikidata.org/entity/Q103919301,
http://www.wikidata.org/entity/Q103919307,
http://www.wikidata.org/entity/Q103919305,
http://www.wikidata.org/entity/Q103919309,
http://www.wikidata.org/entity/Q103919315,
http://www.wikidata.org/entity/Q103919312,
http://www.wikidata.org/entity/Q103919318,
http://www.wikidata.org/entity/Q103919323,
http://www.wikidata.org/entity/Q103919320,
http://www.wikidata.org/entity/Q103919326,
http://www.wikidata.org/entity/Q103919331,
http://www.wikidata.org/entity/Q103919328,
http://www.wikidata.org/entity/Q103919333,
http://www.wikidata.org/entity/Q103919339,
http://www.wikidata.org/entity/Q103919336,
http://www.wikidata.org/entity/Q103919343,
http://www.wikidata.org/entity/Q103919346,
http://www.wikidata.org/entity/Q103919351,
http://www.wikidata.org/entity/Q103919348,
http://www.wikidata.org/entity/Q103919353,
http://www.wikidata.org/entity/Q103919359,
http://www.wikidata.org/entity/Q103919357,
http://www.wikidata.org/entity/Q103919362,
http://www.wikidata.org/entity/Q103919366,
http://www.wikidata.org/entity/Q103919364,
http://www.wikidata.org/entity/Q103919369,
http://www.wikidata.org/entity/Q103919372,
http://www.wikidata.org/entity/Q103919378,
http://www.wikidata.org/entity/Q103919376,
http://www.wikidata.org/entity/Q103919382,
http://www.wikidata.org/entity/Q103919380,
http://www.wikidata.org/entity/Q103919385,
http://www.wikidata.org/entity/Q103919389,
http://www.wikidata.org/entity/Q103919394,
http://www.wikidata.org/entity/Q103919396,
http://www.wikidata.org/entity/Q103919620,
http://www.wikidata.org/entity/Q103919627,61-74
http://www.wikidata.org/entity/Q103919625,
http://www.wikidata.org/entity/Q103919629,
http://www.wikidata.org/entity/Q103919635,
http://www.wikidata.org/entity/Q103919632,
http://www.wikidata.org/entity/Q103919633,
http://www.wikidata.org/entity/Q103919639,
http://www.wikidata.org/entity/Q103919643,
http://www.wikidata.org/entity/Q103919646,
http://www.wikidata.org/entity/Q103919650,227-240
http://www.wikidata.org/entity/Q103919654,
http://www.wikidata.org/entity/Q103919652,
http://www.wikidata.org/entity/Q103919658,
http://www.wikidata.org/entity/Q103919715,
http://www.wikidata.org/entity/Q103919718,
http://www.wikidata.org/entity/Q103919722,
http://www.wikidata.org/entity/Q103919720,
http://www.wikidata.org/entity/Q103919727,
http://www.wikidata.org/entity/Q103919724,
http://www.wikidata.org/entity/Q103919730,
http://www.wikidata.org/entity/Q103919735,
http://www.wikidata.org/entity/Q103919732,
http://www.wikidata.org/entity/Q103919738,
http://www.wikidata.org/entity/Q103919742,
http://www.wikidata.org/entity/Q103919894,
http://www.wikidata.org/entity/Q103919979,
http://www.wikidata.org/entity/Q103919982,
http://www.wikidata.org/entity/Q103919987,
http://www.wikidata.org/entity/Q103919985,
http://www.wikidata.org/entity/Q103919990,
http://www.wikidata.org/entity/Q103919994,
http://www.wikidata.org/entity/Q103919999,
http://www.wikidata.org/entity/Q103920001,
http://www.wikidata.org/entity/Q103920007,
http://www.wikidata.org/entity/Q103920009,
http://www.wikidata.org/entity/Q103920012,
http://www.wikidata.org/entity/Q103920016,
http://www.wikidata.org/entity/Q103948932,52-60
http://www.wikidata.org/entity/Q103948937,84-95
http://www.wikidata.org/entity/Q103948941,14-31
http://www.wikidata.org/entity/Q103948945,30-38
http://www.wikidata.org/entity/Q103948950,24-34
http://www.wikidata.org/entity/Q103948951,20-28
http://www.wikidata.org/entity/Q103948955,85-98
http://www.wikidata.org/entity/Q103948958,31-42
http://www.wikidata.org/entity/Q103948962,54-70
http://www.wikidata.org/entity/Q103948964,48-63
http://www.wikidata.org/entity/Q103948970,57-67
http://www.wikidata.org/entity/Q103948968,26-36
http://www.wikidata.org/entity/Q103948975,39-45
http://www.wikidata.org/entity/Q103948977,34-39
http://www.wikidata.org/entity/Q103948981,50-53; 50-54
http://www.wikidata.org/entity/Q103948986,43-50
http://www.wikidata.org/entity/Q103948989,18-29
http://www.wikidata.org/entity/Q103948995,18-23
http://www.wikidata.org/entity/Q103948999,61-68
http://www.wikidata.org/entity/Q103949004,3
http://www.wikidata.org/entity/Q103949008,32-42
http://www.wikidata.org/entity/Q103949012,39-47
http://www.wikidata.org/entity/Q103949016,35-45
http://www.wikidata.org/entity/Q103949017,68-71
http://www.wikidata.org/entity/Q103949027,43-54
http://www.wikidata.org/entity/Q103949024,99-108
http://www.wikidata.org/entity/Q103949093,65-80
http://www.wikidata.org/entity/Q103949098,37-42
http://www.wikidata.org/entity/Q103949103,52-56
http://www.wikidata.org/entity/Q103949113,46-59
http://www.wikidata.org/entity/Q103949118,83-86
http://www.wikidata.org/entity/Q103949123,54-58
http://www.wikidata.org/entity/Q103949130,5
http://www.wikidata.org/entity/Q103949137,70-76
http://www.wikidata.org/entity/Q103949143,69-78
http://www.wikidata.org/entity/Q103949146,5
http://www.wikidata.org/entity/Q103949150,71-82
http://www.wikidata.org/entity/Q103949156,4-15
http://www.wikidata.org/entity/Q103949167,51-58
http://www.wikidata.org/entity/Q103949170,48-54
http://www.wikidata.org/entity/Q103949176,62-65
http://www.wikidata.org/entity/Q103949183,72-80
http://www.wikidata.org/entity/Q103949187,111-119
http://www.wikidata.org/entity/Q103949190,55-67
http://www.wikidata.org/entity/Q103949193,41-53
http://www.wikidata.org/entity/Q103949200,
http://www.wikidata.org/entity/Q103949206,68-80
http://www.wikidata.org/entity/Q103949219,29-39
http://www.wikidata.org/entity/Q103949227,60-68
http://www.wikidata.org/entity/Q103949230,3
http://www.wikidata.org/entity/Q103949234,59-66
http://www.wikidata.org/entity/Q103949237,4-11
http://www.wikidata.org/entity/Q103949242,5-11
http://www.wikidata.org/entity/Q103949248,56-61
http://www.wikidata.org/entity/Q103949253,6-17
http://www.wikidata.org/entity/Q103949258,87-94
http://www.wikidata.org/entity/Q103949266,16-32
http://www.wikidata.org/entity/Q103949269,59-66
http://www.wikidata.org/entity/Q103949274,55-68
http://www.wikidata.org/entity/Q103949282,46-55
http://www.wikidata.org/entity/Q103949284,23-33
http://www.wikidata.org/entity/Q103949290,68-76
http://www.wikidata.org/entity/Q103949342,23-36
http://www.wikidata.org/entity/Q103949351,43-57
http://www.wikidata.org/entity/Q103949355,
http://www.wikidata.org/entity/Q103949362,4-18
http://www.wikidata.org/entity/Q103949360,69-81
http://www.wikidata.org/entity/Q103949365,67-80
http://www.wikidata.org/entity/Q103949369,12-22
http://www.wikidata.org/entity/Q103949373,59-66
http://www.wikidata.org/entity/Q103949377,7-19
http://www.wikidata.org/entity/Q103949382,18-29
http://www.wikidata.org/entity/Q103949385,5
http://www.wikidata.org/entity/Q103949391,33-42
http://www.wikidata.org/entity/Q103949397,69-80
http://www.wikidata.org/entity/Q103949402,77-88
http://www.wikidata.org/entity/Q103949406,
http://www.wikidata.org/entity/Q103949408,40-51
http://www.wikidata.org/entity/Q103949414,3
http://www.wikidata.org/entity/Q103949412,77-83
http://www.wikidata.org/entity/Q103949419,6-17
http://www.wikidata.org/entity/Q103949425,
http://www.wikidata.org/entity/Q103949431,82-84
http://www.wikidata.org/entity/Q103949428,4-6
http://www.wikidata.org/entity/Q103949437,19-30
http://www.wikidata.org/entity/Q103949443,27-40
http://www.wikidata.org/entity/Q103949445,37-47
http://www.wikidata.org/entity/Q103949450,12-25
http://www.wikidata.org/entity/Q103949454,40-51
http://www.wikidata.org/entity/Q103949460,30-38
http://www.wikidata.org/entity/Q103949465,6-22
http://www.wikidata.org/entity/Q103949468,43-49
http://www.wikidata.org/entity/Q103949472,6-13
http://www.wikidata.org/entity/Q103949476,
http://www.wikidata.org/entity/Q103949482,6-17
http://www.wikidata.org/entity/Q104057116,
http://www.wikidata.org/entity/Q104057358,
http://www.wikidata.org/entity/Q104150702,
http://www.wikidata.org/entity/Q104150703,
http://www.wikidata.org/entity/Q104150704,2-3
http://www.wikidata.org/entity/Q104213403,
http://www.wikidata.org/entity/Q104213404,
http://www.wikidata.org/entity/Q104250752,
http://www.wikidata.org/entity/Q104250758,
http://www.wikidata.org/entity/Q104250756,
http://www.wikidata.org/entity/Q104250763,
http://www.wikidata.org/entity/Q104250761,
http://www.wikidata.org/entity/Q104250766,
http://www.wikidata.org/entity/Q104250768,
http://www.wikidata.org/entity/Q104250769,
http://www.wikidata.org/entity/Q104250775,
http://www.wikidata.org/entity/Q104250772,
http://www.wikidata.org/entity/Q104250773,
http://www.wikidata.org/entity/Q104250778,
http://www.wikidata.org/entity/Q104250781,
http://www.wikidata.org/entity/Q104250786,
http://www.wikidata.org/entity/Q104250784,
http://www.wikidata.org/entity/Q104250790,
http://www.wikidata.org/entity/Q104250788,7
http://www.wikidata.org/entity/Q104250795,
http://www.wikidata.org/entity/Q104250793,
http://www.wikidata.org/entity/Q104250798,
http://www.wikidata.org/entity/Q104381859,
http://www.wikidata.org/entity/Q104381886,
http://www.wikidata.org/entity/Q104381887,
http://www.wikidata.org/entity/Q104381885,
http://www.wikidata.org/entity/Q104381890,
http://www.wikidata.org/entity/Q104381891,
http://www.wikidata.org/entity/Q104381888,
http://www.wikidata.org/entity/Q104381889,
http://www.wikidata.org/entity/Q104381894,
http://www.wikidata.org/entity/Q104381895,
http://www.wikidata.org/entity/Q104381892,
http://www.wikidata.org/entity/Q104381893,
http://www.wikidata.org/entity/Q104381898,
http://www.wikidata.org/entity/Q104381899,
http://www.wikidata.org/entity/Q104381896,
http://www.wikidata.org/entity/Q104381897,
http://www.wikidata.org/entity/Q104381902,
http://www.wikidata.org/entity/Q104381903,
http://www.wikidata.org/entity/Q104381900,
http://www.wikidata.org/entity/Q104381901,
http://www.wikidata.org/entity/Q104381904,
http://www.wikidata.org/entity/Q104381905,
http://www.wikidata.org/entity/Q104382458,
http://www.wikidata.org/entity/Q104382459,
http://www.wikidata.org/entity/Q104382457,
http://www.wikidata.org/entity/Q104382462,
http://www.wikidata.org/entity/Q104382463,
http://www.wikidata.org/entity/Q104382460,
http://www.wikidata.org/entity/Q104382466,
http://www.wikidata.org/entity/Q104382467,
http://www.wikidata.org/entity/Q104382464,
http://www.wikidata.org/entity/Q104382465,
http://www.wikidata.org/entity/Q104382470,
http://www.wikidata.org/entity/Q104382471,
http://www.wikidata.org/entity/Q104382468,
http://www.wikidata.org/entity/Q104382469,
http://www.wikidata.org/entity/Q104382475,
http://www.wikidata.org/entity/Q104382472,
http://www.wikidata.org/entity/Q104382473,
http://www.wikidata.org/entity/Q104455507,
http://www.wikidata.org/entity/Q104786698,1-3
http://www.wikidata.org/entity/Q104786699,4-100
http://www.wikidata.org/entity/Q104786702,203-277
http://www.wikidata.org/entity/Q104786700,101-166
http://www.wikidata.org/entity/Q104786701,167-202
http://www.wikidata.org/entity/Q104786706,420-457
http://www.wikidata.org/entity/Q104786707,458-469
http://www.wikidata.org/entity/Q104786704,278-342
http://www.wikidata.org/entity/Q104786705,343-419
http://www.wikidata.org/entity/Q104786709,470-475
http://www.wikidata.org/entity/Q105491102,
http://www.wikidata.org/entity/Q105491103,
http://www.wikidata.org/entity/Q105491101,
http://www.wikidata.org/entity/Q105491106,
http://www.wikidata.org/entity/Q105491107,
http://www.wikidata.org/entity/Q105491104,
http://www.wikidata.org/entity/Q105491105,
http://www.wikidata.org/entity/Q105491110,
http://www.wikidata.org/entity/Q105491108,
http://www.wikidata.org/entity/Q105491109,
http://www.wikidata.org/entity/Q105491114,
http://www.wikidata.org/entity/Q105491112,
http://www.wikidata.org/entity/Q105491113,
http://www.wikidata.org/entity/Q106696225,24-27
http://www.wikidata.org/entity/Q107394986,1-10
http://www.wikidata.org/entity/Q107394987,11-45
http://www.wikidata.org/entity/Q107394990,175-231
http://www.wikidata.org/entity/Q107394991,232-272
http://www.wikidata.org/entity/Q107394988,46-69
http://www.wikidata.org/entity/Q107394989,70-174
http://www.wikidata.org/entity/Q107394994,313-327
http://www.wikidata.org/entity/Q107394995,328-351
http://www.wikidata.org/entity/Q107394992,273-312
http://www.wikidata.org/entity/Q107394999,420-462
http://www.wikidata.org/entity/Q107394996,352-400
http://www.wikidata.org/entity/Q107394997,401-419
http://www.wikidata.org/entity/Q107395002,510-512
http://www.wikidata.org/entity/Q107395003,513-517
http://www.wikidata.org/entity/Q107395000,463-487
http://www.wikidata.org/entity/Q107395001,488-509
http://www.wikidata.org/entity/Q107620404,33-44
http://www.wikidata.org/entity/Q107699770,
http://www.wikidata.org/entity/Q109593333,407-489
http://www.wikidata.org/entity/Q109593344,75-122
http://www.wikidata.org/entity/Q109622637,299-337
http://www.wikidata.org/entity/Q109659838,
http://www.wikidata.org/entity/Q109659843,
http://www.wikidata.org/entity/Q109854295,
http://www.wikidata.org/entity/Q109854298,
http://www.wikidata.org/entity/Q109854299,
http://www.wikidata.org/entity/Q109854296,
http://www.wikidata.org/entity/Q109854297,
http://www.wikidata.org/entity/Q109854302,
http://www.wikidata.org/entity/Q109854303,
http://www.wikidata.org/entity/Q109854301,
http://www.wikidata.org/entity/Q109854306,
http://www.wikidata.org/entity/Q109854307,
http://www.wikidata.org/entity/Q109854304,
http://www.wikidata.org/entity/Q109854311,
http://www.wikidata.org/entity/Q109854309,
http://www.wikidata.org/entity/Q109854314,
http://www.wikidata.org/entity/Q109854315,
http://www.wikidata.org/entity/Q109854312,
http://www.wikidata.org/entity/Q109854313,
http://www.wikidata.org/entity/Q109854319,
http://www.wikidata.org/entity/Q109854316,
http://www.wikidata.org/entity/Q109854322,
http://www.wikidata.org/entity/Q109854323,
http://www.wikidata.org/entity/Q109854326,
http://www.wikidata.org/entity/Q109854327,
http://www.wikidata.org/entity/Q109854324,
http://www.wikidata.org/entity/Q109854325,
http://www.wikidata.org/entity/Q109854331,
http://www.wikidata.org/entity/Q109854328,
http://www.wikidata.org/entity/Q109854329,
http://www.wikidata.org/entity/Q109854334,
http://www.wikidata.org/entity/Q109854335,
http://www.wikidata.org/entity/Q109854332,
http://www.wikidata.org/entity/Q109854333,
http://www.wikidata.org/entity/Q109854338,
http://www.wikidata.org/entity/Q109854336,
http://www.wikidata.org/entity/Q109854337,
http://www.wikidata.org/entity/Q109854343,
http://www.wikidata.org/entity/Q109854341,
http://www.wikidata.org/entity/Q109854347,
http://www.wikidata.org/entity/Q109854344,
http://www.wikidata.org/entity/Q109854345,
http://www.wikidata.org/entity/Q109854351,
http://www.wikidata.org/entity/Q109854348,
http://www.wikidata.org/entity/Q109854349,
http://www.wikidata.org/entity/Q109854354,
http://www.wikidata.org/entity/Q109854355,
http://www.wikidata.org/entity/Q109854352,
http://www.wikidata.org/entity/Q109854353,
http://www.wikidata.org/entity/Q109854358,
http://www.wikidata.org/entity/Q109854359,
http://www.wikidata.org/entity/Q109854360,
http://www.wikidata.org/entity/Q109854430,
http://www.wikidata.org/entity/Q109854431,
http://www.wikidata.org/entity/Q109854434,
http://www.wikidata.org/entity/Q109854435,
http://www.wikidata.org/entity/Q109854432,
http://www.wikidata.org/entity/Q109854439,
http://www.wikidata.org/entity/Q109854436,
http://www.wikidata.org/entity/Q109854437,
http://www.wikidata.org/entity/Q109854442,
http://www.wikidata.org/entity/Q109854440,
http://www.wikidata.org/entity/Q109854446,
http://www.wikidata.org/entity/Q109854447,
http://www.wikidata.org/entity/Q109854444,
http://www.wikidata.org/entity/Q109854445,
http://www.wikidata.org/entity/Q109854450,
http://www.wikidata.org/entity/Q109854448,
http://www.wikidata.org/entity/Q109854449,
http://www.wikidata.org/entity/Q109854454,
http://www.wikidata.org/entity/Q109854452,
http://www.wikidata.org/entity/Q109854458,
http://www.wikidata.org/entity/Q109854459,
http://www.wikidata.org/entity/Q109854456,
http://www.wikidata.org/entity/Q109854457,
http://www.wikidata.org/entity/Q109854462,
http://www.wikidata.org/entity/Q109854461,
http://www.wikidata.org/entity/Q109854464,
http://www.wikidata.org/entity/Q109854465,
http://www.wikidata.org/entity/Q109854470,
http://www.wikidata.org/entity/Q109854471,
http://www.wikidata.org/entity/Q109854468,
http://www.wikidata.org/entity/Q109854469,
http://www.wikidata.org/entity/Q109854474,
http://www.wikidata.org/entity/Q109854472,
http://www.wikidata.org/entity/Q109854473,
http://www.wikidata.org/entity/Q109854476,
http://www.wikidata.org/entity/Q109854477,
http://www.wikidata.org/entity/Q109854483,
http://www.wikidata.org/entity/Q109854480,
http://www.wikidata.org/entity/Q109854481,
http://www.wikidata.org/entity/Q109854487,
http://www.wikidata.org/entity/Q109854484,
http://www.wikidata.org/entity/Q109854485,
http://www.wikidata.org/entity/Q109854491,
http://www.wikidata.org/entity/Q109854488,
http://www.wikidata.org/entity/Q109854489,
http://www.wikidata.org/entity/Q109854494,
http://www.wikidata.org/entity/Q109854495,
http://www.wikidata.org/entity/Q109854499,
http://www.wikidata.org/entity/Q109854497,
http://www.wikidata.org/entity/Q109854500,
http://www.wikidata.org/entity/Q109854566,
http://www.wikidata.org/entity/Q109854567,
http://www.wikidata.org/entity/Q109854565,
http://www.wikidata.org/entity/Q109854570,
http://www.wikidata.org/entity/Q109854571,
http://www.wikidata.org/entity/Q109854568,
http://www.wikidata.org/entity/Q109854574,
http://www.wikidata.org/entity/Q109854575,
http://www.wikidata.org/entity/Q109854573,
http://www.wikidata.org/entity/Q109854578,
http://www.wikidata.org/entity/Q109854579,
http://www.wikidata.org/entity/Q109854582,
http://www.wikidata.org/entity/Q109854583,
http://www.wikidata.org/entity/Q109854580,
http://www.wikidata.org/entity/Q109854586,
http://www.wikidata.org/entity/Q109854587,
http://www.wikidata.org/entity/Q109854584,
http://www.wikidata.org/entity/Q109854590,
http://www.wikidata.org/entity/Q109854588,
http://www.wikidata.org/entity/Q109854594,
http://www.wikidata.org/entity/Q109854592,
http://www.wikidata.org/entity/Q109854593,
http://www.wikidata.org/entity/Q109854598,
http://www.wikidata.org/entity/Q109854596,
http://www.wikidata.org/entity/Q109854597,
http://www.wikidata.org/entity/Q109854603,
http://www.wikidata.org/entity/Q109854600,
http://www.wikidata.org/entity/Q109854601,
http://www.wikidata.org/entity/Q109854607,
http://www.wikidata.org/entity/Q109854604,
http://www.wikidata.org/entity/Q109854605,
http://www.wikidata.org/entity/Q109854611,
http://www.wikidata.org/entity/Q109854608,
http://www.wikidata.org/entity/Q109854609,
http://www.wikidata.org/entity/Q109854612,
http://www.wikidata.org/entity/Q109854613,
http://www.wikidata.org/entity/Q109854618,
http://www.wikidata.org/entity/Q109854619,
http://www.wikidata.org/entity/Q109854616,
http://www.wikidata.org/entity/Q109854623,
http://www.wikidata.org/entity/Q109854620,
http://www.wikidata.org/entity/Q109854621,
http://www.wikidata.org/entity/Q109854627,
http://www.wikidata.org/entity/Q109854624,
http://www.wikidata.org/entity/Q109854625,
http://www.wikidata.org/entity/Q109854630,
http://www.wikidata.org/entity/Q109854629,
http://www.wikidata.org/entity/Q109854634,
http://www.wikidata.org/entity/Q109854632,
http://www.wikidata.org/entity/Q109854633,
http://www.wikidata.org/entity/Q109854699,
http://www.wikidata.org/entity/Q109854702,
http://www.wikidata.org/entity/Q109854700,
http://www.wikidata.org/entity/Q109854701,
http://www.wikidata.org/entity/Q109854706,
http://www.wikidata.org/entity/Q109854707,
http://www.wikidata.org/entity/Q109854704,
http://www.wikidata.org/entity/Q109854705,
http://www.wikidata.org/entity/Q109854708,
http://www.wikidata.org/entity/Q109854714,
http://www.wikidata.org/entity/Q109854712,
http://www.wikidata.org/entity/Q109854713,
http://www.wikidata.org/entity/Q109854718,
http://www.wikidata.org/entity/Q109854719,
http://www.wikidata.org/entity/Q109854716,
http://www.wikidata.org/entity/Q109854717,
http://www.wikidata.org/entity/Q109854721,
http://www.wikidata.org/entity/Q109947957,77-79
http://www.wikidata.org/entity/Q110067791,
http://www.wikidata.org/entity/Q110386754,15-46
http://www.wikidata.org/entity/Q110386758,94-112
http://www.wikidata.org/entity/Q110386756,47-93
http://www.wikidata.org/entity/Q110386763,138-151
http://www.wikidata.org/entity/Q110386761,113-137
http://www.wikidata.org/entity/Q110386765,152-163
http://www.wikidata.org/entity/Q110386770,196-218
http://www.wikidata.org/entity/Q110386771,219-254
http://www.wikidata.org/entity/Q110386768,164-195
http://www.wikidata.org/entity/Q110386774,271-326
http://www.wikidata.org/entity/Q110386773,255-270
http://www.wikidata.org/entity/Q110386778,362-422
http://www.wikidata.org/entity/Q110386776,327-361
http://www.wikidata.org/entity/Q110386782,465-497
http://www.wikidata.org/entity/Q110386780,423-464
http://www.wikidata.org/entity/Q110386786,1-14
http://www.wikidata.org/entity/Q110386784,498-525
http://www.wikidata.org/entity/Q111088376,
http://www.wikidata.org/entity/Q111163090,74-95
http://www.wikidata.org/entity/Q111191307,96-119
http://www.wikidata.org/entity/Q111232946,50-73
http://www.wikidata.org/entity/Q111235775,14-35
http://www.wikidata.org/entity/Q111244430,36-49
http://www.wikidata.org/entity/Q111248680,84-99
http://www.wikidata.org/entity/Q111248972,50-67
http://www.wikidata.org/entity/Q111281871,6-19
http://www.wikidata.org/entity/Q111282815,
http://www.wikidata.org/entity/Q111283250,68-63
http://www.wikidata.org/entity/Q111283475,36-49
http://www.wikidata.org/entity/Q111284671,22-35
http://www.wikidata.org/entity/Q111317641,36-59
http://www.wikidata.org/entity/Q111333696,
http://www.wikidata.org/entity/Q111333860,74-95
http://www.wikidata.org/entity/Q111339952,48-63
http://www.wikidata.org/entity/Q111340032,
http://www.wikidata.org/entity/Q111342753,8-21
http://www.wikidata.org/entity/Q111395751,129-140
http://www.wikidata.org/entity/Q111395752,31-53
http://www.wikidata.org/entity/Q111395753,141-149
http://www.wikidata.org/entity/Q111395758,11-30
http://www.wikidata.org/entity/Q111395759,101-110
http://www.wikidata.org/entity/Q111395756,167-177
http://www.wikidata.org/entity/Q111395757,85-99
http://www.wikidata.org/entity/Q111395762,55-70
http://www.wikidata.org/entity/Q111395763,7-10
http://www.wikidata.org/entity/Q111395760,71-83
http://www.wikidata.org/entity/Q111395761,151-166
http://www.wikidata.org/entity/Q111395764,121-127
http://www.wikidata.org/entity/Q111395765,111-119
http://www.wikidata.org/entity/Q111431563,359-373
http://www.wikidata.org/entity/Q111431566,375-385
http://www.wikidata.org/entity/Q111431567,233-255
http://www.wikidata.org/entity/Q111431564,257-281
http://www.wikidata.org/entity/Q111431565,387-424
http://www.wikidata.org/entity/Q111431570,299-322
http://www.wikidata.org/entity/Q111431571,323-338
http://www.wikidata.org/entity/Q111431568,425-440
http://www.wikidata.org/entity/Q111431569,283-297
http://www.wikidata.org/entity/Q111431574,339-346
http://www.wikidata.org/entity/Q111431573,449-464
http://www.wikidata.org/entity/Q111431578,347-358
http://www.wikidata.org/entity/Q111431576,441-447
http://www.wikidata.org/entity/Q111431577,229-231
http://www.wikidata.org/entity/Q111522931,125-142
http://www.wikidata.org/entity/Q111576588,112-125
http://www.wikidata.org/entity/Q111577180,96-111
http://www.wikidata.org/entity/Q111577447,17-31
http://www.wikidata.org/entity/Q111577696,98-111
http://www.wikidata.org/entity/Q111578756,193-205
http://www.wikidata.org/entity/Q111578802,39-52
http://www.wikidata.org/entity/Q111578810,147-163
http://www.wikidata.org/entity/Q111578825,19-36
http://www.wikidata.org/entity/Q111578864,181-201
http://www.wikidata.org/entity/Q111578928,51-66
http://www.wikidata.org/entity/Q111579071,231-236
http://www.wikidata.org/entity/Q111579162,29-52
http://www.wikidata.org/entity/Q111579187,67-73
http://www.wikidata.org/entity/Q111579339,151-155
http://www.wikidata.org/entity/Q111582491,93-104
http://www.wikidata.org/entity/Q111582712,67-74
http://www.wikidata.org/entity/Q111595862,125-145
http://www.wikidata.org/entity/Q111596675,32-47
http://www.wikidata.org/entity/Q111601394,75-91
http://www.wikidata.org/entity/Q111601392,145-168
http://www.wikidata.org/entity/Q111601398,93-97
http://www.wikidata.org/entity/Q111601399,121-130
http://www.wikidata.org/entity/Q111601396,93-106
http://www.wikidata.org/entity/Q111601397,109-130
http://www.wikidata.org/entity/Q111601402,105-107
http://www.wikidata.org/entity/Q111601401,159-161
http://www.wikidata.org/entity/Q111601404,99-104
http://www.wikidata.org/entity/Q111601410,143-158
http://www.wikidata.org/entity/Q111601411,31-34
http://www.wikidata.org/entity/Q111601414,63-74
http://www.wikidata.org/entity/Q111601413,39-42
http://www.wikidata.org/entity/Q111601423,35-37
http://www.wikidata.org/entity/Q111602339,19-22
http://www.wikidata.org/entity/Q111602343,83-103
http://www.wikidata.org/entity/Q111602340,23-39
http://www.wikidata.org/entity/Q111602345,109-121
http://www.wikidata.org/entity/Q111602350,141-145
http://www.wikidata.org/entity/Q111602351,147-154
http://www.wikidata.org/entity/Q111602354,8-13
http://www.wikidata.org/entity/Q111602353,1-7
http://www.wikidata.org/entity/Q111602358,33-35
http://www.wikidata.org/entity/Q111602359,36-41
http://www.wikidata.org/entity/Q111602356,18-27
http://www.wikidata.org/entity/Q111602357,28-32
http://www.wikidata.org/entity/Q111602362,9-13
http://www.wikidata.org/entity/Q111602363,14-15
http://www.wikidata.org/entity/Q111602360,1-5
http://www.wikidata.org/entity/Q111602361,6-8
http://www.wikidata.org/entity/Q111602366,21-22
http://www.wikidata.org/entity/Q111602367,23-25
http://www.wikidata.org/entity/Q111602364,16-17
http://www.wikidata.org/entity/Q111602365,18-20
http://www.wikidata.org/entity/Q111602370,1-10
http://www.wikidata.org/entity/Q111602371,11-13
http://www.wikidata.org/entity/Q111602368,26-32
http://www.wikidata.org/entity/Q111602369,33-38
http://www.wikidata.org/entity/Q111602374,21-33
http://www.wikidata.org/entity/Q111602375,34-36
http://www.wikidata.org/entity/Q111602372,14-16
http://www.wikidata.org/entity/Q111602373,17-20
http://www.wikidata.org/entity/Q111602378,1-25
http://www.wikidata.org/entity/Q111602379,26-28
http://www.wikidata.org/entity/Q111602376,37-41
http://www.wikidata.org/entity/Q111602377,1-22
http://www.wikidata.org/entity/Q111602382,37-39
http://www.wikidata.org/entity/Q111602380,29-33
http://www.wikidata.org/entity/Q111602381,34-36
http://www.wikidata.org/entity/Q111602386,2-24
http://www.wikidata.org/entity/Q111602387,25-42
http://www.wikidata.org/entity/Q111602384,42-44
http://www.wikidata.org/entity/Q111602385,45-47
http://www.wikidata.org/entity/Q111602391,60-61
http://www.wikidata.org/entity/Q111602388,43-47
http://www.wikidata.org/entity/Q111602389,48-53
http://www.wikidata.org/entity/Q111602394,72-73
http://www.wikidata.org/entity/Q111602395,3-4
http://www.wikidata.org/entity/Q111602392,62-63
http://www.wikidata.org/entity/Q111602393,64-71
http://www.wikidata.org/entity/Q111602398,20-28
http://www.wikidata.org/entity/Q111602399,29-35
http://www.wikidata.org/entity/Q111602396,5-16
http://www.wikidata.org/entity/Q111602397,17-19
http://www.wikidata.org/entity/Q111602402,48-52
http://www.wikidata.org/entity/Q111602403,53-57
http://www.wikidata.org/entity/Q111602400,36-43
http://www.wikidata.org/entity/Q111602401,44-47
http://www.wikidata.org/entity/Q111602406,3-5
http://www.wikidata.org/entity/Q111602407,6-10
http://www.wikidata.org/entity/Q111602404,57-60
http://www.wikidata.org/entity/Q111602405,61-72
http://www.wikidata.org/entity/Q111602410,22-76
http://www.wikidata.org/entity/Q111602411,77-100
http://www.wikidata.org/entity/Q111602408,11-13
http://www.wikidata.org/entity/Q111602409,14-21
http://www.wikidata.org/entity/Q111602414,3-9
http://www.wikidata.org/entity/Q111602418,41-45
http://www.wikidata.org/entity/Q111602419,46-49
http://www.wikidata.org/entity/Q111602417,38-40
http://www.wikidata.org/entity/Q111602423,78-80
http://www.wikidata.org/entity/Q111602421,56-72
http://www.wikidata.org/entity/Q111602426,100-104
http://www.wikidata.org/entity/Q111602427,105-107
http://www.wikidata.org/entity/Q111602424,81-97
http://www.wikidata.org/entity/Q111602425,98-99
http://www.wikidata.org/entity/Q111602430,117-120
http://www.wikidata.org/entity/Q111602431,121-191
http://www.wikidata.org/entity/Q111602428,108-110
http://www.wikidata.org/entity/Q111602429,111-116
http://www.wikidata.org/entity/Q111602434,32-39
http://www.wikidata.org/entity/Q111602435,40-44
http://www.wikidata.org/entity/Q111602439,68-77
http://www.wikidata.org/entity/Q111602436,45-49
http://www.wikidata.org/entity/Q111602442,127-132
http://www.wikidata.org/entity/Q111602443,133-164
http://www.wikidata.org/entity/Q111602441,119-126
http://www.wikidata.org/entity/Q111602446,183-188
http://www.wikidata.org/entity/Q111602445,171-182
http://www.wikidata.org/entity/Q111602450,193-194
http://www.wikidata.org/entity/Q111602451,195-197
http://www.wikidata.org/entity/Q111602448,189-190
http://www.wikidata.org/entity/Q111602449,191-192
http://www.wikidata.org/entity/Q111602454,203-204
http://www.wikidata.org/entity/Q111602455,205-207
http://www.wikidata.org/entity/Q111602452,198-199
http://www.wikidata.org/entity/Q111602453,200-202
http://www.wikidata.org/entity/Q111602458,213-214
http://www.wikidata.org/entity/Q111602456,208-209
http://www.wikidata.org/entity/Q111602457,210-212
http://www.wikidata.org/entity/Q111602462,72-75
http://www.wikidata.org/entity/Q111602460,10-66
http://www.wikidata.org/entity/Q111602461,67-71
http://www.wikidata.org/entity/Q111602466,114-116
http://www.wikidata.org/entity/Q111602464,76-88
http://www.wikidata.org/entity/Q111602465,89-113
http://www.wikidata.org/entity/Q111602470,143-145
http://www.wikidata.org/entity/Q111602471,146-151
http://www.wikidata.org/entity/Q111602468,127-138
http://www.wikidata.org/entity/Q111602474,163-167
http://www.wikidata.org/entity/Q111602475,168-171
http://www.wikidata.org/entity/Q111602472,152-155
http://www.wikidata.org/entity/Q111602473,156-162
http://www.wikidata.org/entity/Q111602477,172-174
http://www.wikidata.org/entity/Q111658930,98-119
http://www.wikidata.org/entity/Q111673977,120-137
http://www.wikidata.org/entity/Q111732055,1-93
http://www.wikidata.org/entity/Q111732248,
http://www.wikidata.org/entity/Q111732265,
http://www.wikidata.org/entity/Q111747586,525-578
http://www.wikidata.org/entity/Q111747613,25-124
http://www.wikidata.org/entity/Q111747697,13-21
http://www.wikidata.org/entity/Q111747741,133-145
http://www.wikidata.org/entity/Q111758777,63-76
http://www.wikidata.org/entity/Q111758893,5-9
http://www.wikidata.org/entity/Q111782051,3-17
http://www.wikidata.org/entity/Q111782067,881-903
http://www.wikidata.org/entity/Q111963092,64-79
http://www.wikidata.org/entity/Q111963613,93-110
http://www.wikidata.org/entity/Q111967326,585-592
http://www.wikidata.org/entity/Q111967327,647-651
http://www.wikidata.org/entity/Q111967324,629-634
http://www.wikidata.org/entity/Q111967325,623-627
http://www.wikidata.org/entity/Q111967330,533-545
http://www.wikidata.org/entity/Q111967328,523-531
http://www.wikidata.org/entity/Q111967329,547-554
http://www.wikidata.org/entity/Q111967334,611-615
http://www.wikidata.org/entity/Q111967335,665-668
http://www.wikidata.org/entity/Q111967332,569-576
http://www.wikidata.org/entity/Q111967333,577-584
http://www.wikidata.org/entity/Q111967338,617-622
http://www.wikidata.org/entity/Q111967336,635-639
http://www.wikidata.org/entity/Q111967337,653-657
http://www.wikidata.org/entity/Q111967342,521-522
http://www.wikidata.org/entity/Q111967343,563-567
http://www.wikidata.org/entity/Q111967340,659-663
http://www.wikidata.org/entity/Q111967341,555-561
http://www.wikidata.org/entity/Q111967346,669-702
http://www.wikidata.org/entity/Q111967347,597-602
http://www.wikidata.org/entity/Q111967344,603-609
http://www.wikidata.org/entity/Q111967345,641-645
http://www.wikidata.org/entity/Q111967570,593-596
http://www.wikidata.org/entity/Q112054439,3-32
http://www.wikidata.org/entity/Q112072975,33-54
http://www.wikidata.org/entity/Q112073050,55-82
http://www.wikidata.org/entity/Q112116478,91-118
http://www.wikidata.org/entity/Q112116606,119-130
http://www.wikidata.org/entity/Q112650918,2-21
http://www.wikidata.org/entity/Q112651011,94-110
http://www.wikidata.org/entity/Q112652180,6-19
http://www.wikidata.org/entity/Q112672921,50-68
http://www.wikidata.org/entity/Q112672997,20-34
http://www.wikidata.org/entity/Q112673120,69-83
http://www.wikidata.org/entity/Q112673173,84-93
http://www.wikidata.org/entity/Q112894265,8-13
http://www.wikidata.org/entity/Q112913666,153–160
http://www.wikidata.org/entity/Q112913673,289–301
http://www.wikidata.org/entity/Q112913686,243–258
http://www.wikidata.org/entity/Q112913687,263–281
http://www.wikidata.org/entity/Q112913684,103–109
http://www.wikidata.org/entity/Q112913688,293–309
http://www.wikidata.org/entity/Q112913735,14-25
http://www.wikidata.org/entity/Q112913794,26-39
http://www.wikidata.org/entity/Q113101630,40-49
http://www.wikidata.org/entity/Q113101741,50-61
http://www.wikidata.org/entity/Q113101849,62-79
http://www.wikidata.org/entity/Q113101914,80-93
http://www.wikidata.org/entity/Q113148883,1-6
http://www.wikidata.org/entity/Q113148886,7-39
http://www.wikidata.org/entity/Q113148891,156-181
http://www.wikidata.org/entity/Q113148888,40-111
http://www.wikidata.org/entity/Q113148889,112-155
http://www.wikidata.org/entity/Q113148895,222-246
http://www.wikidata.org/entity/Q113148893,182-221
http://www.wikidata.org/entity/Q113148898,315-360
http://www.wikidata.org/entity/Q113148897,247-314
http://www.wikidata.org/entity/Q113148903,390-401
http://www.wikidata.org/entity/Q113148900,361-389
http://www.wikidata.org/entity/Q113148906,411-416
http://www.wikidata.org/entity/Q113148905,402-410
http://www.wikidata.org/entity/Q113148908,417-423
http://www.wikidata.org/entity/Q113201278,
http://www.wikidata.org/entity/Q113331815,
http://www.wikidata.org/entity/Q113333289,25-69
http://www.wikidata.org/entity/Q113334524,71-83
http://www.wikidata.org/entity/Q113334738,
http://www.wikidata.org/entity/Q113374946,
http://www.wikidata.org/entity/Q113375815,
http://www.wikidata.org/entity/Q113376086,
http://www.wikidata.org/entity/Q113376157,
http://www.wikidata.org/entity/Q113382868,
http://www.wikidata.org/entity/Q113383097,
http://www.wikidata.org/entity/Q113383218,
http://www.wikidata.org/entity/Q113383238,
http://www.wikidata.org/entity/Q113383293,
http://www.wikidata.org/entity/Q113383318,
http://www.wikidata.org/entity/Q113402027,
http://www.wikidata.org/entity/Q113402360,
http://www.wikidata.org/entity/Q113435090,
http://www.wikidata.org/entity/Q113435137,
http://www.wikidata.org/entity/Q113435232,
http://www.wikidata.org/entity/Q113436725,
http://www.wikidata.org/entity/Q113436807,
http://www.wikidata.org/entity/Q113436974,
http://www.wikidata.org/entity/Q113437039,
http://www.wikidata.org/entity/Q113437122,
http://www.wikidata.org/entity/Q113469465,
http://www.wikidata.org/entity/Q113470106,
http://www.wikidata.org/entity/Q113470152,
http://www.wikidata.org/entity/Q113470241,
http://www.wikidata.org/entity/Q113470395,
http://www.wikidata.org/entity/Q113485018,
http://www.wikidata.org/entity/Q113485151,
http://www.wikidata.org/entity/Q113485313,
http://www.wikidata.org/entity/Q113485704,
http://www.wikidata.org/entity/Q113485957,
http://www.wikidata.org/entity/Q113485970,
http://www.wikidata.org/entity/Q113643582,3-17
http://www.wikidata.org/entity/Q113643658,18-30
http://www.wikidata.org/entity/Q114674485,332-336
http://www.wikidata.org/entity/Q114773208,33–52
http://www.wikidata.org/entity/Q114851255,287-302
http://www.wikidata.org/entity/Q115139459,349-365
http://www.wikidata.org/entity/Q115139456,679-723
http://www.wikidata.org/entity/Q115139461,325-331
http://www.wikidata.org/entity/Q115139467,593-599
http://www.wikidata.org/entity/Q115342412,9-16
http://www.wikidata.org/entity/Q115533638,6-19
http://www.wikidata.org/entity/Q115534269,20-37
http://www.wikidata.org/entity/Q115534356,38-53
http://www.wikidata.org/entity/Q115534903,54-67
http://www.wikidata.org/entity/Q115534992,68-83
http://www.wikidata.org/entity/Q115535068,84-93
http://www.wikidata.org/entity/Q115536188,94-105
http://www.wikidata.org/entity/Q115536223,106-127
http://www.wikidata.org/entity/Q115577742,167-171
http://www.wikidata.org/entity/Q115901296,19-32
http://www.wikidata.org/entity/Q116282238,
http://www.wikidata.org/entity/Q116444203,1-6
http://www.wikidata.org/entity/Q116444206,83-121
http://www.wikidata.org/entity/Q116444207,122-160
http://www.wikidata.org/entity/Q116444204,7-23
http://www.wikidata.org/entity/Q116444205,24-82
http://www.wikidata.org/entity/Q116444210,194-255
http://www.wikidata.org/entity/Q116444211,256-308
http://www.wikidata.org/entity/Q116444209,161-193
http://www.wikidata.org/entity/Q116444214,350-380
http://www.wikidata.org/entity/Q116444215,381-403
http://www.wikidata.org/entity/Q116444212,309-330
http://www.wikidata.org/entity/Q116444213,331-349
http://www.wikidata.org/entity/Q116444216,404-414
http://www.wikidata.org/entity/Q116444217,415-420
http://www.wikidata.org/entity/Q117032180,
http://www.wikidata.org/entity/Q117032732,
http://www.wikidata.org/entity/Q117033064,
http://www.wikidata.org/entity/Q117033227,
http://www.wikidata.org/entity/Q117033440,
http://www.wikidata.org/entity/Q117034524,
http://www.wikidata.org/entity/Q117034594,
http://www.wikidata.org/entity/Q117428586,5-6
http://www.wikidata.org/entity/Q117428593,9-25
http://www.wikidata.org/entity/Q117428678,57-72
http://www.wikidata.org/entity/Q117428679,73-103
http://www.wikidata.org/entity/Q117428677,27-55
http://www.wikidata.org/entity/Q117447410,113-117
http://www.wikidata.org/entity/Q117447411,119-123
http://www.wikidata.org/entity/Q117447409,105-112
http://www.wikidata.org/entity/Q117447506,149-168
http://www.wikidata.org/entity/Q117447507,169-196
http://www.wikidata.org/entity/Q117447504,125-139
http://www.wikidata.org/entity/Q117447505,141-147
http://www.wikidata.org/entity/Q117447582,197-213
http://www.wikidata.org/entity/Q117447583,215-229
http://www.wikidata.org/entity/Q117448463,285-286
http://www.wikidata.org/entity/Q117448466,317-338
http://www.wikidata.org/entity/Q117448465,303-315
http://www.wikidata.org/entity/Q117448470,351-366
http://www.wikidata.org/entity/Q117448469,339-350
http://www.wikidata.org/entity/Q117448474,419-429
http://www.wikidata.org/entity/Q117448475,431-434
http://www.wikidata.org/entity/Q117448472,379-396
http://www.wikidata.org/entity/Q117448473,397-417
http://www.wikidata.org/entity/Q117455594,503-517
http://www.wikidata.org/entity/Q117455595,519-533
http://www.wikidata.org/entity/Q117455592,483-486
http://www.wikidata.org/entity/Q117455593,487-501
http://www.wikidata.org/entity/Q117455598,571-585
http://www.wikidata.org/entity/Q117455596,535-557
http://www.wikidata.org/entity/Q117455597,559-570
http://www.wikidata.org/entity/Q117455602,627-637
http://www.wikidata.org/entity/Q117455603,639-652
http://www.wikidata.org/entity/Q117455600,601-607
http://www.wikidata.org/entity/Q117455601,609-625
http://www.wikidata.org/entity/Q117455604,653-666
http://www.wikidata.org/entity/Q117455605,667-677
http://www.wikidata.org/entity/Q118367937,83-119
http://www.wikidata.org/entity/Q118814003,4-17
http://www.wikidata.org/entity/Q118867455,18-31
http://www.wikidata.org/entity/Q118867779,32-49
http://www.wikidata.org/entity/Q118945524,50-67
http://www.wikidata.org/entity/Q118971301,31-47
http://www.wikidata.org/entity/Q119133062,68-87
http://www.wikidata.org/entity/Q119137591,88-100
http://www.wikidata.org/entity/Q119137740,101-114
http://www.wikidata.org/entity/Q119138814,115-126
http://www.wikidata.org/entity/Q119496383,1-10
http://www.wikidata.org/entity/Q119496386,63-82
http://www.wikidata.org/entity/Q119496387,83-109
http://www.wikidata.org/entity/Q119496384,11-43
http://www.wikidata.org/entity/Q119496385,44-62
http://www.wikidata.org/entity/Q119496390,154-191
http://www.wikidata.org/entity/Q119496391,192-222
http://www.wikidata.org/entity/Q119496388,110-122
http://www.wikidata.org/entity/Q119496389,123-153
http://www.wikidata.org/entity/Q119496394,279-289
http://www.wikidata.org/entity/Q119496392,223-248
http://www.wikidata.org/entity/Q119496393,249-278
http://www.wikidata.org/entity/Q120702421,135–224
http://www.wikidata.org/entity/Q121298479,27-51
http://www.wikidata.org/entity/Q121299313,391-420
http://www.wikidata.org/entity/Q122049779,
http://www.wikidata.org/entity/Q122049776,
http://www.wikidata.org/entity/Q122049777,
http://www.wikidata.org/entity/Q122049784,
http://www.wikidata.org/entity/Q122049785,
http://www.wikidata.org/entity/Q122049794,
http://www.wikidata.org/entity/Q122049798,
http://www.wikidata.org/entity/Q122049796,
http://www.wikidata.org/entity/Q122049806,
http://www.wikidata.org/entity/Q122049817,
http://www.wikidata.org/entity/Q122049868,
http://www.wikidata.org/entity/Q122049874,
http://www.wikidata.org/entity/Q122049876,
http://www.wikidata.org/entity/Q122049880,
http://www.wikidata.org/entity/Q122049898,
http://www.wikidata.org/entity/Q122049914,
http://www.wikidata.org/entity/Q122049924,
http://www.wikidata.org/entity/Q122050002,
http://www.wikidata.org/entity/Q122050109,
http://www.wikidata.org/entity/Q122050183,
http://www.wikidata.org/entity/Q122050186,
http://www.wikidata.org/entity/Q122050223,
http://www.wikidata.org/entity/Q122050221,
http://www.wikidata.org/entity/Q122050236,
http://www.wikidata.org/entity/Q122050246,
http://www.wikidata.org/entity/Q122050247,
http://www.wikidata.org/entity/Q122050244,
http://www.wikidata.org/entity/Q122050252,
http://www.wikidata.org/entity/Q122050293,
http://www.wikidata.org/entity/Q122050308,
http://www.wikidata.org/entity/Q122050335,
http://www.wikidata.org/entity/Q122828583,338-362
http://www.wikidata.org/entity/Q123110125,313-335
http://www.wikidata.org/entity/Q123172724,8-24
http://www.wikidata.org/entity/Q123172848,25-60
http://www.wikidata.org/entity/Q123173029,61-75
http://www.wikidata.org/entity/Q123173160,76-97
http://www.wikidata.org/entity/Q123179841,98-111
http://www.wikidata.org/entity/Q123180026,112-129
http://www.wikidata.org/entity/Q123180254,130-148
http://www.wikidata.org/entity/Q123180300,149-163
http://www.wikidata.org/entity/Q123180417,164-176
http://www.wikidata.org/entity/Q123180448,177-191
http://www.wikidata.org/entity/Q123925882,3-201
http://www.wikidata.org/entity/Q123925883,202-228
http://www.wikidata.org/entity/Q123925881,1-2
http://www.wikidata.org/entity/Q123925886,306-329
http://www.wikidata.org/entity/Q123925887,330-352
http://www.wikidata.org/entity/Q123925884,229-256
http://www.wikidata.org/entity/Q123925890,443-463
http://www.wikidata.org/entity/Q123925891,464-489
http://www.wikidata.org/entity/Q123925888,353-384
http://www.wikidata.org/entity/Q123925889,385-442
http://www.wikidata.org/entity/Q123925894,561-572
http://www.wikidata.org/entity/Q123925895,573-590
http://www.wikidata.org/entity/Q123925892,490-528
http://www.wikidata.org/entity/Q123925893,529-560
http://www.wikidata.org/entity/Q123925898,597-602
http://www.wikidata.org/entity/Q123925896,591-595
http://www.wikidata.org/entity/Q123925897,596-596
http://www.wikidata.org/entity/Q123934448,257-305
http://www.wikidata.org/entity/Q124332313,17
http://www.wikidata.org/entity/Q124332319,9
http://www.wikidata.org/entity/Q124343474,3-6
http://www.wikidata.org/entity/Q124343585,5-6
http://www.wikidata.org/entity/Q124343682,3
http://www.wikidata.org/entity/Q124344840,"1, 3"
http://www.wikidata.org/entity/Q124344925,8
http://www.wikidata.org/entity/Q124619281,6-19
http://www.wikidata.org/entity/Q124619337,20-32
http://www.wikidata.org/entity/Q124619373,33-48
http://www.wikidata.org/entity/Q124621840,49-58
http://www.wikidata.org/entity/Q124621865,59-71
http://www.wikidata.org/entity/Q124621893,72-83
http://www.wikidata.org/entity/Q124621904,84-97
http://www.wikidata.org/entity/Q124621917,98-110
http://www.wikidata.org/entity/Q124621931,111-124
http://www.wikidata.org/entity/Q124694790,98-110
http://www.wikidata.org/entity/Q124745218,4-10
http://www.wikidata.org/entity/Q125017954,333-340
http://www.wikidata.org/entity/Q125451860,
http://www.wikidata.org/entity/Q125499879,
http://www.wikidata.org/entity/Q125500024,
http://www.wikidata.org/entity/Q125731008,
http://www.wikidata.org/entity/Q125897612,5-6
http://www.wikidata.org/entity/Q125913828,138-149
http://www.wikidata.org/entity/Q125959522,
http://www.wikidata.org/entity/Q126034721,
http://www.wikidata.org/entity/Q126181037,
http://www.wikidata.org/entity/Q126310449,27-29
http://www.wikidata.org/entity/Q126313829,23-26
http://www.wikidata.org/entity/Q126315684,17-22
http://www.wikidata.org/entity/Q126341263,
http://www.wikidata.org/entity/Q126342482,
http://www.wikidata.org/entity/Q126343950,
http://www.wikidata.org/entity/Q126346475,
http://www.wikidata.org/entity/Q126346523,
http://www.wikidata.org/entity/Q126348372,
http://www.wikidata.org/entity/Q126348559,
http://www.wikidata.org/entity/Q126348563,
http://www.wikidata.org/entity/Q126348561,
http://www.wikidata.org/entity/Q126348582,
http://www.wikidata.org/entity/Q126349087,
http://www.wikidata.org/entity/Q126349115,
http://www.wikidata.org/entity/Q126349181,
http://www.wikidata.org/entity/Q126349443,
http://www.wikidata.org/entity/Q126349863,
http://www.wikidata.org/entity/Q126349861,
http://www.wikidata.org/entity/Q126349864,
http://www.wikidata.org/entity/Q126349975,
http://www.wikidata.org/entity/Q126350016,
http://www.wikidata.org/entity/Q126350572,
http://www.wikidata.org/entity/Q126353288,
http://www.wikidata.org/entity/Q126353330,
http://www.wikidata.org/entity/Q126353715,
http://www.wikidata.org/entity/Q126361432,7-19
http://www.wikidata.org/entity/Q126361695,20-35
http://www.wikidata.org/entity/Q126362005,36-52
http://www.wikidata.org/entity/Q126372110,53-65
http://www.wikidata.org/entity/Q126372153,66-83
http://www.wikidata.org/entity/Q126372598,84-92
http://www.wikidata.org/entity/Q126386357,1-16
http://www.wikidata.org/entity/Q126532186,93-103
http://www.wikidata.org/entity/Q126722512,
http://www.wikidata.org/entity/Q126899403,
http://www.wikidata.org/entity/Q127043392,15-17
http://www.wikidata.org/entity/Q127043422,17
http://www.wikidata.org/entity/Q127043447,34-35
http://www.wikidata.org/entity/Q127598311,
http://www.wikidata.org/entity/Q127691539,1-10
http://www.wikidata.org/entity/Q127691542,126-145
http://www.wikidata.org/entity/Q127691543,146-173
http://www.wikidata.org/entity/Q127691540,11-59
http://www.wikidata.org/entity/Q127691541,60-125
http://www.wikidata.org/entity/Q127691546,225-244
http://www.wikidata.org/entity/Q127691547,245-261
http://www.wikidata.org/entity/Q127691544,174-202
http://www.wikidata.org/entity/Q127691545,203-224
http://www.wikidata.org/entity/Q127691550,285-313
http://www.wikidata.org/entity/Q127691551,314-321
http://www.wikidata.org/entity/Q127691548,262-275
http://www.wikidata.org/entity/Q127691549,276-284
http://www.wikidata.org/entity/Q127868932,489-499
http://www.wikidata.org/entity/Q127868956,397-403
http://www.wikidata.org/entity/Q128305871,6
http://www.wikidata.org/entity/Q128306149,411; 384
http://www.wikidata.org/entity/Q128306153,79; 9
http://www.wikidata.org/entity/Q128308912,4
http://www.wikidata.org/entity/Q128308921,26
http://www.wikidata.org/entity/Q128310240,805; 807
http://www.wikidata.org/entity/Q128588041,385; 457: tav.
http://www.wikidata.org/entity/Q128591413,471; 459
http://www.wikidata.org/entity/Q128592841,715; 717
http://www.wikidata.org/entity/Q128592850,225; 230: ill.
http://www.wikidata.org/entity/Q128621600,19
http://www.wikidata.org/entity/Q128621605,93; 110: ill.
http://www.wikidata.org/entity/Q128624466,46; 48
http://www.wikidata.org/entity/Q128624468,155; 161: 1 ritr.
http://www.wikidata.org/entity/Q128624475,59; 56
http://www.wikidata.org/entity/Q128624472,307; 314: 1 facs.
http://www.wikidata.org/entity/Q128624478,609; 617
http://www.wikidata.org/entity/Q128624477,607; 618
http://www.wikidata.org/entity/Q128624483,648; 641
http://www.wikidata.org/entity/Q128694022,5
http://www.wikidata.org/entity/Q128694025,395; 439
http://www.wikidata.org/entity/Q128694070,6
http://www.wikidata.org/entity/Q128694069,4
http://www.wikidata.org/entity/Q128694073,15
http://www.wikidata.org/entity/Q128795587,612; 604
http://www.wikidata.org/entity/Q129813340,1-2
http://www.wikidata.org/entity/Q129813537,1-2
http://www.wikidata.org/entity/Q129814967,
http://www.wikidata.org/entity/Q129815743,
http://www.wikidata.org/entity/Q129816282,
http://www.wikidata.org/entity/Q129817115,1-2
http://www.wikidata.org/entity/Q130292560,151-168
http://www.wikidata.org/entity/Q130292910,253-264
http://www.wikidata.org/entity/Q130362547,8
http://www.wikidata.org/entity/Q130401900,381-385
http://www.wikidata.org/entity/Q130401947,325-327
http://www.wikidata.org/entity/Q130402154,66-68
http://www.wikidata.org/entity/Q130427991,109-124
http://www.wikidata.org/entity/Q130429194,
http://www.wikidata.org/entity/Q130472961,
http://www.wikidata.org/entity/Q130473043,
http://www.wikidata.org/entity/Q130477850,66-92
http://www.wikidata.org/entity/Q130529432,10-20
http://www.wikidata.org/entity/Q130529479,21-49
http://www.wikidata.org/entity/Q130529510,50-65
http://www.wikidata.org/entity/Q130529640,93-112
http://www.wikidata.org/entity/Q130529660,113-135
http://www.wikidata.org/entity/Q130529702,136-149
http://www.wikidata.org/entity/Q130638618,499-524
http://www.wikidata.org/entity/Q130650495,525-544
http://www.wikidata.org/entity/Q130655979,383-398
http://www.wikidata.org/entity/Q130680698,219-238
http://www.wikidata.org/entity/Q131389375,
http://www.wikidata.org/entity/Q131389397,10
http://www.wikidata.org/entity/Q131429346,30-38
http://www.wikidata.org/entity/Q131429347,39-82
http://www.wikidata.org/entity/Q131429344,1-13
http://www.wikidata.org/entity/Q131429345,14-29
http://www.wikidata.org/entity/Q131429350,128-159
http://www.wikidata.org/entity/Q131429351,160-205
http://www.wikidata.org/entity/Q131429348,83-105
http://www.wikidata.org/entity/Q131429349,106-127
http://www.wikidata.org/entity/Q131429354,251-261
http://www.wikidata.org/entity/Q131429352,206-230
http://www.wikidata.org/entity/Q131429353,231-250
http://www.wikidata.org/entity/Q131437313,1
http://www.wikidata.org/entity/Q131437355,2-3
http://www.wikidata.org/entity/Q131438401,1-2
http://www.wikidata.org/entity/Q131438467,1-7
http://www.wikidata.org/entity/Q131459329,3
http://www.wikidata.org/entity/Q131459633,4
http://www.wikidata.org/entity/Q131460432,1
http://www.wikidata.org/entity/Q131469817,137-142
http://www.wikidata.org/entity/Q131502873,4-5
http://www.wikidata.org/entity/Q131506079,53-54
http://www.wikidata.org/entity/Q131542502,
http://www.wikidata.org/entity/Q131542651,4
http://www.wikidata.org/entity/Q131542665,9
http://www.wikidata.org/entity/Q131569299,1-2
http://www.wikidata.org/entity/Q131598024,7-8
http://www.wikidata.org/entity/Q131606824,3
http://www.wikidata.org/entity/Q131606924,11
http://www.wikidata.org/entity/Q131606988,16
http://www.wikidata.org/entity/Q131607096,7
http://www.wikidata.org/entity/Q131625443,
http://www.wikidata.org/entity/Q131625829,3
http://www.wikidata.org/entity/Q131626777,
http://www.wikidata.org/entity/Q131682115,
http://www.wikidata.org/entity/Q131682397,1-5
http://www.wikidata.org/entity/Q131682430,10
http://www.wikidata.org/entity/Q131781759,1-3
http://www.wikidata.org/entity/Q131781771,1-3
http://www.wikidata.org/entity/Q131781800,3
http://www.wikidata.org/entity/Q131869204,11-12
http://www.wikidata.org/entity/Q131869272,1-16
http://www.wikidata.org/entity/Q131869976,1-6
http://www.wikidata.org/entity/Q131919105,2
http://www.wikidata.org/entity/Q131919250,14
http://www.wikidata.org/entity/Q131919303,1
http://www.wikidata.org/entity/Q131920244,5
http://www.wikidata.org/entity/Q131925517,6-24
http://www.wikidata.org/entity/Q131925554,25-39
http://www.wikidata.org/entity/Q131925592,40-53
http://www.wikidata.org/entity/Q131925629,54-66
http://www.wikidata.org/entity/Q131925643,67-81
http://www.wikidata.org/entity/Q131925664,82-98
http://www.wikidata.org/entity/Q131925686,99-114
http://www.wikidata.org/entity/Q131931058,1
http://www.wikidata.org/entity/Q131931065,1-2
http://www.wikidata.org/entity/Q131931300,1-2
http://www.wikidata.org/entity/Q131932378,3
http://www.wikidata.org/entity/Q131932403,8
http://www.wikidata.org/entity/Q131932443,3
http://www.wikidata.org/entity/Q131932551,2-3
http://www.wikidata.org/entity/Q131932568,3
http://www.wikidata.org/entity/Q131932589,16
http://www.wikidata.org/entity/Q131986883,
http://www.wikidata.org/entity/Q131986985,
http://www.wikidata.org/entity/Q132126758,4-6
http://www.wikidata.org/entity/Q132127027,6
http://www.wikidata.org/entity/Q132127041,3
http://www.wikidata.org/entity/Q132127110,1-2
http://www.wikidata.org/entity/Q132127212,2
http://www.wikidata.org/entity/Q132127224,1-2
http://www.wikidata.org/entity/Q132130690,1-2
http://www.wikidata.org/entity/Q132130704,1-2
http://www.wikidata.org/entity/Q132130719,1
http://www.wikidata.org/entity/Q132130797,1-2
http://www.wikidata.org/entity/Q132130803,1-2
http://www.wikidata.org/entity/Q132130834,"1, 24"
http://www.wikidata.org/entity/Q132130847,3
http://www.wikidata.org/entity/Q132130942,2
http://www.wikidata.org/entity/Q132131051,4
http://www.wikidata.org/entity/Q132167890,15-16
http://www.wikidata.org/entity/Q132167909,15
http://www.wikidata.org/entity/Q132168073,1-2
http://www.wikidata.org/entity/Q132540602,1-4
http://www.wikidata.org/entity/Q132561594,676-686
http://www.wikidata.org/entity/Q133040646,7
http://www.wikidata.org/entity/Q133080583,651-669
http://www.wikidata.org/entity/Q133256774,7
http://www.wikidata.org/entity/Q133256793,5-6
http://www.wikidata.org/entity/Q133257960,145-151
http://www.wikidata.org/entity/Q133258081,3
http://www.wikidata.org/entity/Q133258102,31-35
http://www.wikidata.org/entity/Q133258145,149-152
http://www.wikidata.org/entity/Q133263063,9
http://www.wikidata.org/entity/Q133278195,
http://www.wikidata.org/entity/Q133297020,
http://www.wikidata.org/entity/Q133297032,
http://www.wikidata.org/entity/Q133297580,
http://www.wikidata.org/entity/Q133757004,241-263
http://www.wikidata.org/entity/Q134393758,269-270
http://www.wikidata.org/entity/Q134393756,221-226
http://www.wikidata.org/entity/Q134393757,41-43
http://www.wikidata.org/entity/Q134393762,XXXIX-XLX
http://www.wikidata.org/entity/Q134393763,XIX-XX
http://www.wikidata.org/entity/Q134393760,221-224
http://www.wikidata.org/entity/Q134393761,439-442
http://www.wikidata.org/entity/Q134444975,37-69
http://www.wikidata.org/entity/Q134445011,225-228
http://www.wikidata.org/entity/Q134513674,417-422
http://www.wikidata.org/entity/Q134513673,409-416
http://www.wikidata.org/entity/Q134513678,169
http://www.wikidata.org/entity/Q134513679,521-522
http://www.wikidata.org/entity/Q134513692,367-368
http://www.wikidata.org/entity/Q134513697,304-305
http://www.wikidata.org/entity/Q134513709,49-55
http://www.wikidata.org/entity/Q134822033,97-108
http://www.wikidata.org/entity/Q134822634,7-17
http://www.wikidata.org/entity/Q134822870,18-28
http://www.wikidata.org/entity/Q134875686,16
http://www.wikidata.org/entity/Q134887636,110
http://www.wikidata.org/entity/Q134889535,3-5
http://www.wikidata.org/entity/Q134889693,95
http://www.wikidata.org/entity/Q134889718,93
http://www.wikidata.org/entity/Q134889955,68
http://www.wikidata.org/entity/Q134963409,64-74
http://www.wikidata.org/entity/Q134963419,75-88
http://www.wikidata.org/entity/Q134963650,3-8
http://www.wikidata.org/entity/Q135011215,17-21
http://www.wikidata.org/entity/Q135011297,
http://www.wikidata.org/entity/Q135102878,2-41
http://www.wikidata.org/entity/Q135102879,42-72
http://www.wikidata.org/entity/Q135102882,184-207
http://www.wikidata.org/entity/Q135102883,208-223
http://www.wikidata.org/entity/Q135102880,73-103
http://www.wikidata.org/entity/Q135102881,104-183
http://www.wikidata.org/entity/Q135102886,232-240
http://www.wikidata.org/entity/Q135102884,224-231
http://www.wikidata.org/entity/Q135103335,
http://www.wikidata.org/entity/Q135116138,
http://www.wikidata.org/entity/Q135165055,115-128
http://www.wikidata.org/entity/Q135178782,61-62
http://www.wikidata.org/entity/Q135180935,35-50
http://www.wikidata.org/entity/Q135180964,51-63
http://www.wikidata.org/entity/Q135181011,89-96
http://www.wikidata.org/entity/Q135181035,29-34
http://www.wikidata.org/entity/Q135181072,109-119
http://www.wikidata.org/entity/Q135181110,120-130
http://www.wikidata.org/entity/Q135225002,421-424
http://www.wikidata.org/entity/Q135233359,14
http://www.wikidata.org/entity/Q135233418,
http://www.wikidata.org/entity/Q135233466,2-3
http://www.wikidata.org/entity/Q135267376,22-23
http://www.wikidata.org/entity/Q135267481,7
http://www.wikidata.org/entity/Q135271036,4-5
http://www.wikidata.org/entity/Q135335923,586-587
http://www.wikidata.org/entity/Q135336054,185-187
http://www.wikidata.org/entity/Q135391256,331-334
http://www.wikidata.org/entity/Q135399271,127-140
http://www.wikidata.org/entity/Q135399934,307-311
http://www.wikidata.org/entity/Q135399994,624-638
http://www.wikidata.org/entity/Q135400000,162-167
http://www.wikidata.org/entity/Q135409624,245-252
http://www.wikidata.org/entity/Q135409801,189-192
http://www.wikidata.org/entity/Q135409906,715-722
http://www.wikidata.org/entity/Q135432514,439-447
http://www.wikidata.org/entity/Q135435931,
http://www.wikidata.org/entity/Q135435961,
http://www.wikidata.org/entity/Q135442878,985-1017
http://www.wikidata.org/entity/Q135494039,59-67
http://www.wikidata.org/entity/Q135792920,
http://www.wikidata.org/entity/Q136184307,8
http://www.wikidata.org/entity/Q136379142,1
http://www.wikidata.org/entity/Q136384321,
http://www.wikidata.org/entity/Q136384392,173-174
http://www.wikidata.org/entity/Q136384538,
http://www.wikidata.org/entity/Q136399613,855-894
http://www.wikidata.org/entity/Q136399640,30-31
http://www.wikidata.org/entity/Q136445293,9-11
http://www.wikidata.org/entity/Q136445352,333-337
http://www.wikidata.org/entity/Q136456633,1179-1181
http://www.wikidata.org/entity/Q136456640,201-205
http://www.wikidata.org/entity/Q136456660,339-343
http://www.wikidata.org/entity/Q136456962,9
http://www.wikidata.org/entity/Q136461768,9
http://www.wikidata.org/entity/Q136461995,10
http://www.wikidata.org/entity/Q136462742,
http://www.wikidata.org/entity/Q136491214,
http://www.wikidata.org/entity/Q136505174,3
http://www.wikidata.org/entity/Q136539563,
http://www.wikidata.org/entity/Q136540024,327-331
http://www.wikidata.org/entity/Q136593329,
http://www.wikidata.org/entity/Q136593412,1197-1199
http://www.wikidata.org/entity/Q136657990,8-17
http://www.wikidata.org/entity/Q136658092,31-45
http://www.wikidata.org/entity/Q136658118,46-61
http://www.wikidata.org/entity/Q136658143,62-74
http://www.wikidata.org/entity/Q136658175,75-89
http://www.wikidata.org/entity/Q136658306,90-100
http://www.wikidata.org/entity/Q136658342,101-110
http://www.wikidata.org/entity/Q136658554,111-127
http://www.wikidata.org/entity/Q136658604,128-155
http://www.wikidata.org/entity/Q136661502,329-337
http://www.wikidata.org/entity/Q136665118,1203-1204
http://www.wikidata.org/entity/Q136665816,156-170
http://www.wikidata.org/entity/Q136666002,171-191
http://www.wikidata.org/entity/Q136666236,192-207
http://www.wikidata.org/entity/Q136666494,208-227
http://www.wikidata.org/entity/Q136666796,228-242
http://www.wikidata.org/entity/Q136667091,243-256
http://www.wikidata.org/entity/Q136669593,2
http://www.wikidata.org/entity/Q136669602,177-182
http://www.wikidata.org/entity/Q136678249,1201-1202
http://www.wikidata.org/entity/Q136678881,6-7
http://www.wikidata.org/entity/Q136716018,
http://www.wikidata.org/entity/Q136723350,
http://www.wikidata.org/entity/Q136728621,1-2
http://www.wikidata.org/entity/Q136757914,35-37
http://www.wikidata.org/entity/Q136759809,31-35
http://www.wikidata.org/entity/Q136759830,32-41
http://www.wikidata.org/entity/Q136760020,40-44
http://www.wikidata.org/entity/Q136760027,597-602
http://www.wikidata.org/entity/Q136760137,32-37
http://www.wikidata.org/entity/Q136760229,20
http://www.wikidata.org/entity/Q136940308,201
http://www.wikidata.org/entity/Q137015827,5-9
http://www.wikidata.org/entity/Q137015830,53-66
http://www.wikidata.org/entity/Q137015831,67-78
http://www.wikidata.org/entity/Q137015828,11-33
http://www.wikidata.org/entity/Q137015829,35-51
http://www.wikidata.org/entity/Q137017519,79-95
http://www.wikidata.org/entity/Q137017522,97-117
http://www.wikidata.org/entity/Q137017523,119-133
http://www.wikidata.org/entity/Q137017524,135-147
http://www.wikidata.org/entity/Q137104650,159-172
http://www.wikidata.org/entity/Q137104651,173-189
http://www.wikidata.org/entity/Q137104648,149-158
http://www.wikidata.org/entity/Q137195917,7-8
http://www.wikidata.org/entity/Q137324314,15
http://www.wikidata.org/entity/Q137368051,
http://www.wikidata.org/entity/Q137392147,
http://www.wikidata.org/entity/Q137392384,
http://www.wikidata.org/entity/Q137393272,31
