id,doi_disponibili
http://www.wikidata.org/entity/Q33144512,
http://www.wikidata.org/entity/Q33144721,
http://www.wikidata.org/entity/Q36464134,
http://www.wikidata.org/entity/Q36464142,
http://www.wikidata.org/entity/Q36464146,
http://www.wikidata.org/entity/Q36484095,
http://www.wikidata.org/entity/Q36484102,
http://www.wikidata.org/entity/Q36484107,
http://www.wikidata.org/entity/Q36484116,
http://www.wikidata.org/entity/Q36484122,
http://www.wikidata.org/entity/Q36484126,
http://www.wikidata.org/entity/Q36484132,
http://www.wikidata.org/entity/Q36484137,
http://www.wikidata.org/entity/Q36484143,
http://www.wikidata.org/entity/Q36484148,
http://www.wikidata.org/entity/Q36484157,
http://www.wikidata.org/entity/Q36484160,
http://www.wikidata.org/entity/Q36484165,
http://www.wikidata.org/entity/Q36484169,
http://www.wikidata.org/entity/Q36484173,
http://www.wikidata.org/entity/Q36484177,
http://www.wikidata.org/entity/Q36484182,
http://www.wikidata.org/entity/Q36484194,
http://www.wikidata.org/entity/Q36484198,
http://www.wikidata.org/entity/Q36484219,
http://www.wikidata.org/entity/Q48625754,10.3302/2421-3810-201701-071-1
http://www.wikidata.org/entity/Q56736038,10.2426/AIBSTUDI-8597
http://www.wikidata.org/entity/Q57976823,10.6092/ISSN.2283-9364/7703
http://www.wikidata.org/entity/Q58124093,10.4000/QDS.302
http://www.wikidata.org/entity/Q58302558,10.6092/ISSN.2283-9364/7531
http://www.wikidata.org/entity/Q58349819,10.6092/ISSN.2283-9364/7700
http://www.wikidata.org/entity/Q58350077,10.6092/ISSN.2283-9364/7701
http://www.wikidata.org/entity/Q58356273,10.6092/ISSN.2283-9364/7738
http://www.wikidata.org/entity/Q58356286,10.6092/ISSN.2283-9364/7702
http://www.wikidata.org/entity/Q58356899,10.6092/ISSN.2283-9364/7737
http://www.wikidata.org/entity/Q58379186,10.6092/ISSN.2283-9364/7704
http://www.wikidata.org/entity/Q58379187,10.6092/ISSN.2283-9364/7705
http://www.wikidata.org/entity/Q58379188,10.6092/ISSN.2283-9364/7739
http://www.wikidata.org/entity/Q58387646,10.6092/ISSN.2283-9364/7706
http://www.wikidata.org/entity/Q58387647,10.6092/ISSN.2283-9364/7707
http://www.wikidata.org/entity/Q58387650,10.6092/ISSN.2283-9364/7747
http://www.wikidata.org/entity/Q58387648,10.6092/ISSN.2283-9364/7708
http://www.wikidata.org/entity/Q58424166,10.6092/ISSN.2283-9364/7741
http://www.wikidata.org/entity/Q58670918,10.6092/ISSN.2283-9364/7024
http://www.wikidata.org/entity/Q58670922,10.6092/ISSN.2283-9364/7025
http://www.wikidata.org/entity/Q58670923,10.6092/ISSN.2283-9364/7026
http://www.wikidata.org/entity/Q58670920,10.6092/ISSN.2283-9364/6989
http://www.wikidata.org/entity/Q58670927,10.6092/ISSN.2283-9364/7028
http://www.wikidata.org/entity/Q58670925,10.6092/ISSN.2283-9364/7027
http://www.wikidata.org/entity/Q58670929,10.6092/ISSN.2283-9364/7029
http://www.wikidata.org/entity/Q58670935,10.6092/ISSN.2283-9364/7040
http://www.wikidata.org/entity/Q58670932,10.6092/ISSN.2283-9364/7030
http://www.wikidata.org/entity/Q58670933,10.6092/ISSN.2283-9364/7039
http://www.wikidata.org/entity/Q58670939,10.6092/ISSN.2283-9364/7042
http://www.wikidata.org/entity/Q58670937,10.6092/ISSN.2283-9364/7041
http://www.wikidata.org/entity/Q58670940,10.6092/ISSN.2283-9364/7043
http://www.wikidata.org/entity/Q58773238,10.6092/ISSN.2283-9364/8444
http://www.wikidata.org/entity/Q58773236,10.6092/ISSN.2283-9364/8443
http://www.wikidata.org/entity/Q58773243,10.6092/ISSN.2283-9364/8446
http://www.wikidata.org/entity/Q58773241,10.6092/ISSN.2283-9364/8445
http://www.wikidata.org/entity/Q58773247,10.6092/ISSN.2283-9364/8448
http://www.wikidata.org/entity/Q58773245,10.6092/ISSN.2283-9364/8447
http://www.wikidata.org/entity/Q58773251,10.6092/ISSN.2283-9364/8450
http://www.wikidata.org/entity/Q58773249,10.6092/ISSN.2283-9364/8449
http://www.wikidata.org/entity/Q58773254,10.6092/ISSN.2283-9364/8452
http://www.wikidata.org/entity/Q58773253,10.6092/ISSN.2283-9364/8451
http://www.wikidata.org/entity/Q58773258,10.6092/ISSN.2283-9364/8453
http://www.wikidata.org/entity/Q58773260,10.6092/ISSN.2283-9364/8455
http://www.wikidata.org/entity/Q58773261,10.6092/ISSN.2283-9364/8456
http://www.wikidata.org/entity/Q58773267,10.6092/ISSN.2283-9364/8458
http://www.wikidata.org/entity/Q58773264,10.6092/ISSN.2283-9364/8457
http://www.wikidata.org/entity/Q58826209,10.6092/ISSN.2283-9364/5621
http://www.wikidata.org/entity/Q58953729,10.6092/ISSN.2283-9364/6378
http://www.wikidata.org/entity/Q58953763,10.6092/ISSN.2283-9364/6386
http://www.wikidata.org/entity/Q58953796,10.6092/ISSN.2283-9364/6388
http://www.wikidata.org/entity/Q58953832,10.6092/ISSN.2283-9364/6390
http://www.wikidata.org/entity/Q58953868,10.6092/ISSN.2283-9364/6391
http://www.wikidata.org/entity/Q58953902,10.6092/ISSN.2283-9364/6392
http://www.wikidata.org/entity/Q58953937,10.6092/ISSN.2283-9364/6393
http://www.wikidata.org/entity/Q58953970,10.6092/ISSN.2283-9364/6394
http://www.wikidata.org/entity/Q58954003,10.6092/ISSN.2283-9364/6395
http://www.wikidata.org/entity/Q58954040,10.6092/ISSN.2283-9364/6396
http://www.wikidata.org/entity/Q58954077,10.6092/ISSN.2283-9364/6397
http://www.wikidata.org/entity/Q58954115,10.6092/ISSN.2283-9364/6401
http://www.wikidata.org/entity/Q58954151,10.6092/ISSN.2283-9364/6398
http://www.wikidata.org/entity/Q58954188,10.6092/ISSN.2283-9364/6402
http://www.wikidata.org/entity/Q58954224,10.6092/ISSN.2283-9364/6403
http://www.wikidata.org/entity/Q59096078,10.6092/ISSN.2283-9364/6105
http://www.wikidata.org/entity/Q59096076,10.6092/ISSN.2283-9364/6103
http://www.wikidata.org/entity/Q59096077,10.6092/ISSN.2283-9364/6104
http://www.wikidata.org/entity/Q59096082,10.6092/ISSN.2283-9364/6109
http://www.wikidata.org/entity/Q59096080,10.6092/ISSN.2283-9364/6106
http://www.wikidata.org/entity/Q59096081,10.6092/ISSN.2283-9364/6108
http://www.wikidata.org/entity/Q59096086,10.6092/ISSN.2283-9364/6113
http://www.wikidata.org/entity/Q59096084,10.6092/ISSN.2283-9364/6110
http://www.wikidata.org/entity/Q59096085,10.6092/ISSN.2283-9364/6112
http://www.wikidata.org/entity/Q59096090,10.6092/ISSN.2283-9364/6127
http://www.wikidata.org/entity/Q59096088,10.6092/ISSN.2283-9364/6125
http://www.wikidata.org/entity/Q59096089,10.6092/ISSN.2283-9364/6126
http://www.wikidata.org/entity/Q59096094,10.6092/ISSN.2283-9364/6102
http://www.wikidata.org/entity/Q59096092,10.6092/ISSN.2283-9364/6128
http://www.wikidata.org/entity/Q59096093,10.6092/ISSN.2283-9364/6101
http://www.wikidata.org/entity/Q59137259,10.6092/ISSN.2283-9364/5774
http://www.wikidata.org/entity/Q59137262,10.6092/ISSN.2283-9364/5786
http://www.wikidata.org/entity/Q59137260,10.6092/ISSN.2283-9364/5784
http://www.wikidata.org/entity/Q59137261,10.6092/ISSN.2283-9364/5785
http://www.wikidata.org/entity/Q59137266,10.6092/ISSN.2283-9364/5788
http://www.wikidata.org/entity/Q59137267,10.6092/ISSN.2283-9364/5789
http://www.wikidata.org/entity/Q59137264,10.6092/ISSN.2283-9364/5787
http://www.wikidata.org/entity/Q59137270,10.6092/ISSN.2283-9364/5791
http://www.wikidata.org/entity/Q59137268,10.6092/ISSN.2283-9364/5790
http://www.wikidata.org/entity/Q59137272,10.6092/ISSN.2283-9364/5792
http://www.wikidata.org/entity/Q59154963,10.6092/ISSN.2283-9364/5721
http://www.wikidata.org/entity/Q59154966,10.6092/ISSN.2283-9364/5731
http://www.wikidata.org/entity/Q59154967,10.6092/ISSN.2283-9364/5765
http://www.wikidata.org/entity/Q59154964,10.6092/ISSN.2283-9364/5794
http://www.wikidata.org/entity/Q59154965,10.6092/ISSN.2283-9364/5727
http://www.wikidata.org/entity/Q59154971,10.6092/ISSN.2283-9364/5768
http://www.wikidata.org/entity/Q59154968,10.6092/ISSN.2283-9364/5766
http://www.wikidata.org/entity/Q59154969,10.6092/ISSN.2283-9364/5767
http://www.wikidata.org/entity/Q59154974,10.6092/ISSN.2283-9364/5770
http://www.wikidata.org/entity/Q59154975,10.6092/ISSN.2283-9364/5771
http://www.wikidata.org/entity/Q59154972,10.6092/ISSN.2283-9364/5769
http://www.wikidata.org/entity/Q59154976,10.6092/ISSN.2283-9364/5772
http://www.wikidata.org/entity/Q59208094,10.6092/ISSN.2283-9364/5712
http://www.wikidata.org/entity/Q59208095,10.6092/ISSN.2283-9364/5713
http://www.wikidata.org/entity/Q59208093,10.6092/ISSN.2283-9364/5711
http://www.wikidata.org/entity/Q59208098,10.6092/ISSN.2283-9364/5717
http://www.wikidata.org/entity/Q59208096,10.6092/ISSN.2283-9364/5714
http://www.wikidata.org/entity/Q59208097,10.6092/ISSN.2283-9364/5715
http://www.wikidata.org/entity/Q59259739,10.6092/ISSN.2283-9364/5696
http://www.wikidata.org/entity/Q59259742,10.6092/ISSN.2283-9364/5700
http://www.wikidata.org/entity/Q59259743,10.6092/ISSN.2283-9364/5701
http://www.wikidata.org/entity/Q59259740,10.6092/ISSN.2283-9364/5697
http://www.wikidata.org/entity/Q59259741,10.6092/ISSN.2283-9364/5698
http://www.wikidata.org/entity/Q59259746,10.6092/ISSN.2283-9364/5705
http://www.wikidata.org/entity/Q59259747,10.6092/ISSN.2283-9364/5706
http://www.wikidata.org/entity/Q59259744,10.6092/ISSN.2283-9364/5702
http://www.wikidata.org/entity/Q59259745,10.6092/ISSN.2283-9364/5704
http://www.wikidata.org/entity/Q59259748,10.6092/ISSN.2283-9364/5707
http://www.wikidata.org/entity/Q59259749,10.6092/ISSN.2283-9364/5708
http://www.wikidata.org/entity/Q59265383,10.6092/ISSN.2283-9364/5613
http://www.wikidata.org/entity/Q59265386,10.6092/ISSN.2283-9364/5616
http://www.wikidata.org/entity/Q59265384,10.6092/ISSN.2283-9364/5614
http://www.wikidata.org/entity/Q59265385,10.6092/ISSN.2283-9364/5615
http://www.wikidata.org/entity/Q59265390,10.6092/ISSN.2283-9364/5623
http://www.wikidata.org/entity/Q59265391,10.6092/ISSN.2283-9364/5624
http://www.wikidata.org/entity/Q59265388,10.6092/ISSN.2283-9364/5622
http://www.wikidata.org/entity/Q59265394,10.6092/ISSN.2283-9364/5626
http://www.wikidata.org/entity/Q59265395,10.6092/ISSN.2283-9364/5627
http://www.wikidata.org/entity/Q59265392,10.6092/ISSN.2283-9364/5625
http://www.wikidata.org/entity/Q59265396,10.6092/ISSN.2283-9364/5628
http://www.wikidata.org/entity/Q59265397,10.6092/ISSN.2283-9364/5629
http://www.wikidata.org/entity/Q59281535,10.6092/ISSN.2283-9364/5619
http://www.wikidata.org/entity/Q59281538,10.6092/ISSN.2283-9364/5690
http://www.wikidata.org/entity/Q59281539,10.6092/ISSN.2283-9364/5691
http://www.wikidata.org/entity/Q59281536,10.6092/ISSN.2283-9364/5620
http://www.wikidata.org/entity/Q59281537,10.6092/ISSN.2283-9364/5689
http://www.wikidata.org/entity/Q59281542,10.6092/ISSN.2283-9364/5694
http://www.wikidata.org/entity/Q59281543,10.6092/ISSN.2283-9364/5695
http://www.wikidata.org/entity/Q59281540,10.6092/ISSN.2283-9364/5692
http://www.wikidata.org/entity/Q59281541,10.6092/ISSN.2283-9364/5693
http://www.wikidata.org/entity/Q59388175,10.2426/AIBSTUDI-11618
http://www.wikidata.org/entity/Q59388178,10.2426/AIBSTUDI-11555
http://www.wikidata.org/entity/Q59388179,10.2426/AIBSTUDI-11612
http://www.wikidata.org/entity/Q59388176,10.2426/AIBSTUDI-11541
http://www.wikidata.org/entity/Q59388177,10.2426/AIBSTUDI-11557
http://www.wikidata.org/entity/Q59388182,10.2426/AIBSTUDI-11560
http://www.wikidata.org/entity/Q59388183,10.2426/AIBSTUDI-11508
http://www.wikidata.org/entity/Q59388180,10.2426/AIBSTUDI-11515
http://www.wikidata.org/entity/Q59388181,10.2426/AIBSTUDI-11569
http://www.wikidata.org/entity/Q59388184,10.2426/AIBSTUDI-11559
http://www.wikidata.org/entity/Q59388185,10.2426/AIBSTUDI-11614
http://www.wikidata.org/entity/Q60713534,10.13128/SDD-9609
http://www.wikidata.org/entity/Q60907273,10.6092/ISSN.2283-9364/8936
http://www.wikidata.org/entity/Q60907285,10.6092/ISSN.2283-9364/8937
http://www.wikidata.org/entity/Q60907291,10.6092/ISSN.2283-9364/8938
http://www.wikidata.org/entity/Q60907308,10.6092/ISSN.2283-9364/8940
http://www.wikidata.org/entity/Q60907317,10.6092/ISSN.2283-9364/8941
http://www.wikidata.org/entity/Q60907331,10.6092/ISSN.2283-9364/8943
http://www.wikidata.org/entity/Q60907344,10.6092/ISSN.2283-9364/8946
http://www.wikidata.org/entity/Q60907356,10.6092/ISSN.2283-9364/8947
http://www.wikidata.org/entity/Q60907372,10.6092/ISSN.2283-9364/8949
http://www.wikidata.org/entity/Q60907379,10.6092/ISSN.2283-9364/8950
http://www.wikidata.org/entity/Q60907392,10.6092/ISSN.2283-9364/8951
http://www.wikidata.org/entity/Q60907408,10.6092/ISSN.2283-9364/8952
http://www.wikidata.org/entity/Q60907417,10.6092/ISSN.2283-9364/8953
http://www.wikidata.org/entity/Q60907422,10.6092/ISSN.2283-9364/8954
http://www.wikidata.org/entity/Q60907435,10.6092/ISSN.2283-9364/8935
http://www.wikidata.org/entity/Q61056650,10.13128/SDD-2013
http://www.wikidata.org/entity/Q61057042,
http://www.wikidata.org/entity/Q61776076,10.6092/2499-1422/5999
http://www.wikidata.org/entity/Q61776080,10.6092/2499-1422/5896
http://www.wikidata.org/entity/Q61776462,10.6092/2499-1422/5749
http://www.wikidata.org/entity/Q61776467,10.6092/2499-1422/5620
http://www.wikidata.org/entity/Q61776464,10.6092/2499-1422/5513
http://www.wikidata.org/entity/Q61776468,10.6092/2499-1422/5519
http://www.wikidata.org/entity/Q61776469,10.6092/2499-1422/5665
http://www.wikidata.org/entity/Q62579849,10.7343/AS-001-12-0001
http://www.wikidata.org/entity/Q64712103,10.6092/ISSN.2283-9364/9495
http://www.wikidata.org/entity/Q64712106,10.6092/ISSN.2283-9364/9497
http://www.wikidata.org/entity/Q64712107,10.6092/ISSN.2283-9364/9498
http://www.wikidata.org/entity/Q64712105,10.6092/ISSN.2283-9364/9496
http://www.wikidata.org/entity/Q64712110,10.6092/ISSN.2283-9364/9500
http://www.wikidata.org/entity/Q64712109,10.6092/ISSN.2283-9364/9499
http://www.wikidata.org/entity/Q64712112,10.6092/ISSN.2283-9364/9501
http://www.wikidata.org/entity/Q64712113,10.6092/ISSN.2283-9364/9502
http://www.wikidata.org/entity/Q64712116,10.6092/ISSN.2283-9364/9503
http://www.wikidata.org/entity/Q64712134,10.6092/ISSN.2283-9364/9504
http://www.wikidata.org/entity/Q64712144,10.6092/ISSN.2283-9364/9505
http://www.wikidata.org/entity/Q64712156,10.6092/ISSN.2283-9364/9506
http://www.wikidata.org/entity/Q64712171,10.6092/ISSN.2283-9364/9507
http://www.wikidata.org/entity/Q64712184,10.6092/ISSN.2283-9364/9508
http://www.wikidata.org/entity/Q64712198,10.6092/ISSN.2283-9364/9509
http://www.wikidata.org/entity/Q65594178,
http://www.wikidata.org/entity/Q69559758,10.2426/AIBSTUDI-11647
http://www.wikidata.org/entity/Q69646153,10.2426/AIBSTUDI-11506
http://www.wikidata.org/entity/Q69776340,
http://www.wikidata.org/entity/Q69776400,
http://www.wikidata.org/entity/Q69776436,
http://www.wikidata.org/entity/Q69776444,
http://www.wikidata.org/entity/Q69776453,
http://www.wikidata.org/entity/Q70982360,
http://www.wikidata.org/entity/Q73492838,
http://www.wikidata.org/entity/Q74825992,10.2426/AIBSTUDI-8930
http://www.wikidata.org/entity/Q77304139,
http://www.wikidata.org/entity/Q78577731,
http://www.wikidata.org/entity/Q82514580,10.6092/ISSN.2283-9364/10356
http://www.wikidata.org/entity/Q82514642,10.6092/ISSN.2283-9364/10359
http://www.wikidata.org/entity/Q82514941,10.6092/ISSN.2283-9364/10375
http://www.wikidata.org/entity/Q82514978,10.6092/ISSN.2283-9364/10371
http://www.wikidata.org/entity/Q82515058,10.6092/ISSN.2283-9364/10374
http://www.wikidata.org/entity/Q82515159,10.6092/ISSN.2283-9364/10355
http://www.wikidata.org/entity/Q82515164,10.6092/ISSN.2283-9364/10357
http://www.wikidata.org/entity/Q82515170,10.6092/ISSN.2283-9364/10368
http://www.wikidata.org/entity/Q82515168,10.6092/ISSN.2283-9364/10358
http://www.wikidata.org/entity/Q82515174,10.6092/ISSN.2283-9364/10369
http://www.wikidata.org/entity/Q82515177,10.6092/ISSN.2283-9364/10398
http://www.wikidata.org/entity/Q82515180,10.6092/ISSN.2283-9364/10372
http://www.wikidata.org/entity/Q82515186,10.6092/ISSN.2283-9364/10373
http://www.wikidata.org/entity/Q83365686,10.6092/ISSN.2283-9364/10365
http://www.wikidata.org/entity/Q83612194,10.3302/2421-3810-201701-004-1
http://www.wikidata.org/entity/Q92592463,10.6092/ISSN.2283-9364/6060
http://www.wikidata.org/entity/Q92592494,10.6092/ISSN.2283-9364/6061
http://www.wikidata.org/entity/Q92592577,10.6092/ISSN.2283-9364/6062
http://www.wikidata.org/entity/Q92592656,10.6092/ISSN.2283-9364/6065
http://www.wikidata.org/entity/Q92592734,10.6092/ISSN.2283-9364/6066
http://www.wikidata.org/entity/Q92592817,10.6092/ISSN.2283-9364/6067
http://www.wikidata.org/entity/Q92592907,10.6092/ISSN.2283-9364/6068
http://www.wikidata.org/entity/Q92593011,10.6092/ISSN.2283-9364/6069
http://www.wikidata.org/entity/Q92593112,10.6092/ISSN.2283-9364/6070
http://www.wikidata.org/entity/Q92593206,10.6092/ISSN.2283-9364/6071
http://www.wikidata.org/entity/Q95997038,10.1080/00837792.1905.10669550
http://www.wikidata.org/entity/Q95997039,10.1080/00837792.1954.10669619
http://www.wikidata.org/entity/Q95997044,10.1080/00837792.1960.10669709
http://www.wikidata.org/entity/Q95997054,10.1080/00837792.1970.10669921
http://www.wikidata.org/entity/Q95997062,10.1080/00837792.1977.10670084
http://www.wikidata.org/entity/Q95997060,10.1080/00837792.1977.10670068
http://www.wikidata.org/entity/Q95997061,10.1080/00837792.1977.10670075
http://www.wikidata.org/entity/Q95997066,10.1080/00837792.1980.10670199
http://www.wikidata.org/entity/Q95997067,10.1080/00837792.1980.10670201
http://www.wikidata.org/entity/Q95997073,10.1080/00837792.1986.10670386
http://www.wikidata.org/entity/Q95997079,10.1080/00837792.1989.10670460
http://www.wikidata.org/entity/Q95997076,10.1080/00837792.1988.10670435
http://www.wikidata.org/entity/Q95997077,10.1080/00837792.1988.10670437
http://www.wikidata.org/entity/Q95997082,10.1080/00837792.1992.10670520
http://www.wikidata.org/entity/Q95997081,10.1080/00837792.1991.10670506
http://www.wikidata.org/entity/Q95997084,10.1080/00837792.1993.10670541
http://www.wikidata.org/entity/Q95997102,10.1080/00837792.2011.10670898
http://www.wikidata.org/entity/Q95997103,10.1080/00837792.2012.10670905
http://www.wikidata.org/entity/Q95997101,10.1080/00837792.2011.10670897
http://www.wikidata.org/entity/Q96623074,10.6092/ISSN.2283-9364/11128
http://www.wikidata.org/entity/Q96623075,10.6092/ISSN.2283-9364/11024
http://www.wikidata.org/entity/Q96623078,10.6092/ISSN.2283-9364/11025
http://www.wikidata.org/entity/Q96623079,10.6092/ISSN.2283-9364/11163
http://www.wikidata.org/entity/Q96623076,10.6092/ISSN.2283-9364/11040
http://www.wikidata.org/entity/Q96623082,10.6092/ISSN.2283-9364/11027
http://www.wikidata.org/entity/Q96623083,10.6092/ISSN.2283-9364/11030
http://www.wikidata.org/entity/Q96623081,10.6092/ISSN.2283-9364/11026
http://www.wikidata.org/entity/Q96623086,10.6092/ISSN.2283-9364/11031
http://www.wikidata.org/entity/Q96623087,10.6092/ISSN.2283-9364/11032
http://www.wikidata.org/entity/Q96623085,10.6092/ISSN.2283-9364/11041
http://www.wikidata.org/entity/Q96623090,10.6092/ISSN.2283-9364/11034
http://www.wikidata.org/entity/Q96623091,10.6092/ISSN.2283-9364/11160
http://www.wikidata.org/entity/Q96623089,10.6092/ISSN.2283-9364/11033
http://www.wikidata.org/entity/Q96623093,10.6092/ISSN.2283-9364/11092
http://www.wikidata.org/entity/Q99573989,10.5038/1827-806X.5.2.2
http://www.wikidata.org/entity/Q99639341,10.4081/FE.2007.120; 10.13133/2284-4880/120
http://www.wikidata.org/entity/Q99653413,10.4081/FE.2007.118; 10.13133/2284-4880/118
http://www.wikidata.org/entity/Q99654817,10.4081/FE.2011.44; 10.13133/2284-4880/44
http://www.wikidata.org/entity/Q99661235,10.5038/1827-806X.23.3.4
http://www.wikidata.org/entity/Q99860432,10.1080/00837792.1952.10669608
http://www.wikidata.org/entity/Q99860449,10.1080/00837792.1954.10669626
http://www.wikidata.org/entity/Q99860482,10.1080/00837792.1991.10670512
http://www.wikidata.org/entity/Q99860480,10.1080/00837792.1989.10670451
http://www.wikidata.org/entity/Q99860487,10.1080/00837792.1992.10670525
http://www.wikidata.org/entity/Q100741569,10.2426/AIBSTUDI-6300
http://www.wikidata.org/entity/Q101086004,
http://www.wikidata.org/entity/Q101996668,
http://www.wikidata.org/entity/Q102115630,
http://www.wikidata.org/entity/Q102116015,
http://www.wikidata.org/entity/Q102391509,
http://www.wikidata.org/entity/Q102391845,
http://www.wikidata.org/entity/Q102392002,
http://www.wikidata.org/entity/Q102392285,
http://www.wikidata.org/entity/Q102392363,
http://www.wikidata.org/entity/Q102392806,
http://www.wikidata.org/entity/Q102392889,
http://www.wikidata.org/entity/Q102393180,
http://www.wikidata.org/entity/Q102393258,
http://www.wikidata.org/entity/Q102393556,
http://www.wikidata.org/entity/Q102393664,
http://www.wikidata.org/entity/Q102393759,
http://www.wikidata.org/entity/Q102393947,
http://www.wikidata.org/entity/Q102393996,
http://www.wikidata.org/entity/Q102503100,
http://www.wikidata.org/entity/Q102802821,
http://www.wikidata.org/entity/Q102805155,
http://www.wikidata.org/entity/Q102808536,
http://www.wikidata.org/entity/Q102809224,
http://www.wikidata.org/entity/Q102810332,
http://www.wikidata.org/entity/Q102821767,
http://www.wikidata.org/entity/Q102822425,
http://www.wikidata.org/entity/Q102822617,
http://www.wikidata.org/entity/Q102822746,
http://www.wikidata.org/entity/Q102823167,
http://www.wikidata.org/entity/Q102823781,
http://www.wikidata.org/entity/Q103896945,10.2426/AIBSTUDI-6297
http://www.wikidata.org/entity/Q103896950,10.2426/AIBSTUDI-6365
http://www.wikidata.org/entity/Q103896948,10.2426/AIBSTUDI-6361
http://www.wikidata.org/entity/Q103896949,10.2426/AIBSTUDI-8702
http://www.wikidata.org/entity/Q103896952,10.2426/AIBSTUDI-8638
http://www.wikidata.org/entity/Q103899574,10.2426/AIBSTUDI-12066
http://www.wikidata.org/entity/Q103899584,10.2426/AIBSTUDI-12051
http://www.wikidata.org/entity/Q103899585,10.2426/AIBSTUDI-12182
http://www.wikidata.org/entity/Q103899590,10.2426/AIBSTUDI-12046
http://www.wikidata.org/entity/Q103899591,10.2426/AIBSTUDI-12047
http://www.wikidata.org/entity/Q103899589,
http://www.wikidata.org/entity/Q103899592,10.2426/AIBSTUDI-12048
http://www.wikidata.org/entity/Q103899593,10.2426/AIBSTUDI-12067
http://www.wikidata.org/entity/Q103899598,10.2426/AIBSTUDI-12054
http://www.wikidata.org/entity/Q103899599,10.2426/AIBSTUDI-12050
http://www.wikidata.org/entity/Q103899596,10.2426/AIBSTUDI-12179
http://www.wikidata.org/entity/Q103899597,10.2426/AIBSTUDI-12260
http://www.wikidata.org/entity/Q103899601,10.2426/AIBSTUDI-12215
http://www.wikidata.org/entity/Q103899606,10.2426/AIBSTUDI-12262
http://www.wikidata.org/entity/Q103899607,10.2426/AIBSTUDI-12479
http://www.wikidata.org/entity/Q103899604,10.2426/AIBSTUDI-12212
http://www.wikidata.org/entity/Q103899605,10.2426/AIBSTUDI-12217
http://www.wikidata.org/entity/Q103899610,10.2426/AIBSTUDI-12189
http://www.wikidata.org/entity/Q103899609,10.2426/AIBSTUDI-12476
http://www.wikidata.org/entity/Q103899614,10.2426/AIBSTUDI-12123
http://www.wikidata.org/entity/Q103899613,10.2426/AIBSTUDI-12478
http://www.wikidata.org/entity/Q103901278,10.2426/AIBSTUDI-10004
http://www.wikidata.org/entity/Q103901283,10.2426/AIBSTUDI-8977
http://www.wikidata.org/entity/Q103901280,10.2426/AIBSTUDI-9146
http://www.wikidata.org/entity/Q103901290,10.2426/AIBSTUDI-10128
http://www.wikidata.org/entity/Q103901289,10.2426/AIBSTUDI-9955
http://www.wikidata.org/entity/Q103901292,10.2426/AIBSTUDI-9497
http://www.wikidata.org/entity/Q103901299,10.2426/AIBSTUDI-9991
http://www.wikidata.org/entity/Q103901296,10.2426/AIBSTUDI-8779
http://www.wikidata.org/entity/Q103901302,10.2426/AIBSTUDI-8876
http://www.wikidata.org/entity/Q103901301,10.2426/AIBSTUDI-8911
http://www.wikidata.org/entity/Q103901304,10.2426/AIBSTUDI-9145
http://www.wikidata.org/entity/Q103901310,10.2426/AIBSTUDI-10027
http://www.wikidata.org/entity/Q103901308,10.2426/AIBSTUDI-9038
http://www.wikidata.org/entity/Q103901314,10.2426/AIBSTUDI-10021
http://www.wikidata.org/entity/Q103901316,10.2426/AIBSTUDI-10909
http://www.wikidata.org/entity/Q103901322,10.2426/AIBSTUDI-8871
http://www.wikidata.org/entity/Q103901321,10.2426/AIBSTUDI-8875
http://www.wikidata.org/entity/Q103901324,10.2426/AIBSTUDI-10279
http://www.wikidata.org/entity/Q103915809,10.2426/AIBSTUDI-11366
http://www.wikidata.org/entity/Q103915814,10.2426/AIBSTUDI-11006
http://www.wikidata.org/entity/Q103915812,10.2426/AIBSTUDI-11386
http://www.wikidata.org/entity/Q103915818,10.2426/AIBSTUDI-11385
http://www.wikidata.org/entity/Q103915819,10.2426/AIBSTUDI-11368
http://www.wikidata.org/entity/Q103915822,10.2426/AIBSTUDI-11171
http://www.wikidata.org/entity/Q103915827,10.2426/AIBSTUDI-11100
http://www.wikidata.org/entity/Q103915824,10.2426/AIBSTUDI-11384
http://www.wikidata.org/entity/Q103915831,10.2426/AIBSTUDI-11197
http://www.wikidata.org/entity/Q103915835,10.2426/AIBSTUDI-11185
http://www.wikidata.org/entity/Q103915833,10.2426/AIBSTUDI-11198
http://www.wikidata.org/entity/Q103915839,10.2426/AIBSTUDI-11004
http://www.wikidata.org/entity/Q103915836,10.2426/AIBSTUDI-11215
http://www.wikidata.org/entity/Q103915843,10.2426/AIBSTUDI-11002
http://www.wikidata.org/entity/Q103915841,10.2426/AIBSTUDI-11168
http://www.wikidata.org/entity/Q103915866,10.2426/AIBSTUDI-11434
http://www.wikidata.org/entity/Q103915864,10.2426/AIBSTUDI-11452
http://www.wikidata.org/entity/Q103915869,10.2426/AIBSTUDI-11406
http://www.wikidata.org/entity/Q103915875,10.2426/AIBSTUDI-11408
http://www.wikidata.org/entity/Q103915873,10.2426/AIBSTUDI-11407
http://www.wikidata.org/entity/Q103915883,10.2426/AIBSTUDI-11437
http://www.wikidata.org/entity/Q103915881,10.2426/AIBSTUDI-11415
http://www.wikidata.org/entity/Q103915887,10.2426/AIBSTUDI-11540
http://www.wikidata.org/entity/Q103915888,10.2426/AIBSTUDI-11510
http://www.wikidata.org/entity/Q103915895,10.2426/AIBSTUDI-11411
http://www.wikidata.org/entity/Q103915893,10.2426/AIBSTUDI-11410
http://www.wikidata.org/entity/Q103915898,10.2426/AIBSTUDI-11480
http://www.wikidata.org/entity/Q103915903,10.2426/AIBSTUDI-11451
http://www.wikidata.org/entity/Q103915900,10.2426/AIBSTUDI-11455
http://www.wikidata.org/entity/Q103949219,
http://www.wikidata.org/entity/Q103949227,
http://www.wikidata.org/entity/Q103949230,
http://www.wikidata.org/entity/Q103949234,
http://www.wikidata.org/entity/Q103949237,
http://www.wikidata.org/entity/Q103949242,
http://www.wikidata.org/entity/Q103949248,
http://www.wikidata.org/entity/Q103949253,
http://www.wikidata.org/entity/Q103949258,
http://www.wikidata.org/entity/Q103949266,
http://www.wikidata.org/entity/Q103949269,
http://www.wikidata.org/entity/Q103949274,
http://www.wikidata.org/entity/Q103949282,
http://www.wikidata.org/entity/Q103949284,
http://www.wikidata.org/entity/Q103949290,
http://www.wikidata.org/entity/Q103949342,
http://www.wikidata.org/entity/Q103949351,
http://www.wikidata.org/entity/Q103949355,
http://www.wikidata.org/entity/Q103949362,
http://www.wikidata.org/entity/Q103949360,
http://www.wikidata.org/entity/Q103949365,
http://www.wikidata.org/entity/Q103949369,
http://www.wikidata.org/entity/Q103949373,
http://www.wikidata.org/entity/Q103949377,
http://www.wikidata.org/entity/Q103949382,10.3302/2421-3810-201501-018-1
http://www.wikidata.org/entity/Q103949385,
http://www.wikidata.org/entity/Q103949391,
http://www.wikidata.org/entity/Q103949397,
http://www.wikidata.org/entity/Q103949402,
http://www.wikidata.org/entity/Q103949406,
http://www.wikidata.org/entity/Q103949408,
http://www.wikidata.org/entity/Q103949414,
http://www.wikidata.org/entity/Q103949412,
http://www.wikidata.org/entity/Q103949419,
http://www.wikidata.org/entity/Q103949425,
http://www.wikidata.org/entity/Q103949431,
http://www.wikidata.org/entity/Q103949428,
http://www.wikidata.org/entity/Q103949437,
http://www.wikidata.org/entity/Q103949443,
http://www.wikidata.org/entity/Q103949445,
http://www.wikidata.org/entity/Q103949450,
http://www.wikidata.org/entity/Q103949454,
http://www.wikidata.org/entity/Q103949460,
http://www.wikidata.org/entity/Q103949465,
http://www.wikidata.org/entity/Q103949468,
http://www.wikidata.org/entity/Q103949472,
http://www.wikidata.org/entity/Q103949476,
http://www.wikidata.org/entity/Q103949482,
http://www.wikidata.org/entity/Q104057116,
http://www.wikidata.org/entity/Q104057358,
http://www.wikidata.org/entity/Q104150702,
http://www.wikidata.org/entity/Q104150703,
http://www.wikidata.org/entity/Q104150704,
http://www.wikidata.org/entity/Q104213403,
http://www.wikidata.org/entity/Q104213404,
http://www.wikidata.org/entity/Q104250752,
http://www.wikidata.org/entity/Q104250758,
http://www.wikidata.org/entity/Q104250756,
http://www.wikidata.org/entity/Q104250763,
http://www.wikidata.org/entity/Q104250761,
http://www.wikidata.org/entity/Q104250766,
http://www.wikidata.org/entity/Q104250768,
http://www.wikidata.org/entity/Q104250769,
http://www.wikidata.org/entity/Q104250775,
http://www.wikidata.org/entity/Q104250772,
http://www.wikidata.org/entity/Q104250773,
http://www.wikidata.org/entity/Q104250778,
http://www.wikidata.org/entity/Q104250781,
http://www.wikidata.org/entity/Q104250786,
http://www.wikidata.org/entity/Q104250784,
http://www.wikidata.org/entity/Q104250790,
http://www.wikidata.org/entity/Q104250788,
http://www.wikidata.org/entity/Q104250795,
http://www.wikidata.org/entity/Q104250793,
http://www.wikidata.org/entity/Q104250798,
http://www.wikidata.org/entity/Q104381859,
http://www.wikidata.org/entity/Q104381886,
http://www.wikidata.org/entity/Q104381887,
http://www.wikidata.org/entity/Q104381885,
http://www.wikidata.org/entity/Q104381890,
http://www.wikidata.org/entity/Q104381891,
http://www.wikidata.org/entity/Q104381888,
http://www.wikidata.org/entity/Q104381889,
http://www.wikidata.org/entity/Q104381894,
http://www.wikidata.org/entity/Q104381895,
http://www.wikidata.org/entity/Q104381892,
http://www.wikidata.org/entity/Q104381893,
http://www.wikidata.org/entity/Q104381898,
http://www.wikidata.org/entity/Q104381899,
http://www.wikidata.org/entity/Q104381896,
http://www.wikidata.org/entity/Q104381897,
http://www.wikidata.org/entity/Q104381902,
http://www.wikidata.org/entity/Q104381903,
http://www.wikidata.org/entity/Q104381900,
http://www.wikidata.org/entity/Q104381901,
http://www.wikidata.org/entity/Q104381904,
http://www.wikidata.org/entity/Q104381905,
http://www.wikidata.org/entity/Q104382458,
http://www.wikidata.org/entity/Q104382459,
http://www.wikidata.org/entity/Q104382457,
http://www.wikidata.org/entity/Q103919359,10.2426/AIBSTUDI-6302
http://www.wikidata.org/entity/Q103919357,10.2426/AIBSTUDI-6289
http://www.wikidata.org/entity/Q103919362,10.2426/AIBSTUDI-6285
http://www.wikidata.org/entity/Q103919366,10.2426/AIBSTUDI-9132
http://www.wikidata.org/entity/Q103919364,10.2426/AIBSTUDI-8900
http://www.wikidata.org/entity/Q103919369,10.2426/AIBSTUDI-8810
http://www.wikidata.org/entity/Q103919372,10.2426/AIBSTUDI-8783
http://www.wikidata.org/entity/Q103919378,10.2426/AIBSTUDI-8931
http://www.wikidata.org/entity/Q103919376,10.2426/AIBSTUDI-9037
http://www.wikidata.org/entity/Q103919382,10.2426/AIBSTUDI-8647
http://www.wikidata.org/entity/Q103919380,10.2426/AIBSTUDI-8832
http://www.wikidata.org/entity/Q103919385,10.2426/AIBSTUDI-6291
http://www.wikidata.org/entity/Q103919389,10.2426/AIBSTUDI-6286
http://www.wikidata.org/entity/Q103919394,10.2426/AIBSTUDI-6293
http://www.wikidata.org/entity/Q103919396,10.2426/AIBSTUDI-6290
http://www.wikidata.org/entity/Q103919620,10.2426/AIBSTUDI-10266
http://www.wikidata.org/entity/Q103919627,10.2426/AIBSTUDI-9957
http://www.wikidata.org/entity/Q103919625,10.2426/AIBSTUDI-10108
http://www.wikidata.org/entity/Q103919629,10.2426/AIBSTUDI-10134
http://www.wikidata.org/entity/Q103919635,10.2426/AIBSTUDI-9912
http://www.wikidata.org/entity/Q103919632,10.2426/AIBSTUDI-9966
http://www.wikidata.org/entity/Q103919633,10.2426/AIBSTUDI-9486
http://www.wikidata.org/entity/Q103919639,10.2426/AIBSTUDI-10022
http://www.wikidata.org/entity/Q103919643,10.2426/AIBSTUDI-9962
http://www.wikidata.org/entity/Q103919646,10.2426/AIBSTUDI-10289
http://www.wikidata.org/entity/Q103919650,10.2426/AIBSTUDI-10130
http://www.wikidata.org/entity/Q103919654,10.2426/AIBSTUDI-10084
http://www.wikidata.org/entity/Q103919652,10.2426/AIBSTUDI-10247
http://www.wikidata.org/entity/Q103919658,10.2426/AIBSTUDI-10281
http://www.wikidata.org/entity/Q103919715,10.2426/AIBSTUDI-11473
http://www.wikidata.org/entity/Q103919718,10.2426/AIBSTUDI-11412
http://www.wikidata.org/entity/Q103919722,10.2426/AIBSTUDI-11493
http://www.wikidata.org/entity/Q103919720,10.2426/AIBSTUDI-11462
http://www.wikidata.org/entity/Q103919727,10.2426/AIBSTUDI-11501
http://www.wikidata.org/entity/Q103919724,10.2426/AIBSTUDI-11518
http://www.wikidata.org/entity/Q103919730,10.2426/AIBSTUDI-11513
http://www.wikidata.org/entity/Q103919735,10.2426/AIBSTUDI-11514
http://www.wikidata.org/entity/Q103919732,10.2426/AIBSTUDI-11542
http://www.wikidata.org/entity/Q103919738,10.2426/AIBSTUDI-11536
http://www.wikidata.org/entity/Q103919742,10.2426/AIBSTUDI-11539
http://www.wikidata.org/entity/Q103919894,10.2426/AIBSTUDI-11008
http://www.wikidata.org/entity/Q103919979,10.2426/AIBSTUDI-11084
http://www.wikidata.org/entity/Q103919982,10.2426/AIBSTUDI-11005
http://www.wikidata.org/entity/Q103919987,10.2426/AIBSTUDI-11200
http://www.wikidata.org/entity/Q103919985,10.2426/AIBSTUDI-11003
http://www.wikidata.org/entity/Q103919990,10.2426/AIBSTUDI-11186
http://www.wikidata.org/entity/Q103919994,10.2426/AIBSTUDI-11342
http://www.wikidata.org/entity/Q103919999,10.2426/AIBSTUDI-11291
http://www.wikidata.org/entity/Q103920001,10.2426/AIBSTUDI-11159
http://www.wikidata.org/entity/Q103920007,10.2426/AIBSTUDI-10262
http://www.wikidata.org/entity/Q103920009,10.2426/AIBSTUDI-11007
http://www.wikidata.org/entity/Q103920012,10.2426/AIBSTUDI-10965
http://www.wikidata.org/entity/Q103920016,10.2426/AIBSTUDI-11161
http://www.wikidata.org/entity/Q103948932,
http://www.wikidata.org/entity/Q103948937,
http://www.wikidata.org/entity/Q103948941,
http://www.wikidata.org/entity/Q103948945,
http://www.wikidata.org/entity/Q103948950,
http://www.wikidata.org/entity/Q103948951,
http://www.wikidata.org/entity/Q103948955,
http://www.wikidata.org/entity/Q103948958,
http://www.wikidata.org/entity/Q103948962,
http://www.wikidata.org/entity/Q103948964,
http://www.wikidata.org/entity/Q103948970,
http://www.wikidata.org/entity/Q103948968,
http://www.wikidata.org/entity/Q103948975,
http://www.wikidata.org/entity/Q103948977,
http://www.wikidata.org/entity/Q103948981,
http://www.wikidata.org/entity/Q103948986,
http://www.wikidata.org/entity/Q103948989,
http://www.wikidata.org/entity/Q103948995,
http://www.wikidata.org/entity/Q103948999,
http://www.wikidata.org/entity/Q103949004,
http://www.wikidata.org/entity/Q103949008,
http://www.wikidata.org/entity/Q103949012,
http://www.wikidata.org/entity/Q103949016,
http://www.wikidata.org/entity/Q103949017,
http://www.wikidata.org/entity/Q103949027,
http://www.wikidata.org/entity/Q103949024,
http://www.wikidata.org/entity/Q103949093,
http://www.wikidata.org/entity/Q103949098,
http://www.wikidata.org/entity/Q103949103,
http://www.wikidata.org/entity/Q103949113,
http://www.wikidata.org/entity/Q103949118,
http://www.wikidata.org/entity/Q103949123,
http://www.wikidata.org/entity/Q103949130,
http://www.wikidata.org/entity/Q103949137,
http://www.wikidata.org/entity/Q103949143,
http://www.wikidata.org/entity/Q103949146,
http://www.wikidata.org/entity/Q103949150,
http://www.wikidata.org/entity/Q103949156,
http://www.wikidata.org/entity/Q103949167,
http://www.wikidata.org/entity/Q103949170,
http://www.wikidata.org/entity/Q103949176,
http://www.wikidata.org/entity/Q103949183,
http://www.wikidata.org/entity/Q103949187,
http://www.wikidata.org/entity/Q103949190,
http://www.wikidata.org/entity/Q103949193,
http://www.wikidata.org/entity/Q103949200,
http://www.wikidata.org/entity/Q103949206,
http://www.wikidata.org/entity/Q103915907,10.2426/AIBSTUDI-11492
http://www.wikidata.org/entity/Q103918125,10.2426/AIBSTUDI-11962
http://www.wikidata.org/entity/Q103918128,10.2426/AIBSTUDI-11862
http://www.wikidata.org/entity/Q103918134,10.2426/AIBSTUDI-11966
http://www.wikidata.org/entity/Q103918132,10.2426/AIBSTUDI-11998
http://www.wikidata.org/entity/Q103918138,10.2426/AIBSTUDI-11996
http://www.wikidata.org/entity/Q103918139,10.2426/AIBSTUDI-11952
http://www.wikidata.org/entity/Q103918136,10.2426/AIBSTUDI-11973
http://www.wikidata.org/entity/Q103918142,10.2426/AIBSTUDI-11969
http://www.wikidata.org/entity/Q103918144,10.2426/AIBSTUDI-11891
http://www.wikidata.org/entity/Q103918150,10.2426/AIBSTUDI-11949
http://www.wikidata.org/entity/Q103918148,10.2426/AIBSTUDI-11940
http://www.wikidata.org/entity/Q103918152,10.2426/AIBSTUDI-11926
http://www.wikidata.org/entity/Q103918156,10.2426/AIBSTUDI-11887
http://www.wikidata.org/entity/Q103918163,10.2426/AIBSTUDI-11927
http://www.wikidata.org/entity/Q103918160,10.2426/AIBSTUDI-11888
http://www.wikidata.org/entity/Q103918164,10.2426/AIBSTUDI-11903
http://www.wikidata.org/entity/Q103918168,10.2426/AIBSTUDI-11922
http://www.wikidata.org/entity/Q103918169,10.2426/AIBSTUDI-11961
http://www.wikidata.org/entity/Q103918174,10.2426/AIBSTUDI-12012
http://www.wikidata.org/entity/Q103918172,10.2426/AIBSTUDI-12018
http://www.wikidata.org/entity/Q103918178,10.2426/AIBSTUDI-12019
http://www.wikidata.org/entity/Q103918180,10.2426/AIBSTUDI-12026
http://www.wikidata.org/entity/Q103918211,10.2426/AIBSTUDI-11890
http://www.wikidata.org/entity/Q103918215,10.2426/AIBSTUDI-11906
http://www.wikidata.org/entity/Q103918217,10.2426/AIBSTUDI-11753
http://www.wikidata.org/entity/Q103918222,10.2426/AIBSTUDI-11828
http://www.wikidata.org/entity/Q103918220,10.2426/AIBSTUDI-11772
http://www.wikidata.org/entity/Q103918227,10.2426/AIBSTUDI-11750
http://www.wikidata.org/entity/Q103918224,10.2426/AIBSTUDI-11784
http://www.wikidata.org/entity/Q103918230,10.2426/AIBSTUDI-11757
http://www.wikidata.org/entity/Q103918234,10.2426/AIBSTUDI-11740
http://www.wikidata.org/entity/Q103918232,10.2426/AIBSTUDI-11764
http://www.wikidata.org/entity/Q103918238,10.2426/AIBSTUDI-11765
http://www.wikidata.org/entity/Q103918236,10.2426/AIBSTUDI-11714
http://www.wikidata.org/entity/Q103918242,10.2426/AIBSTUDI-11825
http://www.wikidata.org/entity/Q103918240,10.2426/AIBSTUDI-11709
http://www.wikidata.org/entity/Q103918246,10.2426/AIBSTUDI-11787
http://www.wikidata.org/entity/Q103918244,10.2426/AIBSTUDI-11786
http://www.wikidata.org/entity/Q103918251,10.2426/AIBSTUDI-11752
http://www.wikidata.org/entity/Q103918249,10.2426/AIBSTUDI-11802
http://www.wikidata.org/entity/Q103918253,10.2426/AIBSTUDI-11829
http://www.wikidata.org/entity/Q103918258,10.2426/AIBSTUDI-11781
http://www.wikidata.org/entity/Q103918256,10.2426/AIBSTUDI-11773
http://www.wikidata.org/entity/Q103918260,10.2426/AIBSTUDI-11820
http://www.wikidata.org/entity/Q103918266,10.2426/AIBSTUDI-11835
http://www.wikidata.org/entity/Q103918264,10.2426/AIBSTUDI-11788
http://www.wikidata.org/entity/Q103918270,10.2426/AIBSTUDI-11874
http://www.wikidata.org/entity/Q103918268,10.2426/AIBSTUDI-11833
http://www.wikidata.org/entity/Q103918272,10.2426/AIBSTUDI-11868
http://www.wikidata.org/entity/Q103918273,10.2426/AIBSTUDI-11889
http://www.wikidata.org/entity/Q103918279,10.2426/AIBSTUDI-11834
http://www.wikidata.org/entity/Q103918276,10.2426/AIBSTUDI-11886
http://www.wikidata.org/entity/Q103918326,10.2426/AIBSTUDI-11675
http://www.wikidata.org/entity/Q103918330,10.2426/AIBSTUDI-11637
http://www.wikidata.org/entity/Q103918328,10.2426/AIBSTUDI-11617
http://www.wikidata.org/entity/Q103918333,10.2426/AIBSTUDI-11646
http://www.wikidata.org/entity/Q103918338,10.2426/AIBSTUDI-11676
http://www.wikidata.org/entity/Q103918339,10.2426/AIBSTUDI-11648
http://www.wikidata.org/entity/Q103918336,10.2426/AIBSTUDI-11654
http://www.wikidata.org/entity/Q103918341,10.2426/AIBSTUDI-11702
http://www.wikidata.org/entity/Q103918347,10.2426/AIBSTUDI-11645
http://www.wikidata.org/entity/Q103918344,10.2426/AIBSTUDI-11751
http://www.wikidata.org/entity/Q103918350,10.2426/AIBSTUDI-11698
http://www.wikidata.org/entity/Q103918353,10.2426/AIBSTUDI-11644
http://www.wikidata.org/entity/Q103918358,10.2426/AIBSTUDI-11682
http://www.wikidata.org/entity/Q103918356,10.2426/AIBSTUDI-11705
http://www.wikidata.org/entity/Q103918363,10.2426/AIBSTUDI-11697
http://www.wikidata.org/entity/Q103918361,10.2426/AIBSTUDI-11649
http://www.wikidata.org/entity/Q103918366,10.2426/AIBSTUDI-11704
http://www.wikidata.org/entity/Q103918370,10.2426/AIBSTUDI-11699
http://www.wikidata.org/entity/Q103918368,10.2426/AIBSTUDI-11749
http://www.wikidata.org/entity/Q103918375,10.2426/AIBSTUDI-11710
http://www.wikidata.org/entity/Q103918373,10.2426/AIBSTUDI-11711
http://www.wikidata.org/entity/Q103918377,10.2426/AIBSTUDI-11650
http://www.wikidata.org/entity/Q103919289,10.2426/AIBSTUDI-8695
http://www.wikidata.org/entity/Q103919294,10.2426/AIBSTUDI-8877
http://www.wikidata.org/entity/Q103919299,10.2426/AIBSTUDI-8983
http://www.wikidata.org/entity/Q103919296,10.2426/AIBSTUDI-9039
http://www.wikidata.org/entity/Q103919303,10.2426/AIBSTUDI-9019
http://www.wikidata.org/entity/Q103919301,10.2426/AIBSTUDI-8338
http://www.wikidata.org/entity/Q103919307,10.2426/AIBSTUDI-8984
http://www.wikidata.org/entity/Q103919305,10.2426/AIBSTUDI-9457
http://www.wikidata.org/entity/Q103919309,10.2426/AIBSTUDI-8938
http://www.wikidata.org/entity/Q103919315,10.2426/AIBSTUDI-9131
http://www.wikidata.org/entity/Q103919312,10.2426/AIBSTUDI-8654
http://www.wikidata.org/entity/Q103919318,10.2426/AIBSTUDI-9074
http://www.wikidata.org/entity/Q103919323,10.2426/AIBSTUDI-8781
http://www.wikidata.org/entity/Q103919320,10.2426/AIBSTUDI-9007
http://www.wikidata.org/entity/Q103919326,10.2426/AIBSTUDI-9040
http://www.wikidata.org/entity/Q103919331,10.2426/AIBSTUDI-8714
http://www.wikidata.org/entity/Q103919328,10.2426/AIBSTUDI-8205
http://www.wikidata.org/entity/Q103919333,10.2426/AIBSTUDI-9247
http://www.wikidata.org/entity/Q103919339,10.2426/AIBSTUDI-8620
http://www.wikidata.org/entity/Q103919336,10.2426/AIBSTUDI-8834
http://www.wikidata.org/entity/Q103919343,10.2426/AIBSTUDI-6362
http://www.wikidata.org/entity/Q103919346,10.2426/AIBSTUDI-6301
http://www.wikidata.org/entity/Q103919351,10.2426/AIBSTUDI-8624
http://www.wikidata.org/entity/Q103919348,10.2426/AIBSTUDI-8643
http://www.wikidata.org/entity/Q103919353,10.2426/AIBSTUDI-6326
http://www.wikidata.org/entity/Q104382462,
http://www.wikidata.org/entity/Q104382463,
http://www.wikidata.org/entity/Q104382460,
http://www.wikidata.org/entity/Q104382466,
http://www.wikidata.org/entity/Q104382467,
http://www.wikidata.org/entity/Q104382464,
http://www.wikidata.org/entity/Q104382465,
http://www.wikidata.org/entity/Q104382470,
http://www.wikidata.org/entity/Q104382471,
http://www.wikidata.org/entity/Q104382468,
http://www.wikidata.org/entity/Q104382469,
http://www.wikidata.org/entity/Q104382475,
http://www.wikidata.org/entity/Q104382472,
http://www.wikidata.org/entity/Q104382473,
http://www.wikidata.org/entity/Q104455507,
http://www.wikidata.org/entity/Q104786698,10.6092/ISSN.2283-9364/11817
http://www.wikidata.org/entity/Q104786699,10.6092/ISSN.2283-9364/11818
http://www.wikidata.org/entity/Q104786702,10.6092/ISSN.2283-9364/11991
http://www.wikidata.org/entity/Q104786700,10.6092/ISSN.2283-9364/11987
http://www.wikidata.org/entity/Q104786701,10.6092/ISSN.2283-9364/11990
http://www.wikidata.org/entity/Q104786706,10.6092/ISSN.2283-9364/12004
http://www.wikidata.org/entity/Q104786707,10.6092/ISSN.2283-9364/12007
http://www.wikidata.org/entity/Q104786704,10.6092/ISSN.2283-9364/11992
http://www.wikidata.org/entity/Q104786705,10.6092/ISSN.2283-9364/11995
http://www.wikidata.org/entity/Q104786709,10.6092/ISSN.2283-9364/12008
http://www.wikidata.org/entity/Q105491102,10.2426/AIBSTUDI-12363
http://www.wikidata.org/entity/Q105491103,10.2426/AIBSTUDI-12471
http://www.wikidata.org/entity/Q105491101,10.2426/AIBSTUDI-12257
http://www.wikidata.org/entity/Q105491106,10.2426/AIBSTUDI-12762
http://www.wikidata.org/entity/Q105491107,10.2426/AIBSTUDI-12899
http://www.wikidata.org/entity/Q105491104,10.2426/AIBSTUDI-12477
http://www.wikidata.org/entity/Q105491105,10.2426/AIBSTUDI-12475
http://www.wikidata.org/entity/Q105491110,10.2426/AIBSTUDI-13007
http://www.wikidata.org/entity/Q105491108,10.2426/AIBSTUDI-12978
http://www.wikidata.org/entity/Q105491109,10.2426/AIBSTUDI-13008
http://www.wikidata.org/entity/Q105491114,10.2426/AIBSTUDI-12912
http://www.wikidata.org/entity/Q105491112,10.2426/AIBSTUDI-12216
http://www.wikidata.org/entity/Q105491113,10.2426/AIBSTUDI-12481
http://www.wikidata.org/entity/Q106696225,
http://www.wikidata.org/entity/Q107394986,10.6092/ISSN.2283-9364/13064
http://www.wikidata.org/entity/Q107394987,10.6092/ISSN.2283-9364/13066
http://www.wikidata.org/entity/Q107394990,10.6092/ISSN.2283-9364/13081
http://www.wikidata.org/entity/Q107394991,10.6092/ISSN.2283-9364/13070
http://www.wikidata.org/entity/Q107394988,10.6092/ISSN.2283-9364/13067
http://www.wikidata.org/entity/Q107394989,10.6092/ISSN.2283-9364/13068
http://www.wikidata.org/entity/Q107394994,10.6092/ISSN.2283-9364/13072
http://www.wikidata.org/entity/Q107394995,10.6092/ISSN.2283-9364/13073
http://www.wikidata.org/entity/Q107394992,10.6092/ISSN.2283-9364/13071
http://www.wikidata.org/entity/Q107394999,10.6092/ISSN.2283-9364/13076
http://www.wikidata.org/entity/Q107394996,10.6092/ISSN.2283-9364/13074
http://www.wikidata.org/entity/Q107394997,10.6092/ISSN.2283-9364/13075
http://www.wikidata.org/entity/Q107395002,10.6092/ISSN.2283-9364/13079
http://www.wikidata.org/entity/Q107395003,10.6092/ISSN.2283-9364/13080
http://www.wikidata.org/entity/Q107395000,10.6092/ISSN.2283-9364/13077
http://www.wikidata.org/entity/Q107395001,10.6092/ISSN.2283-9364/13078
http://www.wikidata.org/entity/Q107620404,10.6092/ISSN.1970-2221/5911
http://www.wikidata.org/entity/Q107699770,
http://www.wikidata.org/entity/Q109593333,
http://www.wikidata.org/entity/Q109593344,
http://www.wikidata.org/entity/Q109622637,
http://www.wikidata.org/entity/Q109659838,
http://www.wikidata.org/entity/Q109659843,
http://www.wikidata.org/entity/Q109854295,
http://www.wikidata.org/entity/Q109854298,
http://www.wikidata.org/entity/Q109854299,
http://www.wikidata.org/entity/Q109854296,
http://www.wikidata.org/entity/Q109854297,
http://www.wikidata.org/entity/Q109854302,
http://www.wikidata.org/entity/Q109854303,
http://www.wikidata.org/entity/Q109854301,
http://www.wikidata.org/entity/Q109854306,
http://www.wikidata.org/entity/Q109854307,
http://www.wikidata.org/entity/Q109854304,
http://www.wikidata.org/entity/Q109854311,
http://www.wikidata.org/entity/Q109854309,
http://www.wikidata.org/entity/Q109854314,
http://www.wikidata.org/entity/Q109854315,
http://www.wikidata.org/entity/Q109854312,
http://www.wikidata.org/entity/Q109854313,
http://www.wikidata.org/entity/Q109854319,
http://www.wikidata.org/entity/Q109854316,
http://www.wikidata.org/entity/Q109854322,
http://www.wikidata.org/entity/Q109854323,
http://www.wikidata.org/entity/Q109854326,
http://www.wikidata.org/entity/Q109854327,
http://www.wikidata.org/entity/Q109854324,
http://www.wikidata.org/entity/Q109854325,
http://www.wikidata.org/entity/Q109854331,
http://www.wikidata.org/entity/Q109854328,
http://www.wikidata.org/entity/Q109854329,
http://www.wikidata.org/entity/Q109854334,
http://www.wikidata.org/entity/Q109854335,
http://www.wikidata.org/entity/Q109854332,
http://www.wikidata.org/entity/Q109854333,
http://www.wikidata.org/entity/Q109854338,
http://www.wikidata.org/entity/Q109854336,
http://www.wikidata.org/entity/Q109854337,
http://www.wikidata.org/entity/Q109854343,
http://www.wikidata.org/entity/Q109854341,
http://www.wikidata.org/entity/Q109854347,
http://www.wikidata.org/entity/Q109854344,
http://www.wikidata.org/entity/Q109854345,
http://www.wikidata.org/entity/Q109854351,
http://www.wikidata.org/entity/Q109854348,
http://www.wikidata.org/entity/Q109854349,
http://www.wikidata.org/entity/Q109854354,
http://www.wikidata.org/entity/Q109854355,
http://www.wikidata.org/entity/Q109854352,
http://www.wikidata.org/entity/Q109854353,
http://www.wikidata.org/entity/Q109854358,
http://www.wikidata.org/entity/Q109854359,
http://www.wikidata.org/entity/Q109854360,
http://www.wikidata.org/entity/Q109854430,
http://www.wikidata.org/entity/Q109854431,
http://www.wikidata.org/entity/Q109854434,
http://www.wikidata.org/entity/Q109854435,
http://www.wikidata.org/entity/Q109854432,
http://www.wikidata.org/entity/Q109854439,
http://www.wikidata.org/entity/Q109854436,
http://www.wikidata.org/entity/Q109854437,
http://www.wikidata.org/entity/Q109854442,
http://www.wikidata.org/entity/Q109854440,
http://www.wikidata.org/entity/Q109854446,
http://www.wikidata.org/entity/Q109854447,
http://www.wikidata.org/entity/Q109854444,
http://www.wikidata.org/entity/Q109854445,
http://www.wikidata.org/entity/Q109854450,
http://www.wikidata.org/entity/Q109854448,
http://www.wikidata.org/entity/Q109854449,
http://www.wikidata.org/entity/Q109854454,
http://www.wikidata.org/entity/Q109854452,
http://www.wikidata.org/entity/Q109854458,
http://www.wikidata.org/entity/Q109854459,
http://www.wikidata.org/entity/Q109854456,
http://www.wikidata.org/entity/Q109854457,
http://www.wikidata.org/entity/Q109854462,
http://www.wikidata.org/entity/Q109854461,
http://www.wikidata.org/entity/Q109854464,
http://www.wikidata.org/entity/Q109854465,
http://www.wikidata.org/entity/Q109854470,
http://www.wikidata.org/entity/Q109854471,
http://www.wikidata.org/entity/Q109854468,
http://www.wikidata.org/entity/Q109854469,
http://www.wikidata.org/entity/Q109854474,
http://www.wikidata.org/entity/Q109854472,
http://www.wikidata.org/entity/Q109854473,
http://www.wikidata.org/entity/Q109854476,
http://www.wikidata.org/entity/Q109854477,
http://www.wikidata.org/entity/Q109854483,
http://www.wikidata.org/entity/Q109854480,
http://www.wikidata.org/entity/Q109854481,
http://www.wikidata.org/entity/Q109854487,
http://www.wikidata.org/entity/Q109854484,
http://www.wikidata.org/entity/Q109854485,
http://www.wikidata.org/entity/Q109854491,
http://www.wikidata.org/entity/Q109854488,
http://www.wikidata.org/entity/Q109854489,
http://www.wikidata.org/entity/Q109854494,
http://www.wikidata.org/entity/Q109854495,
http://www.wikidata.org/entity/Q109854499,
http://www.wikidata.org/entity/Q109854497,
http://www.wikidata.org/entity/Q109854500,
http://www.wikidata.org/entity/Q109854566,
http://www.wikidata.org/entity/Q109854567,
http://www.wikidata.org/entity/Q109854565,
http://www.wikidata.org/entity/Q109854570,
http://www.wikidata.org/entity/Q109854571,
http://www.wikidata.org/entity/Q109854568,
http://www.wikidata.org/entity/Q109854574,
http://www.wikidata.org/entity/Q109854575,
http://www.wikidata.org/entity/Q109854573,
http://www.wikidata.org/entity/Q109854578,
http://www.wikidata.org/entity/Q109854579,
http://www.wikidata.org/entity/Q109854582,
http://www.wikidata.org/entity/Q109854583,
http://www.wikidata.org/entity/Q109854580,
http://www.wikidata.org/entity/Q109854586,
http://www.wikidata.org/entity/Q109854587,
http://www.wikidata.org/entity/Q109854584,
http://www.wikidata.org/entity/Q109854590,
http://www.wikidata.org/entity/Q109854588,
http://www.wikidata.org/entity/Q109854594,
http://www.wikidata.org/entity/Q109854592,
http://www.wikidata.org/entity/Q109854593,
http://www.wikidata.org/entity/Q109854598,
http://www.wikidata.org/entity/Q109854596,
http://www.wikidata.org/entity/Q109854597,
http://www.wikidata.org/entity/Q109854603,
http://www.wikidata.org/entity/Q109854600,
http://www.wikidata.org/entity/Q109854601,
http://www.wikidata.org/entity/Q109854607,
http://www.wikidata.org/entity/Q109854604,
http://www.wikidata.org/entity/Q109854605,
http://www.wikidata.org/entity/Q109854611,
http://www.wikidata.org/entity/Q109854608,
http://www.wikidata.org/entity/Q109854609,
http://www.wikidata.org/entity/Q109854612,
http://www.wikidata.org/entity/Q109854613,
http://www.wikidata.org/entity/Q109854618,
http://www.wikidata.org/entity/Q109854619,
http://www.wikidata.org/entity/Q109854616,
http://www.wikidata.org/entity/Q109854623,
http://www.wikidata.org/entity/Q109854620,
http://www.wikidata.org/entity/Q109854621,
http://www.wikidata.org/entity/Q109854627,
http://www.wikidata.org/entity/Q109854624,
http://www.wikidata.org/entity/Q109854625,
http://www.wikidata.org/entity/Q109854630,
http://www.wikidata.org/entity/Q109854629,
http://www.wikidata.org/entity/Q109854634,
http://www.wikidata.org/entity/Q109854632,
http://www.wikidata.org/entity/Q109854633,
http://www.wikidata.org/entity/Q109854699,
http://www.wikidata.org/entity/Q109854702,
http://www.wikidata.org/entity/Q109854700,
http://www.wikidata.org/entity/Q109854701,
http://www.wikidata.org/entity/Q109854706,
http://www.wikidata.org/entity/Q109854707,
http://www.wikidata.org/entity/Q109854704,
http://www.wikidata.org/entity/Q109854705,
http://www.wikidata.org/entity/Q109854708,
http://www.wikidata.org/entity/Q109854714,
http://www.wikidata.org/entity/Q109854712,
http://www.wikidata.org/entity/Q109854713,
http://www.wikidata.org/entity/Q109854718,
http://www.wikidata.org/entity/Q109854719,
http://www.wikidata.org/entity/Q109854716,
http://www.wikidata.org/entity/Q109854717,
http://www.wikidata.org/entity/Q109854721,
http://www.wikidata.org/entity/Q109947957,
http://www.wikidata.org/entity/Q110067791,
http://www.wikidata.org/entity/Q110386754,10.6092/ISSN.2283-9364/14047
http://www.wikidata.org/entity/Q110386758,10.6092/ISSN.2283-9364/14050
http://www.wikidata.org/entity/Q110386756,10.6092/ISSN.2283-9364/14067
http://www.wikidata.org/entity/Q110386763,10.6092/ISSN.2283-9364/14051
http://www.wikidata.org/entity/Q110386761,10.6092/ISSN.2283-9364/14068
http://www.wikidata.org/entity/Q110386765,10.6092/ISSN.2283-9364/14052
http://www.wikidata.org/entity/Q110386770,10.6092/ISSN.2283-9364/14054
http://www.wikidata.org/entity/Q110386771,10.6092/ISSN.2283-9364/14070
http://www.wikidata.org/entity/Q110386768,10.6092/ISSN.2283-9364/14069
http://www.wikidata.org/entity/Q110386774,10.6092/ISSN.2283-9364/14071
http://www.wikidata.org/entity/Q110386773,10.6092/ISSN.2283-9364/14056
http://www.wikidata.org/entity/Q110386778,10.6092/ISSN.2283-9364/14072
http://www.wikidata.org/entity/Q110386776,10.6092/ISSN.2283-9364/14066
http://www.wikidata.org/entity/Q110386782,10.6092/ISSN.2283-9364/14074
http://www.wikidata.org/entity/Q110386780,10.6092/ISSN.2283-9364/14073
http://www.wikidata.org/entity/Q110386786,10.6092/ISSN.2283-9364/14100
http://www.wikidata.org/entity/Q110386784,10.6092/ISSN.2283-9364/14075
http://www.wikidata.org/entity/Q111088376,10.53223/SINAPPSI_2021-02-6
http://www.wikidata.org/entity/Q111163090,10.53223/SINAPPSI_2021-02-4
http://www.wikidata.org/entity/Q111191307,10.53223/SINAPPSI_2021-02-5
http://www.wikidata.org/entity/Q111232946,10.53223/SINAPPSI_2021-02-3
http://www.wikidata.org/entity/Q111235775,10.53223/SINAPPSI_2021-02-1
http://www.wikidata.org/entity/Q111244430,10.53223/SINAPPSI_2021-02-2
http://www.wikidata.org/entity/Q111248680,10.53223/SINAPPSI_2021-01-6
http://www.wikidata.org/entity/Q111248972,10.53223/SINAPPSI_2021-01-4
http://www.wikidata.org/entity/Q111281871,
http://www.wikidata.org/entity/Q111282815,
http://www.wikidata.org/entity/Q111283250,10.53223/SINAPPSI_2021-01-5
http://www.wikidata.org/entity/Q111283475,10.53223/SINAPPSI_2021-01-3
http://www.wikidata.org/entity/Q111284671,10.53223/SINAPPSI_2021-01-2
http://www.wikidata.org/entity/Q111317641,
http://www.wikidata.org/entity/Q111333696,
http://www.wikidata.org/entity/Q111333860,
http://www.wikidata.org/entity/Q111339952,10.1485/2532-8549-202003-4
http://www.wikidata.org/entity/Q111340032,10.1485/2532-8549-202003-5
http://www.wikidata.org/entity/Q111342753,10.53223/SINAPPSI_2021-01-1
http://www.wikidata.org/entity/Q111395751,10.2426/AIBSTUDI-13004
http://www.wikidata.org/entity/Q111395752,10.2426/AIBSTUDI-13009
http://www.wikidata.org/entity/Q111395753,10.2426/AIBSTUDI-13012
http://www.wikidata.org/entity/Q111395758,10.2426/AIBSTUDI-13157
http://www.wikidata.org/entity/Q111395759,10.2426/AIBSTUDI-13158
http://www.wikidata.org/entity/Q111395756,10.2426/AIBSTUDI-13045
http://www.wikidata.org/entity/Q111395757,10.2426/AIBSTUDI-13076
http://www.wikidata.org/entity/Q111395762,10.2426/AIBSTUDI-13221
http://www.wikidata.org/entity/Q111395763,10.2426/AIBSTUDI-13248
http://www.wikidata.org/entity/Q111395760,10.2426/AIBSTUDI-13160
http://www.wikidata.org/entity/Q111395761,10.2426/AIBSTUDI-13169
http://www.wikidata.org/entity/Q111395764,10.2426/AIBSTUDI-13250
http://www.wikidata.org/entity/Q111395765,10.2426/AIBSTUDI-13251
http://www.wikidata.org/entity/Q111431563,10.2426/AIBSTUDI-13171
http://www.wikidata.org/entity/Q111431566,10.2426/AIBSTUDI-13229
http://www.wikidata.org/entity/Q111431567,10.2426/AIBSTUDI-13265
http://www.wikidata.org/entity/Q111431564,10.2426/AIBSTUDI-13212
http://www.wikidata.org/entity/Q111431565,10.2426/AIBSTUDI-13216
http://www.wikidata.org/entity/Q111431570,10.2426/AIBSTUDI-13278
http://www.wikidata.org/entity/Q111431571,10.2426/AIBSTUDI-13298
http://www.wikidata.org/entity/Q111431568,10.2426/AIBSTUDI-13274
http://www.wikidata.org/entity/Q111431569,10.2426/AIBSTUDI-13277
http://www.wikidata.org/entity/Q111431574,10.2426/AIBSTUDI-13302
http://www.wikidata.org/entity/Q111431573,10.2426/AIBSTUDI-13299
http://www.wikidata.org/entity/Q111431578,10.2426/AIBSTUDI-13316
http://www.wikidata.org/entity/Q111431576,10.2426/AIBSTUDI-13303
http://www.wikidata.org/entity/Q111431577,10.2426/AIBSTUDI-13305
http://www.wikidata.org/entity/Q111522931,
http://www.wikidata.org/entity/Q111576588,
http://www.wikidata.org/entity/Q111577180,
http://www.wikidata.org/entity/Q111577447,10.1485/2532-8549-202003-2
http://www.wikidata.org/entity/Q111577696,10.1485/2532-8549-202003-8
http://www.wikidata.org/entity/Q111578756,
http://www.wikidata.org/entity/Q111578802,
http://www.wikidata.org/entity/Q111578810,
http://www.wikidata.org/entity/Q111578825,
http://www.wikidata.org/entity/Q111578864,
http://www.wikidata.org/entity/Q111578928,
http://www.wikidata.org/entity/Q111579071,
http://www.wikidata.org/entity/Q111579162,
http://www.wikidata.org/entity/Q111579187,
http://www.wikidata.org/entity/Q111579339,
http://www.wikidata.org/entity/Q111582491,
http://www.wikidata.org/entity/Q111582712,
http://www.wikidata.org/entity/Q111595862,10.1485/2532-8549-202003-9
http://www.wikidata.org/entity/Q111596675,10.1485/2532-8549-202003-3
http://www.wikidata.org/entity/Q111601394,10.5281/ZENODO.495599
http://www.wikidata.org/entity/Q111601392,10.5281/ZENODO.1219559
http://www.wikidata.org/entity/Q111601398,10.5281/ZENODO.1218955
http://www.wikidata.org/entity/Q111601399,10.5281/ZENODO.495568
http://www.wikidata.org/entity/Q111601396,10.5281/ZENODO.439628
http://www.wikidata.org/entity/Q111601397,10.5281/ZENODO.1219108
http://www.wikidata.org/entity/Q111601402,10.5281/ZENODO.1219092
http://www.wikidata.org/entity/Q111601401,10.5281/ZENODO.546380
http://www.wikidata.org/entity/Q111601404,10.5281/ZENODO.1219090
http://www.wikidata.org/entity/Q111601410,10.5281/ZENODO.546373
http://www.wikidata.org/entity/Q111601411,10.5281/ZENODO.495564
http://www.wikidata.org/entity/Q111601414,10.5281/ZENODO.495565
http://www.wikidata.org/entity/Q111601413,10.5281/ZENODO.1218923
http://www.wikidata.org/entity/Q111601423,10.5281/ZENODO.439110
http://www.wikidata.org/entity/Q111602339,
http://www.wikidata.org/entity/Q111602343,
http://www.wikidata.org/entity/Q111602340,
http://www.wikidata.org/entity/Q111602345,
http://www.wikidata.org/entity/Q111602350,
http://www.wikidata.org/entity/Q111602351,
http://www.wikidata.org/entity/Q111602354,
http://www.wikidata.org/entity/Q111602353,
http://www.wikidata.org/entity/Q111602358,
http://www.wikidata.org/entity/Q111602359,
http://www.wikidata.org/entity/Q111602356,
http://www.wikidata.org/entity/Q111602357,
http://www.wikidata.org/entity/Q111602362,
http://www.wikidata.org/entity/Q111602363,
http://www.wikidata.org/entity/Q111602360,
http://www.wikidata.org/entity/Q111602361,
http://www.wikidata.org/entity/Q111602366,
http://www.wikidata.org/entity/Q111602367,
http://www.wikidata.org/entity/Q111602364,
http://www.wikidata.org/entity/Q111602365,
http://www.wikidata.org/entity/Q111602370,
http://www.wikidata.org/entity/Q111602371,
http://www.wikidata.org/entity/Q111602368,
http://www.wikidata.org/entity/Q111602369,
http://www.wikidata.org/entity/Q111602374,
http://www.wikidata.org/entity/Q111602375,
http://www.wikidata.org/entity/Q111602372,
http://www.wikidata.org/entity/Q111602373,
http://www.wikidata.org/entity/Q111602378,
http://www.wikidata.org/entity/Q111602379,
http://www.wikidata.org/entity/Q111602376,
http://www.wikidata.org/entity/Q111602377,
http://www.wikidata.org/entity/Q111602382,
http://www.wikidata.org/entity/Q111602380,
http://www.wikidata.org/entity/Q111602381,
http://www.wikidata.org/entity/Q111602386,
http://www.wikidata.org/entity/Q111602387,
http://www.wikidata.org/entity/Q111602384,
http://www.wikidata.org/entity/Q111602385,
http://www.wikidata.org/entity/Q111602391,
http://www.wikidata.org/entity/Q111602388,
http://www.wikidata.org/entity/Q111602389,
http://www.wikidata.org/entity/Q111602394,
http://www.wikidata.org/entity/Q111602395,
http://www.wikidata.org/entity/Q111602392,
http://www.wikidata.org/entity/Q111602393,
http://www.wikidata.org/entity/Q111602398,
http://www.wikidata.org/entity/Q111602399,
http://www.wikidata.org/entity/Q111602396,
http://www.wikidata.org/entity/Q111602397,
http://www.wikidata.org/entity/Q111602402,
http://www.wikidata.org/entity/Q111602403,
http://www.wikidata.org/entity/Q111602400,
http://www.wikidata.org/entity/Q111602401,
http://www.wikidata.org/entity/Q111602406,
http://www.wikidata.org/entity/Q111602407,
http://www.wikidata.org/entity/Q111602404,
http://www.wikidata.org/entity/Q111602405,
http://www.wikidata.org/entity/Q111602410,
http://www.wikidata.org/entity/Q111602411,
http://www.wikidata.org/entity/Q111602408,
http://www.wikidata.org/entity/Q111602409,
http://www.wikidata.org/entity/Q111602414,
http://www.wikidata.org/entity/Q111602418,
http://www.wikidata.org/entity/Q111602419,
http://www.wikidata.org/entity/Q111602417,
http://www.wikidata.org/entity/Q111602423,
http://www.wikidata.org/entity/Q111602421,
http://www.wikidata.org/entity/Q111602426,
http://www.wikidata.org/entity/Q111602427,
http://www.wikidata.org/entity/Q111602424,
http://www.wikidata.org/entity/Q111602425,
http://www.wikidata.org/entity/Q111602430,
http://www.wikidata.org/entity/Q111602431,
http://www.wikidata.org/entity/Q111602428,
http://www.wikidata.org/entity/Q111602429,
http://www.wikidata.org/entity/Q111602434,
http://www.wikidata.org/entity/Q111602435,
http://www.wikidata.org/entity/Q111602439,
http://www.wikidata.org/entity/Q111602436,
http://www.wikidata.org/entity/Q111602442,
http://www.wikidata.org/entity/Q111602443,
http://www.wikidata.org/entity/Q111602441,
http://www.wikidata.org/entity/Q111602446,
http://www.wikidata.org/entity/Q111602445,
http://www.wikidata.org/entity/Q111602450,
http://www.wikidata.org/entity/Q111602451,
http://www.wikidata.org/entity/Q111602448,
http://www.wikidata.org/entity/Q111602449,
http://www.wikidata.org/entity/Q111602454,
http://www.wikidata.org/entity/Q111602455,
http://www.wikidata.org/entity/Q111602452,
http://www.wikidata.org/entity/Q111602453,
http://www.wikidata.org/entity/Q111602458,
http://www.wikidata.org/entity/Q111602456,
http://www.wikidata.org/entity/Q111602457,
http://www.wikidata.org/entity/Q111602462,
http://www.wikidata.org/entity/Q111602460,
http://www.wikidata.org/entity/Q111602461,
http://www.wikidata.org/entity/Q111602466,
http://www.wikidata.org/entity/Q111602464,
http://www.wikidata.org/entity/Q111602465,
http://www.wikidata.org/entity/Q111602470,
http://www.wikidata.org/entity/Q111602471,
http://www.wikidata.org/entity/Q111602468,
http://www.wikidata.org/entity/Q111602474,
http://www.wikidata.org/entity/Q111602475,
http://www.wikidata.org/entity/Q111602472,
http://www.wikidata.org/entity/Q111602473,
http://www.wikidata.org/entity/Q111602477,
http://www.wikidata.org/entity/Q111658930,10.1485/2532-8549-202002-8
http://www.wikidata.org/entity/Q111673977,10.1485/2532-8549-202002-9
http://www.wikidata.org/entity/Q111732055,
http://www.wikidata.org/entity/Q111732248,
http://www.wikidata.org/entity/Q111732265,
http://www.wikidata.org/entity/Q111747586,
http://www.wikidata.org/entity/Q111747613,
http://www.wikidata.org/entity/Q111747697,
http://www.wikidata.org/entity/Q111747741,
http://www.wikidata.org/entity/Q111758777,
http://www.wikidata.org/entity/Q111758893,
http://www.wikidata.org/entity/Q111782051,
http://www.wikidata.org/entity/Q111782067,
http://www.wikidata.org/entity/Q111963092,10.1485/2532-8549-202003-6
http://www.wikidata.org/entity/Q111963613,10.1485/2532-8549-202003-7
http://www.wikidata.org/entity/Q111967326,10.2426/AIBSTUDI-13328
http://www.wikidata.org/entity/Q111967327,10.2426/AIBSTUDI-13329
http://www.wikidata.org/entity/Q111967324,10.2426/AIBSTUDI-13311
http://www.wikidata.org/entity/Q111967325,10.2426/AIBSTUDI-13325
http://www.wikidata.org/entity/Q111967330,10.2426/AIBSTUDI-13335
http://www.wikidata.org/entity/Q111967328,10.2426/AIBSTUDI-13333
http://www.wikidata.org/entity/Q111967329,10.2426/AIBSTUDI-13334
http://www.wikidata.org/entity/Q111967334,10.2426/AIBSTUDI-13338
http://www.wikidata.org/entity/Q111967335,10.2426/AIBSTUDI-13339
http://www.wikidata.org/entity/Q111967332,10.2426/AIBSTUDI-13336
http://www.wikidata.org/entity/Q111967333,10.2426/AIBSTUDI-13337
http://www.wikidata.org/entity/Q111967338,10.2426/AIBSTUDI-13342
http://www.wikidata.org/entity/Q111967336,10.2426/AIBSTUDI-13340
http://www.wikidata.org/entity/Q111967337,10.2426/AIBSTUDI-13341
http://www.wikidata.org/entity/Q111967342,10.2426/AIBSTUDI-13346
http://www.wikidata.org/entity/Q111967343,10.2426/AIBSTUDI-13359
http://www.wikidata.org/entity/Q111967340,10.2426/AIBSTUDI-13343
http://www.wikidata.org/entity/Q111967341,10.2426/AIBSTUDI-13344
http://www.wikidata.org/entity/Q111967346,10.2426/AIBSTUDI-13398
http://www.wikidata.org/entity/Q111967347,10.2426/AIBSTUDI-13399
http://www.wikidata.org/entity/Q111967344,10.2426/AIBSTUDI-13360
http://www.wikidata.org/entity/Q111967345,10.2426/AIBSTUDI-13385
http://www.wikidata.org/entity/Q111967570,10.2426/AIBSTUDI-13401
http://www.wikidata.org/entity/Q112054439,10.1485/2532-8549-202001-1
http://www.wikidata.org/entity/Q112072975,10.1485/2532-8549-202001-2
http://www.wikidata.org/entity/Q112073050,10.1485/2532-8549-202001-3
http://www.wikidata.org/entity/Q112116478,10.1485/2532-8549-202001-5
http://www.wikidata.org/entity/Q112116606,
http://www.wikidata.org/entity/Q112650918,10.1485/SINAPPSI_2019/1-2_559
http://www.wikidata.org/entity/Q112651011,10.1485/SINAPPSI_2018/3_430
http://www.wikidata.org/entity/Q112652180,10.1485/SINAPPSI_2018/3_429
http://www.wikidata.org/entity/Q112672921,10.1485/SINAPPSI_2018/3_428
http://www.wikidata.org/entity/Q112672997,10.1485/SINAPPSI_2018/3_427
http://www.wikidata.org/entity/Q112673120,10.1485/SINAPPSI_2018/3_426
http://www.wikidata.org/entity/Q112673173,10.1485/SINAPPSI_2018/3_425
http://www.wikidata.org/entity/Q112894265,10.53223/SINAPPSI_2022-01-1
http://www.wikidata.org/entity/Q112913666,
http://www.wikidata.org/entity/Q112913673,
http://www.wikidata.org/entity/Q112913686,
http://www.wikidata.org/entity/Q112913687,
http://www.wikidata.org/entity/Q112913684,
http://www.wikidata.org/entity/Q112913688,
http://www.wikidata.org/entity/Q112913735,10.53223/SINAPPSI_2022-01-2
http://www.wikidata.org/entity/Q112913794,10.53223/SINAPPSI_2022-01-3
http://www.wikidata.org/entity/Q113101630,10.53223/SINAPPSI_2022-01-6
http://www.wikidata.org/entity/Q113101741,10.53223/SINAPPSI_2022-01-5
http://www.wikidata.org/entity/Q113101849,10.53223/SINAPPSI_2022-01-6
http://www.wikidata.org/entity/Q113101914,10.53223/SINAPPSI_2022-01-7
http://www.wikidata.org/entity/Q113148883,10.6092/ISSN.2283-9364/15070
http://www.wikidata.org/entity/Q113148886,10.6092/ISSN.2283-9364/15071
http://www.wikidata.org/entity/Q113148891,10.6092/ISSN.2283-9364/15075
http://www.wikidata.org/entity/Q113148888,10.6092/ISSN.2283-9364/15072
http://www.wikidata.org/entity/Q113148889,10.6092/ISSN.2283-9364/15074
http://www.wikidata.org/entity/Q113148895,10.6092/ISSN.2283-9364/15077
http://www.wikidata.org/entity/Q113148893,10.6092/ISSN.2283-9364/15076
http://www.wikidata.org/entity/Q113148898,10.6092/ISSN.2283-9364/15079
http://www.wikidata.org/entity/Q113148897,10.6092/ISSN.2283-9364/15078
http://www.wikidata.org/entity/Q113148903,10.6092/ISSN.2283-9364/15081
http://www.wikidata.org/entity/Q113148900,10.6092/ISSN.2283-9364/15080
http://www.wikidata.org/entity/Q113148906,10.6092/ISSN.2283-9364/15083
http://www.wikidata.org/entity/Q113148905,10.6092/ISSN.2283-9364/15082
http://www.wikidata.org/entity/Q113148908,10.6092/ISSN.2283-9364/15084
http://www.wikidata.org/entity/Q113201278,10.4000/DIACRONIE.5430
http://www.wikidata.org/entity/Q113331815,
http://www.wikidata.org/entity/Q113333289,
http://www.wikidata.org/entity/Q113334524,
http://www.wikidata.org/entity/Q113334738,
http://www.wikidata.org/entity/Q113374946,
http://www.wikidata.org/entity/Q113375815,
http://www.wikidata.org/entity/Q113376086,
http://www.wikidata.org/entity/Q113376157,
http://www.wikidata.org/entity/Q113382868,
http://www.wikidata.org/entity/Q113383097,
http://www.wikidata.org/entity/Q113383218,
http://www.wikidata.org/entity/Q113383238,
http://www.wikidata.org/entity/Q113383293,
http://www.wikidata.org/entity/Q113383318,
http://www.wikidata.org/entity/Q113402027,10.1485/2532-8549-201903-4
http://www.wikidata.org/entity/Q113402360,
http://www.wikidata.org/entity/Q113435090,
http://www.wikidata.org/entity/Q113435137,
http://www.wikidata.org/entity/Q113435232,
http://www.wikidata.org/entity/Q113436725,
http://www.wikidata.org/entity/Q113436807,
http://www.wikidata.org/entity/Q113436974,
http://www.wikidata.org/entity/Q113437039,
http://www.wikidata.org/entity/Q113437122,
http://www.wikidata.org/entity/Q113469465,10.1485/SINAPPSI_2018/2_339
http://www.wikidata.org/entity/Q113470106,10.1485/SINAPPSI_2019/1-2_563
http://www.wikidata.org/entity/Q113470152,10.1485/SINAPPSI_2019/1-2_562
http://www.wikidata.org/entity/Q113470241,10.1485/SINAPPSI_2019/1-2_561
http://www.wikidata.org/entity/Q113470395,10.1485/SINAPPSI_2019/1-2_560
http://www.wikidata.org/entity/Q113485018,10.1485/2532-8549-202001-8
http://www.wikidata.org/entity/Q113485151,10.1485/2532-8549-202001-7
http://www.wikidata.org/entity/Q113485313,10.1485/2532-8549-202001-4
http://www.wikidata.org/entity/Q113485704,10.1485/SINAPPSI_2018/3_424
http://www.wikidata.org/entity/Q113485957,
http://www.wikidata.org/entity/Q113485970,10.1485/2532-8549-201903-1
http://www.wikidata.org/entity/Q113643582,10.1485/2532-8549-202002-1
http://www.wikidata.org/entity/Q113643658,10.1485/2532-8549-202002-2
http://www.wikidata.org/entity/Q114674485,10.4479/37760
http://www.wikidata.org/entity/Q114773208,10.6092/ISSN.2038-6184/4067
http://www.wikidata.org/entity/Q114851255,10.2426/AIBSTUDI-13750
http://www.wikidata.org/entity/Q115139459,
http://www.wikidata.org/entity/Q115139456,
http://www.wikidata.org/entity/Q115139461,
http://www.wikidata.org/entity/Q115139467,
http://www.wikidata.org/entity/Q115342412,10.4454/RSE.V4I1.18
http://www.wikidata.org/entity/Q115533638,10.53223/SINAPPSI_2022-02-1
http://www.wikidata.org/entity/Q115534269,
http://www.wikidata.org/entity/Q115534356,
http://www.wikidata.org/entity/Q115534903,
http://www.wikidata.org/entity/Q115534992,
http://www.wikidata.org/entity/Q115535068,
http://www.wikidata.org/entity/Q115536188,
http://www.wikidata.org/entity/Q115536223,
http://www.wikidata.org/entity/Q115577742,
http://www.wikidata.org/entity/Q115901296,10.36253/SUBSTANTIA-823
http://www.wikidata.org/entity/Q116282238,
http://www.wikidata.org/entity/Q116444203,10.6092/ISSN.2283-9364/16225
http://www.wikidata.org/entity/Q116444206,10.6092/ISSN.2283-9364/16237
http://www.wikidata.org/entity/Q116444207,10.6092/ISSN.2283-9364/16240
http://www.wikidata.org/entity/Q116444204,10.6092/ISSN.2283-9364/16227
http://www.wikidata.org/entity/Q116444205,10.6092/ISSN.2283-9364/16233
http://www.wikidata.org/entity/Q116444210,10.6092/ISSN.2283-9364/16271
http://www.wikidata.org/entity/Q116444211,10.6092/ISSN.2283-9364/16272
http://www.wikidata.org/entity/Q116444209,10.6092/ISSN.2283-9364/16241
http://www.wikidata.org/entity/Q116444214,10.6092/ISSN.2283-9364/16278
http://www.wikidata.org/entity/Q116444215,10.6092/ISSN.2283-9364/16281
http://www.wikidata.org/entity/Q116444212,10.6092/ISSN.2283-9364/16273
http://www.wikidata.org/entity/Q116444213,10.6092/ISSN.2283-9364/16277
http://www.wikidata.org/entity/Q116444216,10.6092/ISSN.2283-9364/16282
http://www.wikidata.org/entity/Q116444217,10.6092/ISSN.2283-9364/16283
http://www.wikidata.org/entity/Q117032180,10.53223/SINAPPSI_2022-03-1
http://www.wikidata.org/entity/Q117032732,10.53223/SINAPPSI_2022-03-2
http://www.wikidata.org/entity/Q117033064,10.53223/SINAPPSI_2022-03-3
http://www.wikidata.org/entity/Q117033227,10.53223/SINAPPSI_2022-03-4
http://www.wikidata.org/entity/Q117033440,10.53223/SINAPPSI_2022-03-5
http://www.wikidata.org/entity/Q117034524,10.53223/SINAPPSI_2022-03-6
http://www.wikidata.org/entity/Q117034594,10.53223/SINAPPSI_2022-03-7
http://www.wikidata.org/entity/Q117428586,10.2426/AIBSTUDI-13415
http://www.wikidata.org/entity/Q117428593,10.2426/AIBSTUDI-13386
http://www.wikidata.org/entity/Q117428678,10.2426/AIBSTUDI-13374
http://www.wikidata.org/entity/Q117428679,10.2426/AIBSTUDI-13394
http://www.wikidata.org/entity/Q117428677,10.2426/AIBSTUDI-13384
http://www.wikidata.org/entity/Q117447410,10.2426/AIBSTUDI-13395
http://www.wikidata.org/entity/Q117447411,10.2426/AIBSTUDI-13387
http://www.wikidata.org/entity/Q117447409,10.2426/AIBSTUDI-13403
http://www.wikidata.org/entity/Q128308912,
http://www.wikidata.org/entity/Q128308921,
http://www.wikidata.org/entity/Q128310240,
http://www.wikidata.org/entity/Q128588041,
http://www.wikidata.org/entity/Q128591413,
http://www.wikidata.org/entity/Q128592841,
http://www.wikidata.org/entity/Q128592850,
http://www.wikidata.org/entity/Q128621600,
http://www.wikidata.org/entity/Q128621605,
http://www.wikidata.org/entity/Q128624466,
http://www.wikidata.org/entity/Q128624468,
http://www.wikidata.org/entity/Q128624475,
http://www.wikidata.org/entity/Q128624472,
http://www.wikidata.org/entity/Q128624478,
http://www.wikidata.org/entity/Q128624477,
http://www.wikidata.org/entity/Q128624483,
http://www.wikidata.org/entity/Q128694022,
http://www.wikidata.org/entity/Q128694025,
http://www.wikidata.org/entity/Q128694070,
http://www.wikidata.org/entity/Q128694069,
http://www.wikidata.org/entity/Q128694073,
http://www.wikidata.org/entity/Q128795587,
http://www.wikidata.org/entity/Q129813340,
http://www.wikidata.org/entity/Q129813537,
http://www.wikidata.org/entity/Q129814967,
http://www.wikidata.org/entity/Q129815743,
http://www.wikidata.org/entity/Q129816282,
http://www.wikidata.org/entity/Q129817115,
http://www.wikidata.org/entity/Q130292560,
http://www.wikidata.org/entity/Q130292910,
http://www.wikidata.org/entity/Q130362547,
http://www.wikidata.org/entity/Q130401900,
http://www.wikidata.org/entity/Q130401947,
http://www.wikidata.org/entity/Q130402154,
http://www.wikidata.org/entity/Q130427991,
http://www.wikidata.org/entity/Q130429194,
http://www.wikidata.org/entity/Q130472961,
http://www.wikidata.org/entity/Q130473043,
http://www.wikidata.org/entity/Q130477850,
http://www.wikidata.org/entity/Q130529432,
http://www.wikidata.org/entity/Q130529479,
http://www.wikidata.org/entity/Q130529510,
http://www.wikidata.org/entity/Q130529640,10.53223/SINAPPSI_2024-01-5
http://www.wikidata.org/entity/Q130529660,
http://www.wikidata.org/entity/Q130529702,
http://www.wikidata.org/entity/Q130638618,
http://www.wikidata.org/entity/Q130650495,
http://www.wikidata.org/entity/Q130655979,
http://www.wikidata.org/entity/Q130680698,
http://www.wikidata.org/entity/Q131389375,
http://www.wikidata.org/entity/Q131389397,
http://www.wikidata.org/entity/Q131429346,10.6092/ISSN.2283-9364/20796
http://www.wikidata.org/entity/Q131429347,10.6092/ISSN.2283-9364/20797
http://www.wikidata.org/entity/Q131429344,10.6092/ISSN.2283-9364/20818
http://www.wikidata.org/entity/Q131429345,10.6092/ISSN.2283-9364/20795
http://www.wikidata.org/entity/Q131429350,10.6092/ISSN.2283-9364/20799
http://www.wikidata.org/entity/Q131429351,10.6092/ISSN.2283-9364/20812
http://www.wikidata.org/entity/Q131429348,10.6092/ISSN.2283-9364/20798
http://www.wikidata.org/entity/Q131429349,10.6092/ISSN.2283-9364/20817
http://www.wikidata.org/entity/Q131429354,10.6092/ISSN.2283-9364/20815
http://www.wikidata.org/entity/Q131429352,10.6092/ISSN.2283-9364/20813
http://www.wikidata.org/entity/Q131429353,10.6092/ISSN.2283-9364/20800
http://www.wikidata.org/entity/Q131437313,
http://www.wikidata.org/entity/Q131437355,
http://www.wikidata.org/entity/Q131438401,
http://www.wikidata.org/entity/Q131438467,
http://www.wikidata.org/entity/Q131459329,
http://www.wikidata.org/entity/Q131459633,
http://www.wikidata.org/entity/Q131460432,
http://www.wikidata.org/entity/Q131469817,
http://www.wikidata.org/entity/Q131502873,
http://www.wikidata.org/entity/Q131506079,
http://www.wikidata.org/entity/Q131542502,
http://www.wikidata.org/entity/Q131542651,
http://www.wikidata.org/entity/Q131542665,
http://www.wikidata.org/entity/Q131569299,
http://www.wikidata.org/entity/Q131598024,
http://www.wikidata.org/entity/Q131606824,
http://www.wikidata.org/entity/Q131606924,
http://www.wikidata.org/entity/Q131606988,
http://www.wikidata.org/entity/Q131607096,
http://www.wikidata.org/entity/Q131625443,
http://www.wikidata.org/entity/Q131625829,
http://www.wikidata.org/entity/Q131626777,
http://www.wikidata.org/entity/Q131682115,
http://www.wikidata.org/entity/Q131682397,
http://www.wikidata.org/entity/Q131682430,
http://www.wikidata.org/entity/Q131781759,
http://www.wikidata.org/entity/Q131781771,
http://www.wikidata.org/entity/Q131781800,
http://www.wikidata.org/entity/Q131869204,
http://www.wikidata.org/entity/Q131869272,
http://www.wikidata.org/entity/Q131869976,
http://www.wikidata.org/entity/Q131919105,
http://www.wikidata.org/entity/Q131919250,
http://www.wikidata.org/entity/Q131919303,
http://www.wikidata.org/entity/Q131920244,
http://www.wikidata.org/entity/Q131925517,
http://www.wikidata.org/entity/Q131925554,
http://www.wikidata.org/entity/Q131925592,
http://www.wikidata.org/entity/Q117447506,10.2426/AIBSTUDI-13301
http://www.wikidata.org/entity/Q117447507,10.2426/AIBSTUDI-13365
http://www.wikidata.org/entity/Q117447504,10.2426/AIBSTUDI-13288
http://www.wikidata.org/entity/Q117447505,10.2426/AIBSTUDI-13410
http://www.wikidata.org/entity/Q117447582,10.2426/AIBSTUDI-13297
http://www.wikidata.org/entity/Q117447583,10.2426/AIBSTUDI-13416
http://www.wikidata.org/entity/Q117448463,10.2426/AIBSTUDI-13755
http://www.wikidata.org/entity/Q117448466,10.2426/AIBSTUDI-13400
http://www.wikidata.org/entity/Q117448465,10.2426/AIBSTUDI-13404
http://www.wikidata.org/entity/Q117448470,10.2426/AIBSTUDI-13315
http://www.wikidata.org/entity/Q117448469,10.2426/AIBSTUDI-13634
http://www.wikidata.org/entity/Q117448474,10.2426/AIBSTUDI-13751
http://www.wikidata.org/entity/Q117448475,10.2426/AIBSTUDI-10097
http://www.wikidata.org/entity/Q117448472,10.2426/AIBSTUDI-13405
http://www.wikidata.org/entity/Q117448473,10.2426/AIBSTUDI-13626
http://www.wikidata.org/entity/Q117455594,10.2426/AIBSTUDI-12057
http://www.wikidata.org/entity/Q117455595,10.2426/AIBSTUDI-10935
http://www.wikidata.org/entity/Q117455592,10.2426/AIBSTUDI-13804
http://www.wikidata.org/entity/Q117455593,10.2426/AIBSTUDI-13778
http://www.wikidata.org/entity/Q117455598,10.2426/AIBSTUDI-13779
http://www.wikidata.org/entity/Q117455596,10.2426/AIBSTUDI-13781
http://www.wikidata.org/entity/Q117455597,10.2426/AIBSTUDI-12055
http://www.wikidata.org/entity/Q117455602,10.2426/AIBSTUDI-10945
http://www.wikidata.org/entity/Q117455603,10.2426/AIBSTUDI-13782
http://www.wikidata.org/entity/Q117455600,10.2426/AIBSTUDI-13808
http://www.wikidata.org/entity/Q117455601,10.2426/AIBSTUDI-13784
http://www.wikidata.org/entity/Q117455604,10.2426/AIBSTUDI-10257
http://www.wikidata.org/entity/Q117455605,10.2426/AIBSTUDI-13789
http://www.wikidata.org/entity/Q118367937,
http://www.wikidata.org/entity/Q118814003,10.53223/SINAPPSI_2023-01-1
http://www.wikidata.org/entity/Q118867455,10.53223/SINAPPSI_2023-01-2
http://www.wikidata.org/entity/Q118867779,10.53223/SINAPPSI_2023-01-3
http://www.wikidata.org/entity/Q118945524,10.53223/SINAPPSI_2023-01-4
http://www.wikidata.org/entity/Q118971301,
http://www.wikidata.org/entity/Q119133062,10.53223/SINAPPSI_2023-01-5
http://www.wikidata.org/entity/Q119137591,10.53223/SINAPPSI_2023-01-6
http://www.wikidata.org/entity/Q119137740,10.53223/SINAPPSI_2023-01-7
http://www.wikidata.org/entity/Q119138814,
http://www.wikidata.org/entity/Q119496383,10.6092/ISSN.2283-9364/16772
http://www.wikidata.org/entity/Q119496386,10.6092/ISSN.2283-9364/16774
http://www.wikidata.org/entity/Q119496387,10.6092/ISSN.2283-9364/16775
http://www.wikidata.org/entity/Q119496384,10.6092/ISSN.2283-9364/16773
http://www.wikidata.org/entity/Q119496385,10.6092/ISSN.2283-9364/16787
http://www.wikidata.org/entity/Q119496390,10.6092/ISSN.2283-9364/16782
http://www.wikidata.org/entity/Q119496391,10.6092/ISSN.2283-9364/16783
http://www.wikidata.org/entity/Q119496388,10.6092/ISSN.2283-9364/16776
http://www.wikidata.org/entity/Q119496389,10.6092/ISSN.2283-9364/16781
http://www.wikidata.org/entity/Q119496394,10.6092/ISSN.2283-9364/16786
http://www.wikidata.org/entity/Q119496392,10.6092/ISSN.2283-9364/16784
http://www.wikidata.org/entity/Q119496393,10.6092/ISSN.2283-9364/16785
http://www.wikidata.org/entity/Q120702421,
http://www.wikidata.org/entity/Q121298479,10.3406/MEFR.2000.2113
http://www.wikidata.org/entity/Q121299313,10.3406/MEFR.2002.10703
http://www.wikidata.org/entity/Q122049779,10.13133/2284-4880/88
http://www.wikidata.org/entity/Q122049776,10.13133/2284-4880/80
http://www.wikidata.org/entity/Q122049777,10.13133/2284-4880/85
http://www.wikidata.org/entity/Q122049784,10.13133/2284-4880/91
http://www.wikidata.org/entity/Q122049785,10.13133/2284-4880/92
http://www.wikidata.org/entity/Q122049794,10.13133/2284-4880/102
http://www.wikidata.org/entity/Q122049798,10.13133/2284-4880/106
http://www.wikidata.org/entity/Q122049796,10.13133/2284-4880/105
http://www.wikidata.org/entity/Q122049806,10.13133/2284-4880/110
http://www.wikidata.org/entity/Q122049817,10.13133/2284-4880/115
http://www.wikidata.org/entity/Q122049868,10.13133/2284-4880/209
http://www.wikidata.org/entity/Q122049874,10.13133/2284-4880/212
http://www.wikidata.org/entity/Q122049876,10.13133/2284-4880/213
http://www.wikidata.org/entity/Q122049880,10.13133/2284-4880/215
http://www.wikidata.org/entity/Q122049898,10.13133/2284-4880/227
http://www.wikidata.org/entity/Q122049914,10.13133/2284-4880/235
http://www.wikidata.org/entity/Q122049924,10.13133/2284-4880/256
http://www.wikidata.org/entity/Q122050002,10.13133/2284-4880/343
http://www.wikidata.org/entity/Q122050109,10.13133/2284-4880/371
http://www.wikidata.org/entity/Q122050183,10.13133/2284-4880/486
http://www.wikidata.org/entity/Q122050186,10.13133/2284-4880/21
http://www.wikidata.org/entity/Q122050223,10.13133/2284-4880/29
http://www.wikidata.org/entity/Q122050221,10.13133/2284-4880/27
http://www.wikidata.org/entity/Q122050236,10.13133/2284-4880/46
http://www.wikidata.org/entity/Q122050246,10.13133/2284-4880/56
http://www.wikidata.org/entity/Q122050247,10.13133/2284-4880/57
http://www.wikidata.org/entity/Q122050244,10.13133/2284-4880/54
http://www.wikidata.org/entity/Q122050252,10.13133/2284-4880/62
http://www.wikidata.org/entity/Q122050293,10.13133/2284-4880/752
http://www.wikidata.org/entity/Q122050308,10.13133/2284-4880/75
http://www.wikidata.org/entity/Q122050335,10.13133/2284-4880/1327
http://www.wikidata.org/entity/Q122828583,
http://www.wikidata.org/entity/Q123110125,10.2426/AIBSTUDI-13893
http://www.wikidata.org/entity/Q123172724,10.53223/SINAPPSI_2023-02-1
http://www.wikidata.org/entity/Q123172848,10.53223/SINAPPSI_2023-02-2
http://www.wikidata.org/entity/Q123173029,10.53223/SINAPPSI_2023-02-3
http://www.wikidata.org/entity/Q123173160,10.53223/SINAPPSI_2023-02-4
http://www.wikidata.org/entity/Q123179841,10.53223/SINAPPSI_2023-02-5
http://www.wikidata.org/entity/Q123180026,10.53223/SINAPPSI_2023-02-6
http://www.wikidata.org/entity/Q123180254,10.53223/SINAPPSI_2023-02-7
http://www.wikidata.org/entity/Q123180300,
http://www.wikidata.org/entity/Q123180417,
http://www.wikidata.org/entity/Q123180448,
http://www.wikidata.org/entity/Q123925882,10.6092/ISSN.2283-9364/18705
http://www.wikidata.org/entity/Q123925883,10.6092/ISSN.2283-9364/18706
http://www.wikidata.org/entity/Q123925881,10.6092/ISSN.2283-9364/18704
http://www.wikidata.org/entity/Q123925886,10.6092/ISSN.2283-9364/18708
http://www.wikidata.org/entity/Q131925629,
http://www.wikidata.org/entity/Q131925643,
http://www.wikidata.org/entity/Q131925664,
http://www.wikidata.org/entity/Q131925686,
http://www.wikidata.org/entity/Q131931058,
http://www.wikidata.org/entity/Q131931065,
http://www.wikidata.org/entity/Q131931300,
http://www.wikidata.org/entity/Q131932378,
http://www.wikidata.org/entity/Q131932403,
http://www.wikidata.org/entity/Q131932443,
http://www.wikidata.org/entity/Q131932551,
http://www.wikidata.org/entity/Q131932568,
http://www.wikidata.org/entity/Q131932589,
http://www.wikidata.org/entity/Q131986883,10.36253/SD-17242
http://www.wikidata.org/entity/Q131986985,10.36253/SD-17243
http://www.wikidata.org/entity/Q132126758,
http://www.wikidata.org/entity/Q132127027,
http://www.wikidata.org/entity/Q132127041,
http://www.wikidata.org/entity/Q132127110,
http://www.wikidata.org/entity/Q132127212,
http://www.wikidata.org/entity/Q132127224,
http://www.wikidata.org/entity/Q132130690,
http://www.wikidata.org/entity/Q132130704,
http://www.wikidata.org/entity/Q132130719,
http://www.wikidata.org/entity/Q132130797,
http://www.wikidata.org/entity/Q132130803,
http://www.wikidata.org/entity/Q132130834,
http://www.wikidata.org/entity/Q132130847,
http://www.wikidata.org/entity/Q132130942,
http://www.wikidata.org/entity/Q132131051,
http://www.wikidata.org/entity/Q132167890,
http://www.wikidata.org/entity/Q132167909,
http://www.wikidata.org/entity/Q132168073,
http://www.wikidata.org/entity/Q132540602,
http://www.wikidata.org/entity/Q132561594,10.6092/ISSN.2283-9364/18742
http://www.wikidata.org/entity/Q133040646,
http://www.wikidata.org/entity/Q133080583,
http://www.wikidata.org/entity/Q133256774,
http://www.wikidata.org/entity/Q133256793,
http://www.wikidata.org/entity/Q133257960,
http://www.wikidata.org/entity/Q133258081,
http://www.wikidata.org/entity/Q133258102,
http://www.wikidata.org/entity/Q133258145,
http://www.wikidata.org/entity/Q133263063,
http://www.wikidata.org/entity/Q133278195,
http://www.wikidata.org/entity/Q133297020,
http://www.wikidata.org/entity/Q133297032,
http://www.wikidata.org/entity/Q133297580,
http://www.wikidata.org/entity/Q133757004,
http://www.wikidata.org/entity/Q134393758,
http://www.wikidata.org/entity/Q134393756,
http://www.wikidata.org/entity/Q134393757,
http://www.wikidata.org/entity/Q134393762,
http://www.wikidata.org/entity/Q134393763,
http://www.wikidata.org/entity/Q134393760,
http://www.wikidata.org/entity/Q134393761,
http://www.wikidata.org/entity/Q134444975,
http://www.wikidata.org/entity/Q134445011,
http://www.wikidata.org/entity/Q134513674,
http://www.wikidata.org/entity/Q134513673,
http://www.wikidata.org/entity/Q134513678,
http://www.wikidata.org/entity/Q134513679,
http://www.wikidata.org/entity/Q134513692,
http://www.wikidata.org/entity/Q134513697,
http://www.wikidata.org/entity/Q134513709,
http://www.wikidata.org/entity/Q134822033,
http://www.wikidata.org/entity/Q134822634,
http://www.wikidata.org/entity/Q134822870,
http://www.wikidata.org/entity/Q134875686,
http://www.wikidata.org/entity/Q134887636,
http://www.wikidata.org/entity/Q134889535,
http://www.wikidata.org/entity/Q134889693,
http://www.wikidata.org/entity/Q134889718,
http://www.wikidata.org/entity/Q134889955,
http://www.wikidata.org/entity/Q134963409,
http://www.wikidata.org/entity/Q134963419,
http://www.wikidata.org/entity/Q134963650,
http://www.wikidata.org/entity/Q135011215,
http://www.wikidata.org/entity/Q135011297,
http://www.wikidata.org/entity/Q135102878,10.6092/ISSN.2283-9364/22266
http://www.wikidata.org/entity/Q135102879,10.6092/ISSN.2283-9364/22275
http://www.wikidata.org/entity/Q135102882,10.6092/ISSN.2283-9364/22274
http://www.wikidata.org/entity/Q135102883,10.6092/ISSN.2283-9364/22268
http://www.wikidata.org/entity/Q135102880,10.6092/ISSN.2283-9364/22276
http://www.wikidata.org/entity/Q135102881,10.6092/ISSN.2283-9364/22278
http://www.wikidata.org/entity/Q135102886,10.6092/ISSN.2283-9364/22267
http://www.wikidata.org/entity/Q135102884,10.6092/ISSN.2283-9364/22273
http://www.wikidata.org/entity/Q135103335,
http://www.wikidata.org/entity/Q135116138,
http://www.wikidata.org/entity/Q135165055,
http://www.wikidata.org/entity/Q135178782,
http://www.wikidata.org/entity/Q135180935,
http://www.wikidata.org/entity/Q135180964,
http://www.wikidata.org/entity/Q135181011,
http://www.wikidata.org/entity/Q135181035,
http://www.wikidata.org/entity/Q135181072,
http://www.wikidata.org/entity/Q135181110,
http://www.wikidata.org/entity/Q135225002,
http://www.wikidata.org/entity/Q135233359,
http://www.wikidata.org/entity/Q135233418,
http://www.wikidata.org/entity/Q123925887,10.6092/ISSN.2283-9364/18709
http://www.wikidata.org/entity/Q123925884,10.6092/ISSN.2283-9364/18707
http://www.wikidata.org/entity/Q123925890,10.6092/ISSN.2283-9364/18712
http://www.wikidata.org/entity/Q123925891,10.6092/ISSN.2283-9364/18715
http://www.wikidata.org/entity/Q123925888,10.6092/ISSN.2283-9364/18710
http://www.wikidata.org/entity/Q123925889,10.6092/ISSN.2283-9364/18711
http://www.wikidata.org/entity/Q123925894,10.6092/ISSN.2283-9364/18718
http://www.wikidata.org/entity/Q123925895,10.6092/ISSN.2283-9364/18719
http://www.wikidata.org/entity/Q123925892,10.6092/ISSN.2283-9364/18716
http://www.wikidata.org/entity/Q123925893,10.6092/ISSN.2283-9364/18717
http://www.wikidata.org/entity/Q123925898,10.6092/ISSN.2283-9364/18722
http://www.wikidata.org/entity/Q123925896,10.6092/ISSN.2283-9364/18720
http://www.wikidata.org/entity/Q123925897,10.6092/ISSN.2283-9364/18721
http://www.wikidata.org/entity/Q123934448,10.6092/ISSN.2283-9364/18713
http://www.wikidata.org/entity/Q124332313,
http://www.wikidata.org/entity/Q124332319,
http://www.wikidata.org/entity/Q124343474,
http://www.wikidata.org/entity/Q124343585,
http://www.wikidata.org/entity/Q124343682,
http://www.wikidata.org/entity/Q124344840,
http://www.wikidata.org/entity/Q124344925,
http://www.wikidata.org/entity/Q124619281,
http://www.wikidata.org/entity/Q124619337,
http://www.wikidata.org/entity/Q124619373,
http://www.wikidata.org/entity/Q124621840,
http://www.wikidata.org/entity/Q124621865,
http://www.wikidata.org/entity/Q124621893,
http://www.wikidata.org/entity/Q124621904,
http://www.wikidata.org/entity/Q124621917,
http://www.wikidata.org/entity/Q124621931,
http://www.wikidata.org/entity/Q124694790,
http://www.wikidata.org/entity/Q124745218,
http://www.wikidata.org/entity/Q125017954,
http://www.wikidata.org/entity/Q125451860,
http://www.wikidata.org/entity/Q125499879,
http://www.wikidata.org/entity/Q125500024,
http://www.wikidata.org/entity/Q125731008,
http://www.wikidata.org/entity/Q125897612,10.13128/SDD-2027
http://www.wikidata.org/entity/Q125913828,
http://www.wikidata.org/entity/Q125959522,
http://www.wikidata.org/entity/Q126034721,
http://www.wikidata.org/entity/Q126181037,
http://www.wikidata.org/entity/Q126310449,10.3832/EFOR3357-017
http://www.wikidata.org/entity/Q126313829,10.3832/EFOR3342-017
http://www.wikidata.org/entity/Q126315684,10.3832/EFOR3348-017
http://www.wikidata.org/entity/Q126341263,10.30687/AXON/2532-6848/2019/02/002
http://www.wikidata.org/entity/Q126342482,10.30687/AXON/2532-6848/2019/02/004
http://www.wikidata.org/entity/Q126343950,10.30687/AXON/2532-6848/2019/02/006
http://www.wikidata.org/entity/Q126346475,10.30687/AXON/2532-6848/2019/02/011
http://www.wikidata.org/entity/Q126346523,10.30687/AXON/2532-6848/2019/02/001
http://www.wikidata.org/entity/Q126348372,10.30687/AXON/2532-6848/2019/02/008
http://www.wikidata.org/entity/Q126348559,10.30687/AXON/2532-6848/2019/02/017
http://www.wikidata.org/entity/Q126348563,10.30687/AXON/2532-6848/2019/02/023
http://www.wikidata.org/entity/Q126348561,10.30687/AXON/2532-6848/2019/02/010
http://www.wikidata.org/entity/Q126348582,10.30687/AXON/2532-6848/2019/02/020
http://www.wikidata.org/entity/Q126349087,10.30687/AXON/2532-6848/2019/02/016
http://www.wikidata.org/entity/Q126349115,10.30687/AXON/2532-6848/2019/02/015
http://www.wikidata.org/entity/Q126349181,10.30687/AXON/2532-6848/2019/02/009
http://www.wikidata.org/entity/Q126349443,10.30687/AXON/2532-6848/2019/02/022
http://www.wikidata.org/entity/Q126349863,10.30687/AXON/2532-6848/2019/02/018
http://www.wikidata.org/entity/Q126349861,10.30687/AXON/2532-6848/2019/02/013
http://www.wikidata.org/entity/Q126349864,10.30687/AXON/2532-6848/2019/02/021
http://www.wikidata.org/entity/Q126349975,10.30687/AXON/2532-6848/2019/02/003
http://www.wikidata.org/entity/Q126350016,10.30687/AXON/2532-6848/2019/02/005
http://www.wikidata.org/entity/Q126350572,10.30687/AXON/2532-6848/2019/02/014
http://www.wikidata.org/entity/Q126353288,10.30687/AXON/2532-6848/2019/02/019
http://www.wikidata.org/entity/Q126353330,10.30687/AXON/2532-6848/2019/02/012
http://www.wikidata.org/entity/Q126353715,10.30687/AXON/2532-6848/2019/02/007
http://www.wikidata.org/entity/Q126361432,10.53223/SINAPPSI_2024-01-1
http://www.wikidata.org/entity/Q126361695,10.53223/SINAPPSI_2024-01-2
http://www.wikidata.org/entity/Q126362005,10.53223/SINAPPSI_2024-01-3
http://www.wikidata.org/entity/Q126372110,10.53223/SINAPPSI_2024-01-4
http://www.wikidata.org/entity/Q126372153,10.53223/SINAPPSI_2024-01-5
http://www.wikidata.org/entity/Q126372598,
http://www.wikidata.org/entity/Q126386357,10.3832/EFOR0062-017
http://www.wikidata.org/entity/Q126532186,
http://www.wikidata.org/entity/Q126722512,
http://www.wikidata.org/entity/Q126899403,10.13135/1825-263X/1396
http://www.wikidata.org/entity/Q127043392,
http://www.wikidata.org/entity/Q127043422,
http://www.wikidata.org/entity/Q127043447,
http://www.wikidata.org/entity/Q127598311,
http://www.wikidata.org/entity/Q127691539,10.6092/ISSN.2283-9364/19985
http://www.wikidata.org/entity/Q127691542,10.6092/ISSN.2283-9364/19983
http://www.wikidata.org/entity/Q127691543,10.6092/ISSN.2283-9364/19982
http://www.wikidata.org/entity/Q127691540,10.6092/ISSN.2283-9364/19992
http://www.wikidata.org/entity/Q127691541,10.6092/ISSN.2283-9364/19981
http://www.wikidata.org/entity/Q127691546,10.6092/ISSN.2283-9364/19973
http://www.wikidata.org/entity/Q127691547,10.6092/ISSN.2283-9364/19975
http://www.wikidata.org/entity/Q127691544,10.6092/ISSN.2283-9364/19980
http://www.wikidata.org/entity/Q127691545,10.6092/ISSN.2283-9364/19979
http://www.wikidata.org/entity/Q127691550,10.6092/ISSN.2283-9364/19977
http://www.wikidata.org/entity/Q127691551,10.6092/ISSN.2283-9364/19978
http://www.wikidata.org/entity/Q127691548,10.6092/ISSN.2283-9364/19976
http://www.wikidata.org/entity/Q127691549,10.6092/ISSN.2283-9364/19972
http://www.wikidata.org/entity/Q127868932,
http://www.wikidata.org/entity/Q127868956,
http://www.wikidata.org/entity/Q128305871,
http://www.wikidata.org/entity/Q128306149,
http://www.wikidata.org/entity/Q128306153,
http://www.wikidata.org/entity/Q135233466,
http://www.wikidata.org/entity/Q135267376,
http://www.wikidata.org/entity/Q135267481,
http://www.wikidata.org/entity/Q135271036,
http://www.wikidata.org/entity/Q135335923,
http://www.wikidata.org/entity/Q135336054,
http://www.wikidata.org/entity/Q135391256,
http://www.wikidata.org/entity/Q135399271,
http://www.wikidata.org/entity/Q135399934,
http://www.wikidata.org/entity/Q135399994,
http://www.wikidata.org/entity/Q135400000,
http://www.wikidata.org/entity/Q135409624,
http://www.wikidata.org/entity/Q135409801,
http://www.wikidata.org/entity/Q135409906,
http://www.wikidata.org/entity/Q135432514,
http://www.wikidata.org/entity/Q135435931,
http://www.wikidata.org/entity/Q135435961,
http://www.wikidata.org/entity/Q135442878,
http://www.wikidata.org/entity/Q135494039,
http://www.wikidata.org/entity/Q135792920,
http://www.wikidata.org/entity/Q136184307,
http://www.wikidata.org/entity/Q136379142,
http://www.wikidata.org/entity/Q136384321,
http://www.wikidata.org/entity/Q136384392,
http://www.wikidata.org/entity/Q136384538,
http://www.wikidata.org/entity/Q136399613,
http://www.wikidata.org/entity/Q136399640,
http://www.wikidata.org/entity/Q136445293,
http://www.wikidata.org/entity/Q136445352,
http://www.wikidata.org/entity/Q136456633,
http://www.wikidata.org/entity/Q136456640,
http://www.wikidata.org/entity/Q136456660,
http://www.wikidata.org/entity/Q136456962,
http://www.wikidata.org/entity/Q136461768,
http://www.wikidata.org/entity/Q136461995,
http://www.wikidata.org/entity/Q136462742,
http://www.wikidata.org/entity/Q136491214,
http://www.wikidata.org/entity/Q136505174,
http://www.wikidata.org/entity/Q136539563,
http://www.wikidata.org/entity/Q136540024,
http://www.wikidata.org/entity/Q136593329,
http://www.wikidata.org/entity/Q136593412,
http://www.wikidata.org/entity/Q136657990,10.53223/SINAPPSI_2025-02-1
http://www.wikidata.org/entity/Q136658092,10.53223/SINAPPSI_2025-02-3
http://www.wikidata.org/entity/Q136658118,10.53223/SINAPPSI_2025-02-4
http://www.wikidata.org/entity/Q136658143,10.53223/SINAPPSI_2025-02-5
http://www.wikidata.org/entity/Q136658175,10.53223/SINAPPSI_2025-02-6
http://www.wikidata.org/entity/Q136658306,10.53223/SINAPPSI_2025-02-7
http://www.wikidata.org/entity/Q136658342,10.53223/SINAPPSI_2025-02-8
http://www.wikidata.org/entity/Q136658554,10.53223/SINAPPSI_2025-02-9
http://www.wikidata.org/entity/Q136658604,
http://www.wikidata.org/entity/Q136661502,10.36253/SD-15022
http://www.wikidata.org/entity/Q136665118,
http://www.wikidata.org/entity/Q136665816,10.53223/SINAPPSI_2025-02-11
http://www.wikidata.org/entity/Q136666002,10.53223/SINAPPSI_2025-02-12
http://www.wikidata.org/entity/Q136666236,10.53223/SINAPPSI_2025-02-13
http://www.wikidata.org/entity/Q136666494,10.53223/SINAPPSI_2025-02-14
http://www.wikidata.org/entity/Q136666796,10.53223/SINAPPSI_2025-02-15
http://www.wikidata.org/entity/Q136667091,10.53223/SINAPPSI_2025-02-16
http://www.wikidata.org/entity/Q136669593,
http://www.wikidata.org/entity/Q136669602,
http://www.wikidata.org/entity/Q136678249,
http://www.wikidata.org/entity/Q136678881,
http://www.wikidata.org/entity/Q136716018,
http://www.wikidata.org/entity/Q136723350,
http://www.wikidata.org/entity/Q136728621,
http://www.wikidata.org/entity/Q136757914,
http://www.wikidata.org/entity/Q136759809,
http://www.wikidata.org/entity/Q136759830,
http://www.wikidata.org/entity/Q136760020,
http://www.wikidata.org/entity/Q136760027,
http://www.wikidata.org/entity/Q136760137,
http://www.wikidata.org/entity/Q136760229,
http://www.wikidata.org/entity/Q136940308,
http://www.wikidata.org/entity/Q137015827,10.2426/AIBSTUDI-13858
http://www.wikidata.org/entity/Q137015830,10.2426/AIBSTUDI-13850
http://www.wikidata.org/entity/Q137015831,10.2426/AIBSTUDI-13849
http://www.wikidata.org/entity/Q137015828,10.2426/AIBSTUDI-13859
http://www.wikidata.org/entity/Q137015829,10.2426/AIBSTUDI-13818
http://www.wikidata.org/entity/Q137017519,10.2426/AIBSTUDI-13848
http://www.wikidata.org/entity/Q137017522,10.2426/AIBSTUDI-13844
http://www.wikidata.org/entity/Q137017523,10.2426/AIBSTUDI-13834
http://www.wikidata.org/entity/Q137017524,10.2426/AIBSTUDI-13790
http://www.wikidata.org/entity/Q137104650,10.2426/AIBSTUDI-13855
http://www.wikidata.org/entity/Q137104651,10.2426/AIBSTUDI-13838
http://www.wikidata.org/entity/Q137104648,10.2426/AIBSTUDI-13846
http://www.wikidata.org/entity/Q137195917,
http://www.wikidata.org/entity/Q137324314,
http://www.wikidata.org/entity/Q137368051,
http://www.wikidata.org/entity/Q137392147,
http://www.wikidata.org/entity/Q137392384,
http://www.wikidata.org/entity/Q137393272,
