id,data_pubblicazione
http://www.wikidata.org/entity/Q33144512,1996
http://www.wikidata.org/entity/Q33144721,1976
http://www.wikidata.org/entity/Q36464134,1986
http://www.wikidata.org/entity/Q36464142,1986
http://www.wikidata.org/entity/Q36464146,1986
http://www.wikidata.org/entity/Q36484095,1986
http://www.wikidata.org/entity/Q36484102,1986
http://www.wikidata.org/entity/Q36484107,1986
http://www.wikidata.org/entity/Q36484116,1986
http://www.wikidata.org/entity/Q36484122,1986
http://www.wikidata.org/entity/Q36484126,1986
http://www.wikidata.org/entity/Q36484132,1986
http://www.wikidata.org/entity/Q36484137,1986
http://www.wikidata.org/entity/Q36484143,1986
http://www.wikidata.org/entity/Q36484148,1986
http://www.wikidata.org/entity/Q36484157,1986
http://www.wikidata.org/entity/Q36484160,1986
http://www.wikidata.org/entity/Q36484165,1986
http://www.wikidata.org/entity/Q36484169,1986
http://www.wikidata.org/entity/Q36484173,1986
http://www.wikidata.org/entity/Q36484177,1986
http://www.wikidata.org/entity/Q36484182,1986
http://www.wikidata.org/entity/Q36484194,1986
http://www.wikidata.org/entity/Q36484198,1986
http://www.wikidata.org/entity/Q36484219,1986
http://www.wikidata.org/entity/Q48625754,2017
http://www.wikidata.org/entity/Q56736038,2012
http://www.wikidata.org/entity/Q57976823,2017
http://www.wikidata.org/entity/Q58124093,2015
http://www.wikidata.org/entity/Q58302558,2017
http://www.wikidata.org/entity/Q58349819,2017
http://www.wikidata.org/entity/Q58350077,2017
http://www.wikidata.org/entity/Q58356273,2017
http://www.wikidata.org/entity/Q58356286,2017
http://www.wikidata.org/entity/Q58356899,2017
http://www.wikidata.org/entity/Q58379186,2017
http://www.wikidata.org/entity/Q58379187,2017
http://www.wikidata.org/entity/Q58379188,2017
http://www.wikidata.org/entity/Q58387646,2017
http://www.wikidata.org/entity/Q58387647,2017
http://www.wikidata.org/entity/Q58387650,2017
http://www.wikidata.org/entity/Q58387648,2017
http://www.wikidata.org/entity/Q58424166,2017
http://www.wikidata.org/entity/Q58670918,2017
http://www.wikidata.org/entity/Q58670922,2017
http://www.wikidata.org/entity/Q58670923,2017
http://www.wikidata.org/entity/Q58670920,2017
http://www.wikidata.org/entity/Q58670927,2017
http://www.wikidata.org/entity/Q58670925,2017
http://www.wikidata.org/entity/Q58670929,2017
http://www.wikidata.org/entity/Q58670935,2017
http://www.wikidata.org/entity/Q58670932,2017
http://www.wikidata.org/entity/Q58670933,2017
http://www.wikidata.org/entity/Q58670939,2017
http://www.wikidata.org/entity/Q58670937,2017
http://www.wikidata.org/entity/Q58670940,2017
http://www.wikidata.org/entity/Q58773238,2018
http://www.wikidata.org/entity/Q58773236,2018
http://www.wikidata.org/entity/Q58773243,2018
http://www.wikidata.org/entity/Q58773241,2018
http://www.wikidata.org/entity/Q58773247,2018
http://www.wikidata.org/entity/Q58773245,2018
http://www.wikidata.org/entity/Q58773251,2018
http://www.wikidata.org/entity/Q58773249,2018
http://www.wikidata.org/entity/Q58773254,2018
http://www.wikidata.org/entity/Q58773253,2018
http://www.wikidata.org/entity/Q58773258,2018
http://www.wikidata.org/entity/Q58773260,2018
http://www.wikidata.org/entity/Q58773261,2018
http://www.wikidata.org/entity/Q58773267,2018
http://www.wikidata.org/entity/Q58773264,2018
http://www.wikidata.org/entity/Q58826209,2014
http://www.wikidata.org/entity/Q58953729,2016
http://www.wikidata.org/entity/Q58953763,2016
http://www.wikidata.org/entity/Q58953796,2016
http://www.wikidata.org/entity/Q58953832,2016
http://www.wikidata.org/entity/Q58953868,2016
http://www.wikidata.org/entity/Q58953902,2016
http://www.wikidata.org/entity/Q58953937,2016
http://www.wikidata.org/entity/Q58953970,2016
http://www.wikidata.org/entity/Q58954003,2016
http://www.wikidata.org/entity/Q58954040,2016
http://www.wikidata.org/entity/Q58954077,2016
http://www.wikidata.org/entity/Q58954115,2016
http://www.wikidata.org/entity/Q58954151,2016
http://www.wikidata.org/entity/Q58954188,2016
http://www.wikidata.org/entity/Q58954224,2016
http://www.wikidata.org/entity/Q59096078,2016
http://www.wikidata.org/entity/Q59096076,2016
http://www.wikidata.org/entity/Q59096077,2016
http://www.wikidata.org/entity/Q59096082,2016
http://www.wikidata.org/entity/Q59096080,2016
http://www.wikidata.org/entity/Q59096081,2016
http://www.wikidata.org/entity/Q59096086,2016
http://www.wikidata.org/entity/Q59096084,2016
http://www.wikidata.org/entity/Q59096085,2016
http://www.wikidata.org/entity/Q59096090,2016
http://www.wikidata.org/entity/Q59096088,2016
http://www.wikidata.org/entity/Q59096089,2016
http://www.wikidata.org/entity/Q59096094,2016
http://www.wikidata.org/entity/Q59096092,2016
http://www.wikidata.org/entity/Q59096093,2016
http://www.wikidata.org/entity/Q59137259,2015
http://www.wikidata.org/entity/Q59137262,2015
http://www.wikidata.org/entity/Q59137260,2015
http://www.wikidata.org/entity/Q59137261,2015
http://www.wikidata.org/entity/Q59137266,2015
http://www.wikidata.org/entity/Q59137267,2015
http://www.wikidata.org/entity/Q59137264,2015
http://www.wikidata.org/entity/Q59137270,2015
http://www.wikidata.org/entity/Q59137268,2015
http://www.wikidata.org/entity/Q59137272,2015
http://www.wikidata.org/entity/Q59154963,2014
http://www.wikidata.org/entity/Q59154966,2014
http://www.wikidata.org/entity/Q59154967,2014
http://www.wikidata.org/entity/Q59154964,2014
http://www.wikidata.org/entity/Q59154965,2014
http://www.wikidata.org/entity/Q59154971,2014
http://www.wikidata.org/entity/Q59154968,2014
http://www.wikidata.org/entity/Q59154969,2014
http://www.wikidata.org/entity/Q59154974,2014
http://www.wikidata.org/entity/Q59154975,2014
http://www.wikidata.org/entity/Q59154972,2014
http://www.wikidata.org/entity/Q59154976,2014
http://www.wikidata.org/entity/Q59208094,2014
http://www.wikidata.org/entity/Q59208095,2014
http://www.wikidata.org/entity/Q59208093,2014
http://www.wikidata.org/entity/Q59208098,2014
http://www.wikidata.org/entity/Q59208096,2014
http://www.wikidata.org/entity/Q59208097,2014
http://www.wikidata.org/entity/Q59259739,2013
http://www.wikidata.org/entity/Q59259742,2013
http://www.wikidata.org/entity/Q59259743,2013
http://www.wikidata.org/entity/Q59259740,2013
http://www.wikidata.org/entity/Q59259741,2013
http://www.wikidata.org/entity/Q59259746,2013
http://www.wikidata.org/entity/Q59259747,2013
http://www.wikidata.org/entity/Q59259744,2013
http://www.wikidata.org/entity/Q59259745,2013
http://www.wikidata.org/entity/Q59259748,2013
http://www.wikidata.org/entity/Q59259749,2013
http://www.wikidata.org/entity/Q59265383,2013
http://www.wikidata.org/entity/Q59265386,2013
http://www.wikidata.org/entity/Q59265384,2013
http://www.wikidata.org/entity/Q59265385,2013
http://www.wikidata.org/entity/Q59265390,2013
http://www.wikidata.org/entity/Q59265391,2013
http://www.wikidata.org/entity/Q59265388,2013
http://www.wikidata.org/entity/Q59265394,2013
http://www.wikidata.org/entity/Q59265395,2013
http://www.wikidata.org/entity/Q59265392,2013
http://www.wikidata.org/entity/Q59265396,2013
http://www.wikidata.org/entity/Q59265397,2013
http://www.wikidata.org/entity/Q59281535,2012
http://www.wikidata.org/entity/Q59281538,2012
http://www.wikidata.org/entity/Q59281539,2012
http://www.wikidata.org/entity/Q59281536,2012
http://www.wikidata.org/entity/Q59281537,2012
http://www.wikidata.org/entity/Q59281542,2012
http://www.wikidata.org/entity/Q59281543,2012
http://www.wikidata.org/entity/Q59281540,2012
http://www.wikidata.org/entity/Q59281541,2012
http://www.wikidata.org/entity/Q59388175,2017
http://www.wikidata.org/entity/Q59388178,2017
http://www.wikidata.org/entity/Q59388179,2017
http://www.wikidata.org/entity/Q59388176,2017
http://www.wikidata.org/entity/Q59388177,2017
http://www.wikidata.org/entity/Q59388182,2017
http://www.wikidata.org/entity/Q59388183,2017
http://www.wikidata.org/entity/Q59388180,2017
http://www.wikidata.org/entity/Q59388181,2017
http://www.wikidata.org/entity/Q59388184,2017
http://www.wikidata.org/entity/Q59388185,2017
http://www.wikidata.org/entity/Q60713534,2011
http://www.wikidata.org/entity/Q60907273,2019
http://www.wikidata.org/entity/Q60907285,2019
http://www.wikidata.org/entity/Q60907291,2019
http://www.wikidata.org/entity/Q60907308,2019
http://www.wikidata.org/entity/Q60907317,2019
http://www.wikidata.org/entity/Q60907331,2019
http://www.wikidata.org/entity/Q60907344,2019
http://www.wikidata.org/entity/Q60907356,2019
http://www.wikidata.org/entity/Q60907372,2019
http://www.wikidata.org/entity/Q60907379,2019
http://www.wikidata.org/entity/Q60907392,2019
http://www.wikidata.org/entity/Q60907408,2019
http://www.wikidata.org/entity/Q60907417,2019
http://www.wikidata.org/entity/Q60907422,2019
http://www.wikidata.org/entity/Q60907435,2019
http://www.wikidata.org/entity/Q61056650,2005
http://www.wikidata.org/entity/Q61057042,2005
http://www.wikidata.org/entity/Q61776076,2018
http://www.wikidata.org/entity/Q61776080,2018
http://www.wikidata.org/entity/Q61776462,2018
http://www.wikidata.org/entity/Q61776467,2018
http://www.wikidata.org/entity/Q61776464,2018
http://www.wikidata.org/entity/Q61776468,2018
http://www.wikidata.org/entity/Q61776469,2018
http://www.wikidata.org/entity/Q62579849,2012
http://www.wikidata.org/entity/Q64712103,2019
http://www.wikidata.org/entity/Q64712106,2019
http://www.wikidata.org/entity/Q64712107,2019
http://www.wikidata.org/entity/Q64712105,2019
http://www.wikidata.org/entity/Q64712110,2019
http://www.wikidata.org/entity/Q64712109,2019
http://www.wikidata.org/entity/Q64712112,2019
http://www.wikidata.org/entity/Q64712113,2019
http://www.wikidata.org/entity/Q64712116,2019
http://www.wikidata.org/entity/Q64712134,2019
http://www.wikidata.org/entity/Q64712144,2019
http://www.wikidata.org/entity/Q64712156,2019
http://www.wikidata.org/entity/Q64712171,2019
http://www.wikidata.org/entity/Q64712184,2019
http://www.wikidata.org/entity/Q64712198,2019
http://www.wikidata.org/entity/Q65594178,1961
http://www.wikidata.org/entity/Q69559758,2017
http://www.wikidata.org/entity/Q69646153,2016
http://www.wikidata.org/entity/Q69776340,1986
http://www.wikidata.org/entity/Q69776400,1986
http://www.wikidata.org/entity/Q69776436,1986
http://www.wikidata.org/entity/Q69776444,1986
http://www.wikidata.org/entity/Q69776453,1986
http://www.wikidata.org/entity/Q70982360,1995
http://www.wikidata.org/entity/Q73492838,2011
http://www.wikidata.org/entity/Q74825992,2013
http://www.wikidata.org/entity/Q77304139,1995
http://www.wikidata.org/entity/Q78577731,1954
http://www.wikidata.org/entity/Q82514580,2020
http://www.wikidata.org/entity/Q82514642,2020
http://www.wikidata.org/entity/Q82514941,2020
http://www.wikidata.org/entity/Q82514978,2020
http://www.wikidata.org/entity/Q82515058,2020
http://www.wikidata.org/entity/Q82515159,2020
http://www.wikidata.org/entity/Q82515164,2020
http://www.wikidata.org/entity/Q82515170,2020
http://www.wikidata.org/entity/Q82515168,2020
http://www.wikidata.org/entity/Q82515174,2020
http://www.wikidata.org/entity/Q82515177,2020
http://www.wikidata.org/entity/Q82515180,2020
http://www.wikidata.org/entity/Q82515186,2020
http://www.wikidata.org/entity/Q83365686,2020
http://www.wikidata.org/entity/Q83612194,2017
http://www.wikidata.org/entity/Q92592463,2015
http://www.wikidata.org/entity/Q92592494,2015
http://www.wikidata.org/entity/Q92592577,2015
http://www.wikidata.org/entity/Q92592656,2015
http://www.wikidata.org/entity/Q92592734,2015
http://www.wikidata.org/entity/Q92592817,2015
http://www.wikidata.org/entity/Q92592907,2015
http://www.wikidata.org/entity/Q92593011,2015
http://www.wikidata.org/entity/Q92593112,2015
http://www.wikidata.org/entity/Q92593206,2015
http://www.wikidata.org/entity/Q95997038,1905
http://www.wikidata.org/entity/Q95997039,1954
http://www.wikidata.org/entity/Q95997044,1960
http://www.wikidata.org/entity/Q95997054,1970
http://www.wikidata.org/entity/Q95997062,1977
http://www.wikidata.org/entity/Q95997060,1977
http://www.wikidata.org/entity/Q95997061,1977
http://www.wikidata.org/entity/Q95997066,1980
http://www.wikidata.org/entity/Q95997067,1980
http://www.wikidata.org/entity/Q95997073,1986
http://www.wikidata.org/entity/Q95997079,1989
http://www.wikidata.org/entity/Q95997076,1988
http://www.wikidata.org/entity/Q95997077,1988
http://www.wikidata.org/entity/Q95997082,1992
http://www.wikidata.org/entity/Q95997081,1991
http://www.wikidata.org/entity/Q95997084,1993
http://www.wikidata.org/entity/Q95997102,2011
http://www.wikidata.org/entity/Q95997103,2012
http://www.wikidata.org/entity/Q95997101,2011
http://www.wikidata.org/entity/Q96623074,2020
http://www.wikidata.org/entity/Q96623075,2020
http://www.wikidata.org/entity/Q96623078,2020
http://www.wikidata.org/entity/Q96623079,2020
http://www.wikidata.org/entity/Q96623076,2020
http://www.wikidata.org/entity/Q96623082,2020
http://www.wikidata.org/entity/Q96623083,2020
http://www.wikidata.org/entity/Q96623081,2020
http://www.wikidata.org/entity/Q96623086,2020
http://www.wikidata.org/entity/Q96623087,2020
http://www.wikidata.org/entity/Q96623085,2020
http://www.wikidata.org/entity/Q96623090,2020
http://www.wikidata.org/entity/Q96623091,2020
http://www.wikidata.org/entity/Q96623089,2020
http://www.wikidata.org/entity/Q96623093,2020
http://www.wikidata.org/entity/Q99573989,1973
http://www.wikidata.org/entity/Q99639341,2007
http://www.wikidata.org/entity/Q99653413,2007
http://www.wikidata.org/entity/Q99654817,2011
http://www.wikidata.org/entity/Q99661235,1994
http://www.wikidata.org/entity/Q99860432,1952
http://www.wikidata.org/entity/Q99860449,1954
http://www.wikidata.org/entity/Q99860482,1991
http://www.wikidata.org/entity/Q99860480,1989
http://www.wikidata.org/entity/Q99860487,1992
http://www.wikidata.org/entity/Q100741569,2012
http://www.wikidata.org/entity/Q101086004,2015
http://www.wikidata.org/entity/Q101996668,2020
http://www.wikidata.org/entity/Q102115630,2014
http://www.wikidata.org/entity/Q102116015,2018
http://www.wikidata.org/entity/Q102391509,2014
http://www.wikidata.org/entity/Q102391845,2014
http://www.wikidata.org/entity/Q102392002,2014
http://www.wikidata.org/entity/Q102392285,2014
http://www.wikidata.org/entity/Q102392363,2014
http://www.wikidata.org/entity/Q102392806,2014
http://www.wikidata.org/entity/Q102392889,2014
http://www.wikidata.org/entity/Q102393180,2014
http://www.wikidata.org/entity/Q102393258,2014
http://www.wikidata.org/entity/Q102393556,2014
http://www.wikidata.org/entity/Q102393664,2014
http://www.wikidata.org/entity/Q102393759,2014
http://www.wikidata.org/entity/Q102393947,2014
http://www.wikidata.org/entity/Q102393996,2014
http://www.wikidata.org/entity/Q102503100,2020
http://www.wikidata.org/entity/Q102802821,2014
http://www.wikidata.org/entity/Q102805155,2014
http://www.wikidata.org/entity/Q102808536,2014
http://www.wikidata.org/entity/Q102809224,2014
http://www.wikidata.org/entity/Q102810332,2014
http://www.wikidata.org/entity/Q102821767,2014
http://www.wikidata.org/entity/Q102822425,2014
http://www.wikidata.org/entity/Q102822617,2014
http://www.wikidata.org/entity/Q102822746,2014
http://www.wikidata.org/entity/Q102823167,2014
http://www.wikidata.org/entity/Q102823781,2014
http://www.wikidata.org/entity/Q103896945,2012
http://www.wikidata.org/entity/Q103896950,2012
http://www.wikidata.org/entity/Q103896948,2012
http://www.wikidata.org/entity/Q103896949,2013
http://www.wikidata.org/entity/Q103896952,2012
http://www.wikidata.org/entity/Q103899574,2020
http://www.wikidata.org/entity/Q103899584,2020
http://www.wikidata.org/entity/Q103899585,2020
http://www.wikidata.org/entity/Q103899590,2020
http://www.wikidata.org/entity/Q103899591,2020
http://www.wikidata.org/entity/Q103899589,2020
http://www.wikidata.org/entity/Q103899592,2020
http://www.wikidata.org/entity/Q103899593,2020
http://www.wikidata.org/entity/Q103899598,2020
http://www.wikidata.org/entity/Q103899599,2020
http://www.wikidata.org/entity/Q103899596,2020
http://www.wikidata.org/entity/Q103899597,2020
http://www.wikidata.org/entity/Q103899601,2020
http://www.wikidata.org/entity/Q103899606,2020
http://www.wikidata.org/entity/Q103899607,2020
http://www.wikidata.org/entity/Q103899604,2020
http://www.wikidata.org/entity/Q103899605,2020
http://www.wikidata.org/entity/Q103899610,2020
http://www.wikidata.org/entity/Q103899609,2020
http://www.wikidata.org/entity/Q103899614,2020
http://www.wikidata.org/entity/Q103899613,2020
http://www.wikidata.org/entity/Q103901278,2014
http://www.wikidata.org/entity/Q103901283,2013
http://www.wikidata.org/entity/Q103901280,2014
http://www.wikidata.org/entity/Q103901290,2014
http://www.wikidata.org/entity/Q103901289,2014
http://www.wikidata.org/entity/Q103901292,2014
http://www.wikidata.org/entity/Q103901299,2014
http://www.wikidata.org/entity/Q103901296,2013
http://www.wikidata.org/entity/Q103901302,2013
http://www.wikidata.org/entity/Q103901301,2013
http://www.wikidata.org/entity/Q103901304,2014
http://www.wikidata.org/entity/Q103901310,2014
http://www.wikidata.org/entity/Q103901308,2013
http://www.wikidata.org/entity/Q103901314,2014
http://www.wikidata.org/entity/Q103901316,2014
http://www.wikidata.org/entity/Q103901322,2013
http://www.wikidata.org/entity/Q103901321,2013
http://www.wikidata.org/entity/Q103901324,2014
http://www.wikidata.org/entity/Q103915809,2015
http://www.wikidata.org/entity/Q103915814,2015
http://www.wikidata.org/entity/Q103915812,2015
http://www.wikidata.org/entity/Q103915818,2015
http://www.wikidata.org/entity/Q103915819,2015
http://www.wikidata.org/entity/Q103915822,2015
http://www.wikidata.org/entity/Q103915827,2015
http://www.wikidata.org/entity/Q103915824,2015
http://www.wikidata.org/entity/Q103915831,2015
http://www.wikidata.org/entity/Q103915835,2015
http://www.wikidata.org/entity/Q103915833,2015
http://www.wikidata.org/entity/Q103915839,2015
http://www.wikidata.org/entity/Q103915836,2015
http://www.wikidata.org/entity/Q103915843,2015
http://www.wikidata.org/entity/Q103915841,2015
http://www.wikidata.org/entity/Q103915866,2016
http://www.wikidata.org/entity/Q103915864,2016
http://www.wikidata.org/entity/Q103915869,2016
http://www.wikidata.org/entity/Q103915875,2016
http://www.wikidata.org/entity/Q103915873,2016
http://www.wikidata.org/entity/Q103915883,2016
http://www.wikidata.org/entity/Q103915881,2016
http://www.wikidata.org/entity/Q103915887,2016
http://www.wikidata.org/entity/Q103915888,2016
http://www.wikidata.org/entity/Q103915895,2016
http://www.wikidata.org/entity/Q103915893,2016
http://www.wikidata.org/entity/Q103915898,2016
http://www.wikidata.org/entity/Q103915903,2016
http://www.wikidata.org/entity/Q103915900,2016
http://www.wikidata.org/entity/Q103915907,2016
http://www.wikidata.org/entity/Q103918125,2020
http://www.wikidata.org/entity/Q103918128,2020
http://www.wikidata.org/entity/Q103918134,2020
http://www.wikidata.org/entity/Q103918132,2020
http://www.wikidata.org/entity/Q103918138,2020
http://www.wikidata.org/entity/Q103918139,2020
http://www.wikidata.org/entity/Q103918136,2020
http://www.wikidata.org/entity/Q103918142,2020
http://www.wikidata.org/entity/Q103918144,2020
http://www.wikidata.org/entity/Q103918150,2020
http://www.wikidata.org/entity/Q103918148,2020
http://www.wikidata.org/entity/Q103918152,2020
http://www.wikidata.org/entity/Q103918156,2020
http://www.wikidata.org/entity/Q103918163,2020
http://www.wikidata.org/entity/Q103918160,2020
http://www.wikidata.org/entity/Q103918164,2020
http://www.wikidata.org/entity/Q103918168,2020
http://www.wikidata.org/entity/Q103918169,2020
http://www.wikidata.org/entity/Q103918174,2020
http://www.wikidata.org/entity/Q103918172,2020
http://www.wikidata.org/entity/Q103918178,2020
http://www.wikidata.org/entity/Q103918180,2020
http://www.wikidata.org/entity/Q103918211,2019
http://www.wikidata.org/entity/Q103918215,2019
http://www.wikidata.org/entity/Q103918217,2018
http://www.wikidata.org/entity/Q103918222,2018
http://www.wikidata.org/entity/Q103918220,2018
http://www.wikidata.org/entity/Q103918227,2018
http://www.wikidata.org/entity/Q103918224,2018
http://www.wikidata.org/entity/Q103918230,2018
http://www.wikidata.org/entity/Q103918234,2018
http://www.wikidata.org/entity/Q103918232,2018
http://www.wikidata.org/entity/Q103918238,2018
http://www.wikidata.org/entity/Q103918236,2018
http://www.wikidata.org/entity/Q103918242,2018
http://www.wikidata.org/entity/Q103918240,2018
http://www.wikidata.org/entity/Q103918246,2018
http://www.wikidata.org/entity/Q103918244,2018
http://www.wikidata.org/entity/Q103918251,2018
http://www.wikidata.org/entity/Q103918249,2018
http://www.wikidata.org/entity/Q103918253,2018
http://www.wikidata.org/entity/Q103918258,2018
http://www.wikidata.org/entity/Q103918256,2018
http://www.wikidata.org/entity/Q103918260,2018
http://www.wikidata.org/entity/Q103918266,2019
http://www.wikidata.org/entity/Q103918264,2018
http://www.wikidata.org/entity/Q103918270,2019
http://www.wikidata.org/entity/Q103918268,2019
http://www.wikidata.org/entity/Q103918272,2019
http://www.wikidata.org/entity/Q103918273,2019
http://www.wikidata.org/entity/Q103918279,2019
http://www.wikidata.org/entity/Q103918276,2019
http://www.wikidata.org/entity/Q103918326,2017
http://www.wikidata.org/entity/Q103918330,2017
http://www.wikidata.org/entity/Q103918328,2017
http://www.wikidata.org/entity/Q103918333,2017
http://www.wikidata.org/entity/Q103918338,2017
http://www.wikidata.org/entity/Q103918339,2017
http://www.wikidata.org/entity/Q103918336,2017
http://www.wikidata.org/entity/Q103918341,2018
http://www.wikidata.org/entity/Q103918347,2017
http://www.wikidata.org/entity/Q103918344,2018
http://www.wikidata.org/entity/Q103918350,2018
http://www.wikidata.org/entity/Q103918353,2017
http://www.wikidata.org/entity/Q103918358,2017
http://www.wikidata.org/entity/Q103918356,2018
http://www.wikidata.org/entity/Q103918363,2018
http://www.wikidata.org/entity/Q103918361,2017
http://www.wikidata.org/entity/Q103918366,2018
http://www.wikidata.org/entity/Q103918370,2018
http://www.wikidata.org/entity/Q103918368,2018
http://www.wikidata.org/entity/Q103918375,2018
http://www.wikidata.org/entity/Q103918373,2018
http://www.wikidata.org/entity/Q103918377,2017
http://www.wikidata.org/entity/Q103919289,2013
http://www.wikidata.org/entity/Q103919294,2013
http://www.wikidata.org/entity/Q103919299,2013
http://www.wikidata.org/entity/Q103919296,2013
http://www.wikidata.org/entity/Q103919303,2013
http://www.wikidata.org/entity/Q103919301,2012
http://www.wikidata.org/entity/Q103919307,2013
http://www.wikidata.org/entity/Q103919305,2014
http://www.wikidata.org/entity/Q103919309,2013
http://www.wikidata.org/entity/Q103919315,2014
http://www.wikidata.org/entity/Q103919312,2012
http://www.wikidata.org/entity/Q103919318,2014
http://www.wikidata.org/entity/Q103919323,2013
http://www.wikidata.org/entity/Q103919320,2013
http://www.wikidata.org/entity/Q103919326,2013
http://www.wikidata.org/entity/Q103919331,2013
http://www.wikidata.org/entity/Q103919328,2012
http://www.wikidata.org/entity/Q103919333,2014
http://www.wikidata.org/entity/Q103919339,2012
http://www.wikidata.org/entity/Q103919336,2013
http://www.wikidata.org/entity/Q103919343,2012
http://www.wikidata.org/entity/Q103919346,2012
http://www.wikidata.org/entity/Q103919351,2012
http://www.wikidata.org/entity/Q103919348,2012
http://www.wikidata.org/entity/Q103919353,2012
http://www.wikidata.org/entity/Q103919359,2012
http://www.wikidata.org/entity/Q103919357,2012
http://www.wikidata.org/entity/Q103919362,2012
http://www.wikidata.org/entity/Q103919366,2014
http://www.wikidata.org/entity/Q103919364,2013
http://www.wikidata.org/entity/Q103919369,2013
http://www.wikidata.org/entity/Q103919372,2013
http://www.wikidata.org/entity/Q103919378,2013
http://www.wikidata.org/entity/Q103919376,2014
http://www.wikidata.org/entity/Q103919382,2012
http://www.wikidata.org/entity/Q103919380,2013
http://www.wikidata.org/entity/Q103919385,2012
http://www.wikidata.org/entity/Q103919389,2012
http://www.wikidata.org/entity/Q103919394,2012
http://www.wikidata.org/entity/Q103919396,2012
http://www.wikidata.org/entity/Q103919620,2014
http://www.wikidata.org/entity/Q103919627,2014
http://www.wikidata.org/entity/Q103919625,2014
http://www.wikidata.org/entity/Q103919629,2014
http://www.wikidata.org/entity/Q103919635,2014
http://www.wikidata.org/entity/Q103919632,2014
http://www.wikidata.org/entity/Q103919633,2014
http://www.wikidata.org/entity/Q103919639,2014
http://www.wikidata.org/entity/Q103919643,2014
http://www.wikidata.org/entity/Q103919646,2014
http://www.wikidata.org/entity/Q103919650,2014
http://www.wikidata.org/entity/Q103919654,2014
http://www.wikidata.org/entity/Q103919652,2014
http://www.wikidata.org/entity/Q103919658,2014
http://www.wikidata.org/entity/Q103919715,2016
http://www.wikidata.org/entity/Q103919718,2016
http://www.wikidata.org/entity/Q103919722,2016
http://www.wikidata.org/entity/Q103919720,2016
http://www.wikidata.org/entity/Q103919727,2016
http://www.wikidata.org/entity/Q103919724,2016
http://www.wikidata.org/entity/Q103919730,2016
http://www.wikidata.org/entity/Q103919735,2016
http://www.wikidata.org/entity/Q103919732,2016
http://www.wikidata.org/entity/Q103919738,2016
http://www.wikidata.org/entity/Q103919742,2016
http://www.wikidata.org/entity/Q103919894,2015
http://www.wikidata.org/entity/Q103919979,2015
http://www.wikidata.org/entity/Q103919982,2015
http://www.wikidata.org/entity/Q103919987,2015
http://www.wikidata.org/entity/Q103919985,2015
http://www.wikidata.org/entity/Q103919990,2015
http://www.wikidata.org/entity/Q103919994,2015
http://www.wikidata.org/entity/Q103919999,2015
http://www.wikidata.org/entity/Q103920001,2015
http://www.wikidata.org/entity/Q103920007,2014
http://www.wikidata.org/entity/Q103920009,2015
http://www.wikidata.org/entity/Q103920012,2014
http://www.wikidata.org/entity/Q103920016,2015
http://www.wikidata.org/entity/Q103948932,2016
http://www.wikidata.org/entity/Q103948937,2016
http://www.wikidata.org/entity/Q103948941,2017
http://www.wikidata.org/entity/Q103948945,2018
http://www.wikidata.org/entity/Q103948950,2019
http://www.wikidata.org/entity/Q103948951,2020
http://www.wikidata.org/entity/Q103948955,2015
http://www.wikidata.org/entity/Q103948958,2016
http://www.wikidata.org/entity/Q103948962,2017
http://www.wikidata.org/entity/Q103948964,2018
http://www.wikidata.org/entity/Q103948970,2020
http://www.wikidata.org/entity/Q103948968,2019
http://www.wikidata.org/entity/Q103948975,2015
http://www.wikidata.org/entity/Q103948977,2016
http://www.wikidata.org/entity/Q103948981,2017
http://www.wikidata.org/entity/Q103948986,2017
http://www.wikidata.org/entity/Q103948989,2018
http://www.wikidata.org/entity/Q103948995,2019
http://www.wikidata.org/entity/Q103948999,2016
http://www.wikidata.org/entity/Q103949004,2017
http://www.wikidata.org/entity/Q103949008,2017
http://www.wikidata.org/entity/Q103949012,2018
http://www.wikidata.org/entity/Q103949016,2019
http://www.wikidata.org/entity/Q103949017,2020
http://www.wikidata.org/entity/Q103949027,2016
http://www.wikidata.org/entity/Q103949024,2015
http://www.wikidata.org/entity/Q103949093,2018
http://www.wikidata.org/entity/Q103949098,2019
http://www.wikidata.org/entity/Q103949103,2020
http://www.wikidata.org/entity/Q103949113,2015
http://www.wikidata.org/entity/Q103949118,2016
http://www.wikidata.org/entity/Q103949123,2017
http://www.wikidata.org/entity/Q103949130,2017
http://www.wikidata.org/entity/Q103949137,2018
http://www.wikidata.org/entity/Q103949143,2019
http://www.wikidata.org/entity/Q103949146,2015
http://www.wikidata.org/entity/Q103949150,2016
http://www.wikidata.org/entity/Q103949156,2017
http://www.wikidata.org/entity/Q103949167,2017
http://www.wikidata.org/entity/Q103949170,2018
http://www.wikidata.org/entity/Q103949176,2019
http://www.wikidata.org/entity/Q103949183,2020
http://www.wikidata.org/entity/Q103949187,2015
http://www.wikidata.org/entity/Q103949190,2016
http://www.wikidata.org/entity/Q103949193,2017
http://www.wikidata.org/entity/Q103949200,2018
http://www.wikidata.org/entity/Q103949206,2019
http://www.wikidata.org/entity/Q103949219,2020
http://www.wikidata.org/entity/Q103949227,2015
http://www.wikidata.org/entity/Q103949230,2016
http://www.wikidata.org/entity/Q103949234,2017
http://www.wikidata.org/entity/Q103949237,2018
http://www.wikidata.org/entity/Q103949242,2019
http://www.wikidata.org/entity/Q103949248,2019
http://www.wikidata.org/entity/Q103949253,2015
http://www.wikidata.org/entity/Q103949258,2016
http://www.wikidata.org/entity/Q103949266,2017
http://www.wikidata.org/entity/Q103949269,2017
http://www.wikidata.org/entity/Q103949274,2018
http://www.wikidata.org/entity/Q103949282,2019
http://www.wikidata.org/entity/Q103949284,2016
http://www.wikidata.org/entity/Q103949290,2016
http://www.wikidata.org/entity/Q103949342,2018
http://www.wikidata.org/entity/Q103949351,2019
http://www.wikidata.org/entity/Q103949355,2020
http://www.wikidata.org/entity/Q103949362,2016
http://www.wikidata.org/entity/Q103949360,2015
http://www.wikidata.org/entity/Q103949365,2017
http://www.wikidata.org/entity/Q103949369,2018
http://www.wikidata.org/entity/Q103949373,2019
http://www.wikidata.org/entity/Q103949377,2020
http://www.wikidata.org/entity/Q103949382,2015
http://www.wikidata.org/entity/Q103949385,2016
http://www.wikidata.org/entity/Q103949391,2017
http://www.wikidata.org/entity/Q103949397,2017
http://www.wikidata.org/entity/Q103949402,2018
http://www.wikidata.org/entity/Q103949406,2019
http://www.wikidata.org/entity/Q103949408,2016
http://www.wikidata.org/entity/Q103949414,2017
http://www.wikidata.org/entity/Q103949412,2016
http://www.wikidata.org/entity/Q103949419,2018
http://www.wikidata.org/entity/Q103949425,2019
http://www.wikidata.org/entity/Q103949431,2015
http://www.wikidata.org/entity/Q103949428,2020
http://www.wikidata.org/entity/Q103949437,2016
http://www.wikidata.org/entity/Q103949443,2017
http://www.wikidata.org/entity/Q103949445,2018
http://www.wikidata.org/entity/Q103949450,2019
http://www.wikidata.org/entity/Q103949454,2020
http://www.wikidata.org/entity/Q103949460,2015
http://www.wikidata.org/entity/Q103949465,2016
http://www.wikidata.org/entity/Q103949468,2017
http://www.wikidata.org/entity/Q103949472,2017
http://www.wikidata.org/entity/Q103949476,2018
http://www.wikidata.org/entity/Q103949482,2019
http://www.wikidata.org/entity/Q104057116,2015
http://www.wikidata.org/entity/Q104057358,2012
http://www.wikidata.org/entity/Q104150702,1995
http://www.wikidata.org/entity/Q104150703,1995
http://www.wikidata.org/entity/Q104150704,1995
http://www.wikidata.org/entity/Q104213403,1996
http://www.wikidata.org/entity/Q104213404,1996
http://www.wikidata.org/entity/Q104250752,1998
http://www.wikidata.org/entity/Q104250758,1998
http://www.wikidata.org/entity/Q104250756,1998
http://www.wikidata.org/entity/Q104250763,1998
http://www.wikidata.org/entity/Q104250761,1998
http://www.wikidata.org/entity/Q104250766,1998
http://www.wikidata.org/entity/Q104250768,1998
http://www.wikidata.org/entity/Q104250769,1998
http://www.wikidata.org/entity/Q104250775,1988
http://www.wikidata.org/entity/Q104250772,1988
http://www.wikidata.org/entity/Q104250773,1988
http://www.wikidata.org/entity/Q104250778,1998
http://www.wikidata.org/entity/Q104250781,1988
http://www.wikidata.org/entity/Q104250786,1988
http://www.wikidata.org/entity/Q104250784,1988
http://www.wikidata.org/entity/Q104250790,1988
http://www.wikidata.org/entity/Q104250788,1998
http://www.wikidata.org/entity/Q104250795,1998
http://www.wikidata.org/entity/Q104250793,1998
http://www.wikidata.org/entity/Q104250798,1998
http://www.wikidata.org/entity/Q104381859,1999
http://www.wikidata.org/entity/Q104381886,1999
http://www.wikidata.org/entity/Q104381887,1999
http://www.wikidata.org/entity/Q104381885,1999
http://www.wikidata.org/entity/Q104381890,1999
http://www.wikidata.org/entity/Q104381891,1999
http://www.wikidata.org/entity/Q104381888,1999
http://www.wikidata.org/entity/Q104381889,1999
http://www.wikidata.org/entity/Q104381894,1999
http://www.wikidata.org/entity/Q104381895,1999
http://www.wikidata.org/entity/Q104381892,1999
http://www.wikidata.org/entity/Q104381893,1999
http://www.wikidata.org/entity/Q104381898,1999
http://www.wikidata.org/entity/Q104381899,1999
http://www.wikidata.org/entity/Q104381896,1999
http://www.wikidata.org/entity/Q104381897,1999
http://www.wikidata.org/entity/Q104381902,1999
http://www.wikidata.org/entity/Q104381903,
http://www.wikidata.org/entity/Q104381900,1999
http://www.wikidata.org/entity/Q104381901,1999
http://www.wikidata.org/entity/Q104381904,1999
http://www.wikidata.org/entity/Q104381905,1999
http://www.wikidata.org/entity/Q104382458,2020
http://www.wikidata.org/entity/Q104382459,2020
http://www.wikidata.org/entity/Q104382457,2020
http://www.wikidata.org/entity/Q104382462,2020
http://www.wikidata.org/entity/Q104382463,2020
http://www.wikidata.org/entity/Q104382460,2020
http://www.wikidata.org/entity/Q104382466,2020
http://www.wikidata.org/entity/Q104382467,2020
http://www.wikidata.org/entity/Q104382464,2020
http://www.wikidata.org/entity/Q104382465,2020
http://www.wikidata.org/entity/Q104382470,2020
http://www.wikidata.org/entity/Q104382471,2020
http://www.wikidata.org/entity/Q104382468,2020
http://www.wikidata.org/entity/Q104382469,2020
http://www.wikidata.org/entity/Q104382475,2020
http://www.wikidata.org/entity/Q104382472,2020
http://www.wikidata.org/entity/Q104382473,2020
http://www.wikidata.org/entity/Q104455507,2020
http://www.wikidata.org/entity/Q104786698,2020
http://www.wikidata.org/entity/Q104786699,2020
http://www.wikidata.org/entity/Q104786702,2020
http://www.wikidata.org/entity/Q104786700,2020
http://www.wikidata.org/entity/Q104786701,2020
http://www.wikidata.org/entity/Q104786706,2020
http://www.wikidata.org/entity/Q104786707,2020
http://www.wikidata.org/entity/Q104786704,2020
http://www.wikidata.org/entity/Q104786705,2020
http://www.wikidata.org/entity/Q104786709,2020
http://www.wikidata.org/entity/Q105491102,2021
http://www.wikidata.org/entity/Q105491103,2021
http://www.wikidata.org/entity/Q105491101,2021
http://www.wikidata.org/entity/Q105491106,2021
http://www.wikidata.org/entity/Q105491107,2021
http://www.wikidata.org/entity/Q105491104,2021
http://www.wikidata.org/entity/Q105491105,2021
http://www.wikidata.org/entity/Q105491110,2021
http://www.wikidata.org/entity/Q105491108,2021
http://www.wikidata.org/entity/Q105491109,2021
http://www.wikidata.org/entity/Q105491114,2021
http://www.wikidata.org/entity/Q105491112,2021
http://www.wikidata.org/entity/Q105491113,2021
http://www.wikidata.org/entity/Q106696225,2020
http://www.wikidata.org/entity/Q107394986,2021
http://www.wikidata.org/entity/Q107394987,2021
http://www.wikidata.org/entity/Q107394990,2021
http://www.wikidata.org/entity/Q107394991,2021
http://www.wikidata.org/entity/Q107394988,2021
http://www.wikidata.org/entity/Q107394989,2021
http://www.wikidata.org/entity/Q107394994,2021
http://www.wikidata.org/entity/Q107394995,2021
http://www.wikidata.org/entity/Q107394992,2021
http://www.wikidata.org/entity/Q107394999,2021
http://www.wikidata.org/entity/Q107394996,2021
http://www.wikidata.org/entity/Q107394997,2021
http://www.wikidata.org/entity/Q107395002,2021
http://www.wikidata.org/entity/Q107395003,2021
http://www.wikidata.org/entity/Q107395000,2021
http://www.wikidata.org/entity/Q107395001,2021
http://www.wikidata.org/entity/Q107620404,2015
http://www.wikidata.org/entity/Q107699770,2021
http://www.wikidata.org/entity/Q109593333,1982
http://www.wikidata.org/entity/Q109593344,2005
http://www.wikidata.org/entity/Q109622637,1990
http://www.wikidata.org/entity/Q109659838,2017
http://www.wikidata.org/entity/Q109659843,2018
http://www.wikidata.org/entity/Q109854295,2010
http://www.wikidata.org/entity/Q109854298,2010
http://www.wikidata.org/entity/Q109854299,2010
http://www.wikidata.org/entity/Q109854296,2010
http://www.wikidata.org/entity/Q109854297,2010
http://www.wikidata.org/entity/Q109854302,2010
http://www.wikidata.org/entity/Q109854303,2010
http://www.wikidata.org/entity/Q109854301,2010
http://www.wikidata.org/entity/Q109854306,2010
http://www.wikidata.org/entity/Q109854307,2010
http://www.wikidata.org/entity/Q109854304,2010
http://www.wikidata.org/entity/Q109854311,2011
http://www.wikidata.org/entity/Q109854309,2011
http://www.wikidata.org/entity/Q109854314,2011
http://www.wikidata.org/entity/Q109854315,2011
http://www.wikidata.org/entity/Q109854312,2011
http://www.wikidata.org/entity/Q109854313,2011
http://www.wikidata.org/entity/Q109854319,2011
http://www.wikidata.org/entity/Q109854316,2011
http://www.wikidata.org/entity/Q109854322,2011
http://www.wikidata.org/entity/Q109854323,2011
http://www.wikidata.org/entity/Q109854326,2011
http://www.wikidata.org/entity/Q109854327,2011
http://www.wikidata.org/entity/Q109854324,2011
http://www.wikidata.org/entity/Q109854325,2011
http://www.wikidata.org/entity/Q109854331,2011
http://www.wikidata.org/entity/Q109854328,2011
http://www.wikidata.org/entity/Q109854329,2011
http://www.wikidata.org/entity/Q109854334,2012
http://www.wikidata.org/entity/Q109854335,2012
http://www.wikidata.org/entity/Q109854332,2011
http://www.wikidata.org/entity/Q109854333,2012
http://www.wikidata.org/entity/Q109854338,2012
http://www.wikidata.org/entity/Q109854336,2012
http://www.wikidata.org/entity/Q109854337,2012
http://www.wikidata.org/entity/Q109854343,2012
http://www.wikidata.org/entity/Q109854341,2012
http://www.wikidata.org/entity/Q109854347,2013
http://www.wikidata.org/entity/Q109854344,2012
http://www.wikidata.org/entity/Q109854345,2013
http://www.wikidata.org/entity/Q109854351,2013
http://www.wikidata.org/entity/Q109854348,2013
http://www.wikidata.org/entity/Q109854349,2013
http://www.wikidata.org/entity/Q109854354,2013
http://www.wikidata.org/entity/Q109854355,2013
http://www.wikidata.org/entity/Q109854352,2013
http://www.wikidata.org/entity/Q109854353,2013
http://www.wikidata.org/entity/Q109854358,2013
http://www.wikidata.org/entity/Q109854359,2013
http://www.wikidata.org/entity/Q109854360,2013
http://www.wikidata.org/entity/Q109854430,2013
http://www.wikidata.org/entity/Q109854431,2013
http://www.wikidata.org/entity/Q109854434,2013
http://www.wikidata.org/entity/Q109854435,2013
http://www.wikidata.org/entity/Q109854432,2013
http://www.wikidata.org/entity/Q109854439,2013
http://www.wikidata.org/entity/Q109854436,2013
http://www.wikidata.org/entity/Q109854437,2013
http://www.wikidata.org/entity/Q109854442,2013
http://www.wikidata.org/entity/Q109854440,2013
http://www.wikidata.org/entity/Q109854446,2013
http://www.wikidata.org/entity/Q109854447,2013
http://www.wikidata.org/entity/Q109854444,2013
http://www.wikidata.org/entity/Q109854445,2013
http://www.wikidata.org/entity/Q109854450,2013
http://www.wikidata.org/entity/Q109854448,2013
http://www.wikidata.org/entity/Q109854449,2013
http://www.wikidata.org/entity/Q109854454,2013
http://www.wikidata.org/entity/Q109854452,2013
http://www.wikidata.org/entity/Q109854458,2013
http://www.wikidata.org/entity/Q109854459,2013
http://www.wikidata.org/entity/Q109854456,2013
http://www.wikidata.org/entity/Q109854457,2013
http://www.wikidata.org/entity/Q109854462,2013
http://www.wikidata.org/entity/Q109854461,2013
http://www.wikidata.org/entity/Q109854464,2013
http://www.wikidata.org/entity/Q109854465,2013
http://www.wikidata.org/entity/Q109854470,2013
http://www.wikidata.org/entity/Q109854471,2013
http://www.wikidata.org/entity/Q109854468,2013
http://www.wikidata.org/entity/Q109854469,2013
http://www.wikidata.org/entity/Q109854474,2013
http://www.wikidata.org/entity/Q109854472,2013
http://www.wikidata.org/entity/Q109854473,2013
http://www.wikidata.org/entity/Q109854476,2013
http://www.wikidata.org/entity/Q109854477,2013
http://www.wikidata.org/entity/Q109854483,2014
http://www.wikidata.org/entity/Q109854480,2013
http://www.wikidata.org/entity/Q109854481,2014
http://www.wikidata.org/entity/Q109854487,2014
http://www.wikidata.org/entity/Q109854484,2014
http://www.wikidata.org/entity/Q109854485,2014
http://www.wikidata.org/entity/Q109854491,2014
http://www.wikidata.org/entity/Q109854488,2014
http://www.wikidata.org/entity/Q109854489,2014
http://www.wikidata.org/entity/Q109854494,2014
http://www.wikidata.org/entity/Q109854495,2014
http://www.wikidata.org/entity/Q109854499,2014
http://www.wikidata.org/entity/Q109854497,2014
http://www.wikidata.org/entity/Q109854500,2014
http://www.wikidata.org/entity/Q109854566,2014
http://www.wikidata.org/entity/Q109854567,2014
http://www.wikidata.org/entity/Q109854565,2014
http://www.wikidata.org/entity/Q109854570,2014
http://www.wikidata.org/entity/Q109854571,2014
http://www.wikidata.org/entity/Q109854568,2014
http://www.wikidata.org/entity/Q109854574,2014
http://www.wikidata.org/entity/Q109854575,2014
http://www.wikidata.org/entity/Q109854573,2014
http://www.wikidata.org/entity/Q109854578,2014
http://www.wikidata.org/entity/Q109854579,2014
http://www.wikidata.org/entity/Q109854582,2017
http://www.wikidata.org/entity/Q109854583,2017
http://www.wikidata.org/entity/Q109854580,2015
http://www.wikidata.org/entity/Q109854586,2017
http://www.wikidata.org/entity/Q109854587,2015
http://www.wikidata.org/entity/Q109854584,2015
http://www.wikidata.org/entity/Q109854590,2015
http://www.wikidata.org/entity/Q109854588,2015
http://www.wikidata.org/entity/Q109854594,2015
http://www.wikidata.org/entity/Q109854592,2017
http://www.wikidata.org/entity/Q109854593,2017
http://www.wikidata.org/entity/Q109854598,2015
http://www.wikidata.org/entity/Q109854596,2015
http://www.wikidata.org/entity/Q109854597,2015
http://www.wikidata.org/entity/Q109854603,2015
http://www.wikidata.org/entity/Q109854600,2015
http://www.wikidata.org/entity/Q109854601,2017
http://www.wikidata.org/entity/Q109854607,2016
http://www.wikidata.org/entity/Q109854604,2016
http://www.wikidata.org/entity/Q109854605,2016
http://www.wikidata.org/entity/Q109854611,2016
http://www.wikidata.org/entity/Q109854608,2016
http://www.wikidata.org/entity/Q109854609,2016
http://www.wikidata.org/entity/Q109854612,2016
http://www.wikidata.org/entity/Q109854613,2016
http://www.wikidata.org/entity/Q109854618,2017
http://www.wikidata.org/entity/Q109854619,2017
http://www.wikidata.org/entity/Q109854616,2016
http://www.wikidata.org/entity/Q109854623,2017
http://www.wikidata.org/entity/Q109854620,2017
http://www.wikidata.org/entity/Q109854621,2017
http://www.wikidata.org/entity/Q109854627,2017
http://www.wikidata.org/entity/Q109854624,2017
http://www.wikidata.org/entity/Q109854625,2017
http://www.wikidata.org/entity/Q109854630,2018
http://www.wikidata.org/entity/Q109854629,2018
http://www.wikidata.org/entity/Q109854634,2018
http://www.wikidata.org/entity/Q109854632,2018
http://www.wikidata.org/entity/Q109854633,2018
http://www.wikidata.org/entity/Q109854699,2018
http://www.wikidata.org/entity/Q109854702,2019
http://www.wikidata.org/entity/Q109854700,2018
http://www.wikidata.org/entity/Q109854701,2018
http://www.wikidata.org/entity/Q109854706,2019
http://www.wikidata.org/entity/Q109854707,2019
http://www.wikidata.org/entity/Q109854704,2019
http://www.wikidata.org/entity/Q109854705,2019
http://www.wikidata.org/entity/Q109854708,2019
http://www.wikidata.org/entity/Q109854714,2019
http://www.wikidata.org/entity/Q109854712,2019
http://www.wikidata.org/entity/Q109854713,2019
http://www.wikidata.org/entity/Q109854718,2020
http://www.wikidata.org/entity/Q109854719,2020
http://www.wikidata.org/entity/Q109854716,2020
http://www.wikidata.org/entity/Q109854717,2020
http://www.wikidata.org/entity/Q109854721,2020
http://www.wikidata.org/entity/Q109947957,2012
http://www.wikidata.org/entity/Q110067791,
http://www.wikidata.org/entity/Q110386754,2021
http://www.wikidata.org/entity/Q110386758,2021
http://www.wikidata.org/entity/Q110386756,2021
http://www.wikidata.org/entity/Q110386763,2021
http://www.wikidata.org/entity/Q110386761,2021
http://www.wikidata.org/entity/Q110386765,2021
http://www.wikidata.org/entity/Q110386770,2021
http://www.wikidata.org/entity/Q110386771,2021
http://www.wikidata.org/entity/Q110386768,2021
http://www.wikidata.org/entity/Q110386774,2021
http://www.wikidata.org/entity/Q110386773,2021
http://www.wikidata.org/entity/Q110386778,2021
http://www.wikidata.org/entity/Q110386776,2021
http://www.wikidata.org/entity/Q110386782,2021
http://www.wikidata.org/entity/Q110386780,2021
http://www.wikidata.org/entity/Q110386786,2021
http://www.wikidata.org/entity/Q110386784,2021
http://www.wikidata.org/entity/Q111088376,2021
http://www.wikidata.org/entity/Q111163090,2021
http://www.wikidata.org/entity/Q111191307,2021
http://www.wikidata.org/entity/Q111232946,2021
http://www.wikidata.org/entity/Q111235775,2021
http://www.wikidata.org/entity/Q111244430,2021
http://www.wikidata.org/entity/Q111248680,2021
http://www.wikidata.org/entity/Q111248972,2021
http://www.wikidata.org/entity/Q111281871,2021
http://www.wikidata.org/entity/Q111282815,2021
http://www.wikidata.org/entity/Q111283250,2021
http://www.wikidata.org/entity/Q111283475,2021
http://www.wikidata.org/entity/Q111284671,2021
http://www.wikidata.org/entity/Q111317641,2021
http://www.wikidata.org/entity/Q111333696,2021
http://www.wikidata.org/entity/Q111333860,2021
http://www.wikidata.org/entity/Q111339952,2020
http://www.wikidata.org/entity/Q111340032,2020
http://www.wikidata.org/entity/Q111342753,2021
http://www.wikidata.org/entity/Q111395751,2021
http://www.wikidata.org/entity/Q111395752,2021
http://www.wikidata.org/entity/Q111395753,2021
http://www.wikidata.org/entity/Q111395758,2021
http://www.wikidata.org/entity/Q111395759,2021
http://www.wikidata.org/entity/Q111395756,2021
http://www.wikidata.org/entity/Q111395757,2021
http://www.wikidata.org/entity/Q111395762,2021
http://www.wikidata.org/entity/Q111395763,2021
http://www.wikidata.org/entity/Q111395760,2021
http://www.wikidata.org/entity/Q111395761,2021
http://www.wikidata.org/entity/Q111395764,2021
http://www.wikidata.org/entity/Q111395765,2021
http://www.wikidata.org/entity/Q111431563,2021
http://www.wikidata.org/entity/Q111431566,2021
http://www.wikidata.org/entity/Q111431567,2021
http://www.wikidata.org/entity/Q111431564,2021
http://www.wikidata.org/entity/Q111431565,2021
http://www.wikidata.org/entity/Q111431570,2021
http://www.wikidata.org/entity/Q111431571,2021
http://www.wikidata.org/entity/Q111431568,2021
http://www.wikidata.org/entity/Q111431569,2021
http://www.wikidata.org/entity/Q111431574,2021
http://www.wikidata.org/entity/Q111431573,2021
http://www.wikidata.org/entity/Q111431578,2021
http://www.wikidata.org/entity/Q111431576,2021
http://www.wikidata.org/entity/Q111431577,2021
http://www.wikidata.org/entity/Q111522931,2010
http://www.wikidata.org/entity/Q111576588,2021
http://www.wikidata.org/entity/Q111577180,2021
http://www.wikidata.org/entity/Q111577447,2020
http://www.wikidata.org/entity/Q111577696,2020
http://www.wikidata.org/entity/Q111578756,1968
http://www.wikidata.org/entity/Q111578802,1971
http://www.wikidata.org/entity/Q111578810,1971
http://www.wikidata.org/entity/Q111578825,1972
http://www.wikidata.org/entity/Q111578864,1973
http://www.wikidata.org/entity/Q111578928,1975
http://www.wikidata.org/entity/Q111579071,1977
http://www.wikidata.org/entity/Q111579162,1981
http://www.wikidata.org/entity/Q111579187,1982
http://www.wikidata.org/entity/Q111579339,1987
http://www.wikidata.org/entity/Q111582491,2020
http://www.wikidata.org/entity/Q111582712,2017
http://www.wikidata.org/entity/Q111595862,2020
http://www.wikidata.org/entity/Q111596675,2020
http://www.wikidata.org/entity/Q111601394,2017
http://www.wikidata.org/entity/Q111601392,2018
http://www.wikidata.org/entity/Q111601398,2018
http://www.wikidata.org/entity/Q111601399,2017
http://www.wikidata.org/entity/Q111601396,2017
http://www.wikidata.org/entity/Q111601397,2018
http://www.wikidata.org/entity/Q111601402,2018
http://www.wikidata.org/entity/Q111601401,2017
http://www.wikidata.org/entity/Q111601404,2018
http://www.wikidata.org/entity/Q111601410,2017
http://www.wikidata.org/entity/Q111601411,2017
http://www.wikidata.org/entity/Q111601414,2017
http://www.wikidata.org/entity/Q111601413,2018
http://www.wikidata.org/entity/Q111601423,2017
http://www.wikidata.org/entity/Q111602339,2016
http://www.wikidata.org/entity/Q111602343,2016
http://www.wikidata.org/entity/Q111602340,2016
http://www.wikidata.org/entity/Q111602345,2016
http://www.wikidata.org/entity/Q111602350,2016
http://www.wikidata.org/entity/Q111602351,2016
http://www.wikidata.org/entity/Q111602354,2004
http://www.wikidata.org/entity/Q111602353,2004
http://www.wikidata.org/entity/Q111602358,2004
http://www.wikidata.org/entity/Q111602359,2004
http://www.wikidata.org/entity/Q111602356,2004
http://www.wikidata.org/entity/Q111602357,2004
http://www.wikidata.org/entity/Q111602362,2005
http://www.wikidata.org/entity/Q111602363,2005
http://www.wikidata.org/entity/Q111602360,2005
http://www.wikidata.org/entity/Q111602361,2005
http://www.wikidata.org/entity/Q111602366,2005
http://www.wikidata.org/entity/Q111602367,2005
http://www.wikidata.org/entity/Q111602364,2005
http://www.wikidata.org/entity/Q111602365,2005
http://www.wikidata.org/entity/Q111602370,2005
http://www.wikidata.org/entity/Q111602371,2005
http://www.wikidata.org/entity/Q111602368,2005
http://www.wikidata.org/entity/Q111602369,2005
http://www.wikidata.org/entity/Q111602374,2005
http://www.wikidata.org/entity/Q111602375,2005
http://www.wikidata.org/entity/Q111602372,2005
http://www.wikidata.org/entity/Q111602373,2005
http://www.wikidata.org/entity/Q111602378,2007
http://www.wikidata.org/entity/Q111602379,2007
http://www.wikidata.org/entity/Q111602376,2005
http://www.wikidata.org/entity/Q111602377,2006
http://www.wikidata.org/entity/Q111602382,2007
http://www.wikidata.org/entity/Q111602380,2007
http://www.wikidata.org/entity/Q111602381,2007
http://www.wikidata.org/entity/Q111602386,2008
http://www.wikidata.org/entity/Q111602387,2008
http://www.wikidata.org/entity/Q111602384,2007
http://www.wikidata.org/entity/Q111602385,2007
http://www.wikidata.org/entity/Q111602391,2008
http://www.wikidata.org/entity/Q111602388,2008
http://www.wikidata.org/entity/Q111602389,2008
http://www.wikidata.org/entity/Q111602394,2008
http://www.wikidata.org/entity/Q111602395,2009
http://www.wikidata.org/entity/Q111602392,2008
http://www.wikidata.org/entity/Q111602393,2008
http://www.wikidata.org/entity/Q111602398,2009
http://www.wikidata.org/entity/Q111602399,2009
http://www.wikidata.org/entity/Q111602396,2009
http://www.wikidata.org/entity/Q111602397,2009
http://www.wikidata.org/entity/Q111602402,2009
http://www.wikidata.org/entity/Q111602403,2009
http://www.wikidata.org/entity/Q111602400,2009
http://www.wikidata.org/entity/Q111602401,2009
http://www.wikidata.org/entity/Q111602406,2011
http://www.wikidata.org/entity/Q111602407,2011
http://www.wikidata.org/entity/Q111602404,2009
http://www.wikidata.org/entity/Q111602405,2009
http://www.wikidata.org/entity/Q111602410,2011
http://www.wikidata.org/entity/Q111602411,2011
http://www.wikidata.org/entity/Q111602408,2011
http://www.wikidata.org/entity/Q111602409,2011
http://www.wikidata.org/entity/Q111602414,2012
http://www.wikidata.org/entity/Q111602418,2012
http://www.wikidata.org/entity/Q111602419,2012
http://www.wikidata.org/entity/Q111602417,2012
http://www.wikidata.org/entity/Q111602423,2012
http://www.wikidata.org/entity/Q111602421,2012
http://www.wikidata.org/entity/Q111602426,2012
http://www.wikidata.org/entity/Q111602427,2012
http://www.wikidata.org/entity/Q111602424,2012
http://www.wikidata.org/entity/Q111602425,2012
http://www.wikidata.org/entity/Q111602430,2012
http://www.wikidata.org/entity/Q111602431,2012
http://www.wikidata.org/entity/Q111602428,2012
http://www.wikidata.org/entity/Q111602429,2012
http://www.wikidata.org/entity/Q111602434,2014
http://www.wikidata.org/entity/Q111602435,2014
http://www.wikidata.org/entity/Q111602439,2014
http://www.wikidata.org/entity/Q111602436,2014
http://www.wikidata.org/entity/Q111602442,2014
http://www.wikidata.org/entity/Q111602443,2014
http://www.wikidata.org/entity/Q111602441,2014
http://www.wikidata.org/entity/Q111602446,2014
http://www.wikidata.org/entity/Q111602445,2014
http://www.wikidata.org/entity/Q111602450,2014
http://www.wikidata.org/entity/Q111602451,2014
http://www.wikidata.org/entity/Q111602448,2014
http://www.wikidata.org/entity/Q111602449,2014
http://www.wikidata.org/entity/Q111602454,2014
http://www.wikidata.org/entity/Q111602455,2014
http://www.wikidata.org/entity/Q111602452,2014
http://www.wikidata.org/entity/Q111602453,2014
http://www.wikidata.org/entity/Q111602458,2014
http://www.wikidata.org/entity/Q111602456,2014
http://www.wikidata.org/entity/Q111602457,2014
http://www.wikidata.org/entity/Q111602462,2015
http://www.wikidata.org/entity/Q111602460,2015
http://www.wikidata.org/entity/Q111602461,2015
http://www.wikidata.org/entity/Q111602466,2015
http://www.wikidata.org/entity/Q111602464,2015
http://www.wikidata.org/entity/Q111602465,2015
http://www.wikidata.org/entity/Q111602470,2015
http://www.wikidata.org/entity/Q111602471,2015
http://www.wikidata.org/entity/Q111602468,2015
http://www.wikidata.org/entity/Q111602474,2015
http://www.wikidata.org/entity/Q111602475,2015
http://www.wikidata.org/entity/Q111602472,2015
http://www.wikidata.org/entity/Q111602473,2015
http://www.wikidata.org/entity/Q111602477,2015
http://www.wikidata.org/entity/Q111658930,2020
http://www.wikidata.org/entity/Q111673977,2020
http://www.wikidata.org/entity/Q111732055,2010
http://www.wikidata.org/entity/Q111732248,2005
http://www.wikidata.org/entity/Q111732265,2004
http://www.wikidata.org/entity/Q111747586,2017
http://www.wikidata.org/entity/Q111747613,2015
http://www.wikidata.org/entity/Q111747697,2021
http://www.wikidata.org/entity/Q111747741,2017
http://www.wikidata.org/entity/Q111758777,2012
http://www.wikidata.org/entity/Q111758893,2012
http://www.wikidata.org/entity/Q111782051,2018
http://www.wikidata.org/entity/Q111782067,2020
http://www.wikidata.org/entity/Q111963092,2020
http://www.wikidata.org/entity/Q111963613,2020
http://www.wikidata.org/entity/Q111967326,2022
http://www.wikidata.org/entity/Q111967327,2022
http://www.wikidata.org/entity/Q111967324,2022
http://www.wikidata.org/entity/Q111967325,2022
http://www.wikidata.org/entity/Q111967330,2022
http://www.wikidata.org/entity/Q111967328,2022
http://www.wikidata.org/entity/Q111967329,2022
http://www.wikidata.org/entity/Q111967334,2022
http://www.wikidata.org/entity/Q111967335,2022
http://www.wikidata.org/entity/Q111967332,2022
http://www.wikidata.org/entity/Q111967333,2022
http://www.wikidata.org/entity/Q111967338,2022
http://www.wikidata.org/entity/Q111967336,2022
http://www.wikidata.org/entity/Q111967337,2022
http://www.wikidata.org/entity/Q111967342,2022
http://www.wikidata.org/entity/Q111967343,2022
http://www.wikidata.org/entity/Q111967340,2022
http://www.wikidata.org/entity/Q111967341,2022
http://www.wikidata.org/entity/Q111967346,2022
http://www.wikidata.org/entity/Q111967347,2022
http://www.wikidata.org/entity/Q111967344,2022
http://www.wikidata.org/entity/Q111967345,2022
http://www.wikidata.org/entity/Q111967570,2022
http://www.wikidata.org/entity/Q112054439,2020
http://www.wikidata.org/entity/Q112072975,2020
http://www.wikidata.org/entity/Q112073050,2020
http://www.wikidata.org/entity/Q112116478,2020
http://www.wikidata.org/entity/Q112116606,2020
http://www.wikidata.org/entity/Q112650918,2019
http://www.wikidata.org/entity/Q112651011,2018
http://www.wikidata.org/entity/Q112652180,2018
http://www.wikidata.org/entity/Q112672921,2018
http://www.wikidata.org/entity/Q112672997,2018
http://www.wikidata.org/entity/Q112673120,2018
http://www.wikidata.org/entity/Q112673173,2018
http://www.wikidata.org/entity/Q112894265,2022
http://www.wikidata.org/entity/Q112913666,2008
http://www.wikidata.org/entity/Q112913673,2011
http://www.wikidata.org/entity/Q112913686,2010
http://www.wikidata.org/entity/Q112913687,2010
http://www.wikidata.org/entity/Q112913684,2011
http://www.wikidata.org/entity/Q112913688,2011
http://www.wikidata.org/entity/Q112913735,2022
http://www.wikidata.org/entity/Q112913794,2022
http://www.wikidata.org/entity/Q113101630,2022
http://www.wikidata.org/entity/Q113101741,2022
http://www.wikidata.org/entity/Q113101849,2022
http://www.wikidata.org/entity/Q113101914,2022
http://www.wikidata.org/entity/Q113148883,2022
http://www.wikidata.org/entity/Q113148886,2022
http://www.wikidata.org/entity/Q113148891,2022
http://www.wikidata.org/entity/Q113148888,2022
http://www.wikidata.org/entity/Q113148889,2022
http://www.wikidata.org/entity/Q113148895,2022
http://www.wikidata.org/entity/Q113148893,2022
http://www.wikidata.org/entity/Q113148898,2022
http://www.wikidata.org/entity/Q113148897,2022
http://www.wikidata.org/entity/Q113148903,2022
http://www.wikidata.org/entity/Q113148900,2022
http://www.wikidata.org/entity/Q113148906,2022
http://www.wikidata.org/entity/Q113148905,2022
http://www.wikidata.org/entity/Q113148908,2022
http://www.wikidata.org/entity/Q113201278,2019
http://www.wikidata.org/entity/Q113331815,2017
http://www.wikidata.org/entity/Q113333289,2017
http://www.wikidata.org/entity/Q113334524,2017
http://www.wikidata.org/entity/Q113334738,2017
http://www.wikidata.org/entity/Q113374946,2017
http://www.wikidata.org/entity/Q113375815,2017
http://www.wikidata.org/entity/Q113376086,2017
http://www.wikidata.org/entity/Q113376157,2017
http://www.wikidata.org/entity/Q113382868,2017
http://www.wikidata.org/entity/Q113383097,2017
http://www.wikidata.org/entity/Q113383218,2017
http://www.wikidata.org/entity/Q113383238,2017
http://www.wikidata.org/entity/Q113383293,2018
http://www.wikidata.org/entity/Q113383318,2018
http://www.wikidata.org/entity/Q113402027,2019
http://www.wikidata.org/entity/Q113402360,2019
http://www.wikidata.org/entity/Q113435090,2018
http://www.wikidata.org/entity/Q113435137,2018
http://www.wikidata.org/entity/Q113435232,2018
http://www.wikidata.org/entity/Q113436725,2018
http://www.wikidata.org/entity/Q113436807,2018
http://www.wikidata.org/entity/Q113436974,2018
http://www.wikidata.org/entity/Q113437039,2018
http://www.wikidata.org/entity/Q113437122,2018
http://www.wikidata.org/entity/Q113469465,2018
http://www.wikidata.org/entity/Q113470106,2019
http://www.wikidata.org/entity/Q113470152,2019
http://www.wikidata.org/entity/Q113470241,2019
http://www.wikidata.org/entity/Q113470395,2019
http://www.wikidata.org/entity/Q113485018,2020
http://www.wikidata.org/entity/Q113485151,2020
http://www.wikidata.org/entity/Q113485313,2020
http://www.wikidata.org/entity/Q113485704,2018
http://www.wikidata.org/entity/Q113485957,2018
http://www.wikidata.org/entity/Q113485970,2019
http://www.wikidata.org/entity/Q113643582,2020
http://www.wikidata.org/entity/Q113643658,2020
http://www.wikidata.org/entity/Q114674485,2012
http://www.wikidata.org/entity/Q114773208,2013
http://www.wikidata.org/entity/Q114851255,2022
http://www.wikidata.org/entity/Q115139459,2008
http://www.wikidata.org/entity/Q115139456,2001
http://www.wikidata.org/entity/Q115139461,2010
http://www.wikidata.org/entity/Q115139467,2018
http://www.wikidata.org/entity/Q115342412,2017
http://www.wikidata.org/entity/Q115533638,2022
http://www.wikidata.org/entity/Q115534269,2022
http://www.wikidata.org/entity/Q115534356,2022
http://www.wikidata.org/entity/Q115534903,2022
http://www.wikidata.org/entity/Q115534992,2022
http://www.wikidata.org/entity/Q115535068,2022
http://www.wikidata.org/entity/Q115536188,2022
http://www.wikidata.org/entity/Q115536223,2022
http://www.wikidata.org/entity/Q115577742,1867
http://www.wikidata.org/entity/Q115901296,2021
http://www.wikidata.org/entity/Q116282238,2022
http://www.wikidata.org/entity/Q116444203,2022
http://www.wikidata.org/entity/Q116444206,2022
http://www.wikidata.org/entity/Q116444207,2022
http://www.wikidata.org/entity/Q116444204,2022
http://www.wikidata.org/entity/Q116444205,2022
http://www.wikidata.org/entity/Q116444210,2022
http://www.wikidata.org/entity/Q116444211,2022
http://www.wikidata.org/entity/Q116444209,2022
http://www.wikidata.org/entity/Q116444214,2022
http://www.wikidata.org/entity/Q116444215,2022
http://www.wikidata.org/entity/Q116444212,2022
http://www.wikidata.org/entity/Q116444213,2022
http://www.wikidata.org/entity/Q116444216,2022
http://www.wikidata.org/entity/Q116444217,2022
http://www.wikidata.org/entity/Q117032180,2023
http://www.wikidata.org/entity/Q117032732,2023
http://www.wikidata.org/entity/Q117033064,2023
http://www.wikidata.org/entity/Q117033227,2023
http://www.wikidata.org/entity/Q117033440,2023
http://www.wikidata.org/entity/Q117034524,2023
http://www.wikidata.org/entity/Q117034594,2023
http://www.wikidata.org/entity/Q117428586,2022
http://www.wikidata.org/entity/Q117428593,2022
http://www.wikidata.org/entity/Q117428678,2022
http://www.wikidata.org/entity/Q117428679,2022
http://www.wikidata.org/entity/Q117428677,2022
http://www.wikidata.org/entity/Q117447410,2022
http://www.wikidata.org/entity/Q117447411,2022
http://www.wikidata.org/entity/Q117447409,2022
http://www.wikidata.org/entity/Q117447506,2022
http://www.wikidata.org/entity/Q117447507,2022
http://www.wikidata.org/entity/Q117447504,2022
http://www.wikidata.org/entity/Q117447505,2022
http://www.wikidata.org/entity/Q117447582,2022
http://www.wikidata.org/entity/Q117447583,2022
http://www.wikidata.org/entity/Q117448463,2022
http://www.wikidata.org/entity/Q117448466,2022
http://www.wikidata.org/entity/Q117448465,2022
http://www.wikidata.org/entity/Q117448470,2022
http://www.wikidata.org/entity/Q117448469,2022
http://www.wikidata.org/entity/Q117448474,2022
http://www.wikidata.org/entity/Q117448475,2022
http://www.wikidata.org/entity/Q117448472,2022
http://www.wikidata.org/entity/Q117448473,2022
http://www.wikidata.org/entity/Q117455594,2022
http://www.wikidata.org/entity/Q117455595,2022
http://www.wikidata.org/entity/Q117455592,2022
http://www.wikidata.org/entity/Q117455593,2022
http://www.wikidata.org/entity/Q117455598,2022
http://www.wikidata.org/entity/Q117455596,2022
http://www.wikidata.org/entity/Q117455597,2022
http://www.wikidata.org/entity/Q117455602,2022
http://www.wikidata.org/entity/Q117455603,2022
http://www.wikidata.org/entity/Q117455600,2022
http://www.wikidata.org/entity/Q117455601,2022
http://www.wikidata.org/entity/Q117455604,2022
http://www.wikidata.org/entity/Q117455605,2022
http://www.wikidata.org/entity/Q118367937,2010
http://www.wikidata.org/entity/Q118814003,2023
http://www.wikidata.org/entity/Q118867455,2023
http://www.wikidata.org/entity/Q118867779,2023
http://www.wikidata.org/entity/Q118945524,2023
http://www.wikidata.org/entity/Q118971301,2020
http://www.wikidata.org/entity/Q119133062,2023
http://www.wikidata.org/entity/Q119137591,2023
http://www.wikidata.org/entity/Q119137740,2023
http://www.wikidata.org/entity/Q119138814,2023
http://www.wikidata.org/entity/Q119496383,2023
http://www.wikidata.org/entity/Q119496386,2023
http://www.wikidata.org/entity/Q119496387,2023
http://www.wikidata.org/entity/Q119496384,2023
http://www.wikidata.org/entity/Q119496385,2023
http://www.wikidata.org/entity/Q119496390,2023
http://www.wikidata.org/entity/Q119496391,2023
http://www.wikidata.org/entity/Q119496388,2023
http://www.wikidata.org/entity/Q119496389,2023
http://www.wikidata.org/entity/Q119496394,2023
http://www.wikidata.org/entity/Q119496392,2023
http://www.wikidata.org/entity/Q119496393,2023
http://www.wikidata.org/entity/Q120702421,1882
http://www.wikidata.org/entity/Q121298479,2000
http://www.wikidata.org/entity/Q121299313,2002
http://www.wikidata.org/entity/Q122049779,2009
http://www.wikidata.org/entity/Q122049776,2009
http://www.wikidata.org/entity/Q122049777,2009
http://www.wikidata.org/entity/Q122049784,2009
http://www.wikidata.org/entity/Q122049785,2009
http://www.wikidata.org/entity/Q122049794,2008
http://www.wikidata.org/entity/Q122049798,2008
http://www.wikidata.org/entity/Q122049796,2008
http://www.wikidata.org/entity/Q122049806,2008
http://www.wikidata.org/entity/Q122049817,2008
http://www.wikidata.org/entity/Q122049868,2010
http://www.wikidata.org/entity/Q122049874,2010
http://www.wikidata.org/entity/Q122049876,2010
http://www.wikidata.org/entity/Q122049880,2010
http://www.wikidata.org/entity/Q122049898,2017
http://www.wikidata.org/entity/Q122049914,2017
http://www.wikidata.org/entity/Q122049924,2017
http://www.wikidata.org/entity/Q122050002,2019
http://www.wikidata.org/entity/Q122050109,2019
http://www.wikidata.org/entity/Q122050183,2021
http://www.wikidata.org/entity/Q122050186,2013
http://www.wikidata.org/entity/Q122050223,2012
http://www.wikidata.org/entity/Q122050221,2012
http://www.wikidata.org/entity/Q122050236,2011
http://www.wikidata.org/entity/Q122050246,2011
http://www.wikidata.org/entity/Q122050247,2011
http://www.wikidata.org/entity/Q122050244,2011
http://www.wikidata.org/entity/Q122050252,2010
http://www.wikidata.org/entity/Q122050293,2022
http://www.wikidata.org/entity/Q122050308,2014
http://www.wikidata.org/entity/Q122050335,2022
http://www.wikidata.org/entity/Q122828583,2000
http://www.wikidata.org/entity/Q123110125,2023
http://www.wikidata.org/entity/Q123172724,2023
http://www.wikidata.org/entity/Q123172848,2023
http://www.wikidata.org/entity/Q123173029,2023
http://www.wikidata.org/entity/Q123173160,2023
http://www.wikidata.org/entity/Q123179841,2023
http://www.wikidata.org/entity/Q123180026,2023
http://www.wikidata.org/entity/Q123180254,2023
http://www.wikidata.org/entity/Q123180300,2023
http://www.wikidata.org/entity/Q123180417,2023
http://www.wikidata.org/entity/Q123180448,2023
http://www.wikidata.org/entity/Q123925882,2023
http://www.wikidata.org/entity/Q123925883,2023
http://www.wikidata.org/entity/Q123925881,2023
http://www.wikidata.org/entity/Q123925886,2023
http://www.wikidata.org/entity/Q123925887,2023
http://www.wikidata.org/entity/Q123925884,2023
http://www.wikidata.org/entity/Q123925890,2023
http://www.wikidata.org/entity/Q123925891,2023
http://www.wikidata.org/entity/Q123925888,2023
http://www.wikidata.org/entity/Q123925889,2023
http://www.wikidata.org/entity/Q123925894,2023
http://www.wikidata.org/entity/Q123925895,2023
http://www.wikidata.org/entity/Q123925892,2023
http://www.wikidata.org/entity/Q123925893,2023
http://www.wikidata.org/entity/Q123925898,2023
http://www.wikidata.org/entity/Q123925896,2023
http://www.wikidata.org/entity/Q123925897,2023
http://www.wikidata.org/entity/Q123934448,2023
http://www.wikidata.org/entity/Q124332313,1995
http://www.wikidata.org/entity/Q124332319,2004
http://www.wikidata.org/entity/Q124343474,1987
http://www.wikidata.org/entity/Q124343585,1988
http://www.wikidata.org/entity/Q124343682,1990
http://www.wikidata.org/entity/Q124344840,1999
http://www.wikidata.org/entity/Q124344925,2004
http://www.wikidata.org/entity/Q124619281,2024
http://www.wikidata.org/entity/Q124619337,2024
http://www.wikidata.org/entity/Q124619373,2024
http://www.wikidata.org/entity/Q124621840,2024
http://www.wikidata.org/entity/Q124621865,2024
http://www.wikidata.org/entity/Q124621893,2014
http://www.wikidata.org/entity/Q124621904,2024
http://www.wikidata.org/entity/Q124621917,2024
http://www.wikidata.org/entity/Q124621931,2024
http://www.wikidata.org/entity/Q124694790,2024
http://www.wikidata.org/entity/Q124745218,1995
http://www.wikidata.org/entity/Q125017954,
http://www.wikidata.org/entity/Q125451860,2002
http://www.wikidata.org/entity/Q125499879,1993
http://www.wikidata.org/entity/Q125500024,1998
http://www.wikidata.org/entity/Q125731008,1992
http://www.wikidata.org/entity/Q125897612,2005
http://www.wikidata.org/entity/Q125913828,1981
http://www.wikidata.org/entity/Q125959522,1995
http://www.wikidata.org/entity/Q126034721,1989
http://www.wikidata.org/entity/Q126181037,1993
http://www.wikidata.org/entity/Q126310449,2020
http://www.wikidata.org/entity/Q126313829,2020
http://www.wikidata.org/entity/Q126315684,2020
http://www.wikidata.org/entity/Q126341263,2019
http://www.wikidata.org/entity/Q126342482,2019
http://www.wikidata.org/entity/Q126343950,2019
http://www.wikidata.org/entity/Q126346475,2019
http://www.wikidata.org/entity/Q126346523,2019
http://www.wikidata.org/entity/Q126348372,2019
http://www.wikidata.org/entity/Q126348559,2019
http://www.wikidata.org/entity/Q126348563,2019
http://www.wikidata.org/entity/Q126348561,2019
http://www.wikidata.org/entity/Q126348582,2019
http://www.wikidata.org/entity/Q126349087,2019
http://www.wikidata.org/entity/Q126349115,2019
http://www.wikidata.org/entity/Q126349181,2019
http://www.wikidata.org/entity/Q126349443,2019
http://www.wikidata.org/entity/Q126349863,2019
http://www.wikidata.org/entity/Q126349861,2019
http://www.wikidata.org/entity/Q126349864,2019
http://www.wikidata.org/entity/Q126349975,2019
http://www.wikidata.org/entity/Q126350016,2019
http://www.wikidata.org/entity/Q126350572,2019
http://www.wikidata.org/entity/Q126353288,2019
http://www.wikidata.org/entity/Q126353330,2019
http://www.wikidata.org/entity/Q126353715,2019
http://www.wikidata.org/entity/Q126361432,2024
http://www.wikidata.org/entity/Q126361695,2024
http://www.wikidata.org/entity/Q126362005,2024
http://www.wikidata.org/entity/Q126372110,2024
http://www.wikidata.org/entity/Q126372153,2024
http://www.wikidata.org/entity/Q126372598,2024
http://www.wikidata.org/entity/Q126386357,2020
http://www.wikidata.org/entity/Q126532186,2024
http://www.wikidata.org/entity/Q126722512,1999
http://www.wikidata.org/entity/Q126899403,2011
http://www.wikidata.org/entity/Q127043392,1994
http://www.wikidata.org/entity/Q127043422,1994
http://www.wikidata.org/entity/Q127043447,1995
http://www.wikidata.org/entity/Q127598311,
http://www.wikidata.org/entity/Q127691539,2024
http://www.wikidata.org/entity/Q127691542,2024
http://www.wikidata.org/entity/Q127691543,2024
http://www.wikidata.org/entity/Q127691540,2024
http://www.wikidata.org/entity/Q127691541,2024
http://www.wikidata.org/entity/Q127691546,2024
http://www.wikidata.org/entity/Q127691547,2024
http://www.wikidata.org/entity/Q127691544,2024
http://www.wikidata.org/entity/Q127691545,2024
http://www.wikidata.org/entity/Q127691550,2024
http://www.wikidata.org/entity/Q127691551,2024
http://www.wikidata.org/entity/Q127691548,2024
http://www.wikidata.org/entity/Q127691549,2024
http://www.wikidata.org/entity/Q127868932,2000
http://www.wikidata.org/entity/Q127868956,1982
http://www.wikidata.org/entity/Q128305871,1993
http://www.wikidata.org/entity/Q128306149,1980
http://www.wikidata.org/entity/Q128306153,1987 | 1989
http://www.wikidata.org/entity/Q128308912,2004
http://www.wikidata.org/entity/Q128308921,1993
http://www.wikidata.org/entity/Q128310240,1993
http://www.wikidata.org/entity/Q128588041,1992 | 1994
http://www.wikidata.org/entity/Q128591413,1992 | 1994
http://www.wikidata.org/entity/Q128592841,1997
http://www.wikidata.org/entity/Q128592850,1998
http://www.wikidata.org/entity/Q128621600,1996
http://www.wikidata.org/entity/Q128621605,2002
http://www.wikidata.org/entity/Q128624466,1986
http://www.wikidata.org/entity/Q128624468,1990
http://www.wikidata.org/entity/Q128624475,1984
http://www.wikidata.org/entity/Q128624472,1992
http://www.wikidata.org/entity/Q128624478,1989
http://www.wikidata.org/entity/Q128624477,2000
http://www.wikidata.org/entity/Q128624483,1992
http://www.wikidata.org/entity/Q128694022,1990
http://www.wikidata.org/entity/Q128694025,1999
http://www.wikidata.org/entity/Q128694070,1999
http://www.wikidata.org/entity/Q128694069,1990
http://www.wikidata.org/entity/Q128694073,1991
http://www.wikidata.org/entity/Q128795587,1987
http://www.wikidata.org/entity/Q129813340,1991
http://www.wikidata.org/entity/Q129813537,1990
http://www.wikidata.org/entity/Q129814967,2024
http://www.wikidata.org/entity/Q129815743,2024
http://www.wikidata.org/entity/Q129816282,2024
http://www.wikidata.org/entity/Q129817115,1993
http://www.wikidata.org/entity/Q130292560,1973
http://www.wikidata.org/entity/Q130292910,1986
http://www.wikidata.org/entity/Q130362547,2002
http://www.wikidata.org/entity/Q130401900,1974
http://www.wikidata.org/entity/Q130401947,1986
http://www.wikidata.org/entity/Q130402154,1980
http://www.wikidata.org/entity/Q130427991,2023
http://www.wikidata.org/entity/Q130429194,2023
http://www.wikidata.org/entity/Q130472961,2022
http://www.wikidata.org/entity/Q130473043,2022
http://www.wikidata.org/entity/Q130477850,2024
http://www.wikidata.org/entity/Q130529432,2024
http://www.wikidata.org/entity/Q130529479,2024
http://www.wikidata.org/entity/Q130529510,2024
http://www.wikidata.org/entity/Q130529640,2024
http://www.wikidata.org/entity/Q130529660,2024
http://www.wikidata.org/entity/Q130529702,2024
http://www.wikidata.org/entity/Q130638618,2023
http://www.wikidata.org/entity/Q130650495,2023
http://www.wikidata.org/entity/Q130655979,2003
http://www.wikidata.org/entity/Q130680698,2024
http://www.wikidata.org/entity/Q131389375,1995
http://www.wikidata.org/entity/Q131389397,1992
http://www.wikidata.org/entity/Q131429346,2024
http://www.wikidata.org/entity/Q131429347,2024
http://www.wikidata.org/entity/Q131429344,2024
http://www.wikidata.org/entity/Q131429345,2024
http://www.wikidata.org/entity/Q131429350,2024
http://www.wikidata.org/entity/Q131429351,2024
http://www.wikidata.org/entity/Q131429348,2024
http://www.wikidata.org/entity/Q131429349,2024
http://www.wikidata.org/entity/Q131429354,2024
http://www.wikidata.org/entity/Q131429352,2024
http://www.wikidata.org/entity/Q131429353,2024
http://www.wikidata.org/entity/Q131437313,1995
http://www.wikidata.org/entity/Q131437355,1998
http://www.wikidata.org/entity/Q131438401,1999
http://www.wikidata.org/entity/Q131438467,2003
http://www.wikidata.org/entity/Q131459329,2001
http://www.wikidata.org/entity/Q131459633,2003
http://www.wikidata.org/entity/Q131460432,1990
http://www.wikidata.org/entity/Q131469817,1990
http://www.wikidata.org/entity/Q131502873,2000
http://www.wikidata.org/entity/Q131506079,1992
http://www.wikidata.org/entity/Q131542502,1999
http://www.wikidata.org/entity/Q131542651,2003
http://www.wikidata.org/entity/Q131542665,2000
http://www.wikidata.org/entity/Q131569299,2004
http://www.wikidata.org/entity/Q131598024,1989
http://www.wikidata.org/entity/Q131606824,2000
http://www.wikidata.org/entity/Q131606924,1998
http://www.wikidata.org/entity/Q131606988,1998
http://www.wikidata.org/entity/Q131607096,2000
http://www.wikidata.org/entity/Q131625443,1999
http://www.wikidata.org/entity/Q131625829,1976
http://www.wikidata.org/entity/Q131626777,2002
http://www.wikidata.org/entity/Q131682115,1999
http://www.wikidata.org/entity/Q131682397,1991
http://www.wikidata.org/entity/Q131682430,2000
http://www.wikidata.org/entity/Q131781759,2000
http://www.wikidata.org/entity/Q131781771,1996
http://www.wikidata.org/entity/Q131781800,2003
http://www.wikidata.org/entity/Q131869204,1992
http://www.wikidata.org/entity/Q131869272,2000
http://www.wikidata.org/entity/Q131869976,1991
http://www.wikidata.org/entity/Q131919105,1997
http://www.wikidata.org/entity/Q131919250,1998
http://www.wikidata.org/entity/Q131919303,1994
http://www.wikidata.org/entity/Q131920244,1998
http://www.wikidata.org/entity/Q131925517,2024
http://www.wikidata.org/entity/Q131925554,2024
http://www.wikidata.org/entity/Q131925592,2024
http://www.wikidata.org/entity/Q131925629,2024
http://www.wikidata.org/entity/Q131925643,2024
http://www.wikidata.org/entity/Q131925664,2024
http://www.wikidata.org/entity/Q131925686,2024
http://www.wikidata.org/entity/Q131931058,1991
http://www.wikidata.org/entity/Q131931065,1992
http://www.wikidata.org/entity/Q131931300,2003
http://www.wikidata.org/entity/Q131932378,1999
http://www.wikidata.org/entity/Q131932403,1997
http://www.wikidata.org/entity/Q131932443,1993
http://www.wikidata.org/entity/Q131932551,1998
http://www.wikidata.org/entity/Q131932568,1999
http://www.wikidata.org/entity/Q131932589,2001
http://www.wikidata.org/entity/Q131986883,2024
http://www.wikidata.org/entity/Q131986985,2024
http://www.wikidata.org/entity/Q132126758,2002
http://www.wikidata.org/entity/Q132127027,1999
http://www.wikidata.org/entity/Q132127041,2003
http://www.wikidata.org/entity/Q132127110,2000
http://www.wikidata.org/entity/Q132127212,2004
http://www.wikidata.org/entity/Q132127224,2001
http://www.wikidata.org/entity/Q132130690,2002
http://www.wikidata.org/entity/Q132130704,1999
http://www.wikidata.org/entity/Q132130719,1998
http://www.wikidata.org/entity/Q132130797,1998
http://www.wikidata.org/entity/Q132130803,1997
http://www.wikidata.org/entity/Q132130834,2000
http://www.wikidata.org/entity/Q132130847,2003
http://www.wikidata.org/entity/Q132130942,1990
http://www.wikidata.org/entity/Q132131051,2003
http://www.wikidata.org/entity/Q132167890,2000
http://www.wikidata.org/entity/Q132167909,2002
http://www.wikidata.org/entity/Q132168073,1998
http://www.wikidata.org/entity/Q132540602,1990
http://www.wikidata.org/entity/Q132561594,2023
http://www.wikidata.org/entity/Q133040646,1990
http://www.wikidata.org/entity/Q133080583,1999
http://www.wikidata.org/entity/Q133256774,1991
http://www.wikidata.org/entity/Q133256793,1993
http://www.wikidata.org/entity/Q133257960,1993
http://www.wikidata.org/entity/Q133258081,1989
http://www.wikidata.org/entity/Q133258102,1993
http://www.wikidata.org/entity/Q133258145,2001
http://www.wikidata.org/entity/Q133263063,2002
http://www.wikidata.org/entity/Q133278195,1999
http://www.wikidata.org/entity/Q133297020,2002
http://www.wikidata.org/entity/Q133297032,2002
http://www.wikidata.org/entity/Q133297580,
http://www.wikidata.org/entity/Q133757004,2002
http://www.wikidata.org/entity/Q134393758,1959
http://www.wikidata.org/entity/Q134393756,1956
http://www.wikidata.org/entity/Q134393757,1959
http://www.wikidata.org/entity/Q134393762,1961
http://www.wikidata.org/entity/Q134393763,1961
http://www.wikidata.org/entity/Q134393760,1959
http://www.wikidata.org/entity/Q134393761,1960
http://www.wikidata.org/entity/Q134444975,1889
http://www.wikidata.org/entity/Q134445011,1908
http://www.wikidata.org/entity/Q134513674,1961
http://www.wikidata.org/entity/Q134513673,1961
http://www.wikidata.org/entity/Q134513678,1963
http://www.wikidata.org/entity/Q134513679,1965
http://www.wikidata.org/entity/Q134513692,1970
http://www.wikidata.org/entity/Q134513697,1971
http://www.wikidata.org/entity/Q134513709,1989
http://www.wikidata.org/entity/Q134822033,2025
http://www.wikidata.org/entity/Q134822634,2025
http://www.wikidata.org/entity/Q134822870,2025
http://www.wikidata.org/entity/Q134875686,1999
http://www.wikidata.org/entity/Q134887636,1999
http://www.wikidata.org/entity/Q134889535,1990
http://www.wikidata.org/entity/Q134889693,2002
http://www.wikidata.org/entity/Q134889718,2002
http://www.wikidata.org/entity/Q134889955,1999
http://www.wikidata.org/entity/Q134963409,2025
http://www.wikidata.org/entity/Q134963419,2025
http://www.wikidata.org/entity/Q134963650,1994
http://www.wikidata.org/entity/Q135011215,2001
http://www.wikidata.org/entity/Q135011297,2001
http://www.wikidata.org/entity/Q135102878,2025
http://www.wikidata.org/entity/Q135102879,2025
http://www.wikidata.org/entity/Q135102882,2025
http://www.wikidata.org/entity/Q135102883,2025
http://www.wikidata.org/entity/Q135102880,2025
http://www.wikidata.org/entity/Q135102881,2025
http://www.wikidata.org/entity/Q135102886,2025
http://www.wikidata.org/entity/Q135102884,2025
http://www.wikidata.org/entity/Q135103335,1989
http://www.wikidata.org/entity/Q135116138,2001
http://www.wikidata.org/entity/Q135165055,2024
http://www.wikidata.org/entity/Q135178782,1992
http://www.wikidata.org/entity/Q135180935,2025
http://www.wikidata.org/entity/Q135180964,2025
http://www.wikidata.org/entity/Q135181011,2025
http://www.wikidata.org/entity/Q135181035,2025
http://www.wikidata.org/entity/Q135181072,2025
http://www.wikidata.org/entity/Q135181110,2025
http://www.wikidata.org/entity/Q135225002,1997
http://www.wikidata.org/entity/Q135233359,2000
http://www.wikidata.org/entity/Q135233418,2002
http://www.wikidata.org/entity/Q135233466,2001
http://www.wikidata.org/entity/Q135267376,1992
http://www.wikidata.org/entity/Q135267481,1994
http://www.wikidata.org/entity/Q135271036,2000
http://www.wikidata.org/entity/Q135335923,1995
http://www.wikidata.org/entity/Q135336054,1992
http://www.wikidata.org/entity/Q135391256,2003
http://www.wikidata.org/entity/Q135399271,1999
http://www.wikidata.org/entity/Q135399934,1995
http://www.wikidata.org/entity/Q135399994,1981
http://www.wikidata.org/entity/Q135400000,1982
http://www.wikidata.org/entity/Q135409624,1988
http://www.wikidata.org/entity/Q135409801,1991
http://www.wikidata.org/entity/Q135409906,1983
http://www.wikidata.org/entity/Q135432514,1983
http://www.wikidata.org/entity/Q135435931,2004
http://www.wikidata.org/entity/Q135435961,2004
http://www.wikidata.org/entity/Q135442878,1983
http://www.wikidata.org/entity/Q135494039,1991
http://www.wikidata.org/entity/Q135792920,2001
http://www.wikidata.org/entity/Q136184307,1989
http://www.wikidata.org/entity/Q136379142,2003
http://www.wikidata.org/entity/Q136384321,1994
http://www.wikidata.org/entity/Q136384392,1978
http://www.wikidata.org/entity/Q136384538,1976
http://www.wikidata.org/entity/Q136399613,1986
http://www.wikidata.org/entity/Q136399640,1994
http://www.wikidata.org/entity/Q136445293,1993
http://www.wikidata.org/entity/Q136445352,2003
http://www.wikidata.org/entity/Q136456633,1986
http://www.wikidata.org/entity/Q136456640,1998
http://www.wikidata.org/entity/Q136456660,2003
http://www.wikidata.org/entity/Q136456962,2000
http://www.wikidata.org/entity/Q136461768,1986
http://www.wikidata.org/entity/Q136461995,2004
http://www.wikidata.org/entity/Q136462742,2025
http://www.wikidata.org/entity/Q136491214,1816
http://www.wikidata.org/entity/Q136505174,1996
http://www.wikidata.org/entity/Q136539563,2001
http://www.wikidata.org/entity/Q136540024,2003
http://www.wikidata.org/entity/Q136593329,2001
http://www.wikidata.org/entity/Q136593412,1986
http://www.wikidata.org/entity/Q136657990,2025
http://www.wikidata.org/entity/Q136658092,2025
http://www.wikidata.org/entity/Q136658118,2025
http://www.wikidata.org/entity/Q136658143,2025
http://www.wikidata.org/entity/Q136658175,2025
http://www.wikidata.org/entity/Q136658306,2025
http://www.wikidata.org/entity/Q136658342,2025
http://www.wikidata.org/entity/Q136658554,2025
http://www.wikidata.org/entity/Q136658604,2025
http://www.wikidata.org/entity/Q136661502,2023
http://www.wikidata.org/entity/Q136665118,1986
http://www.wikidata.org/entity/Q136665816,2025
http://www.wikidata.org/entity/Q136666002,2025
http://www.wikidata.org/entity/Q136666236,2025
http://www.wikidata.org/entity/Q136666494,2025
http://www.wikidata.org/entity/Q136666796,2025
http://www.wikidata.org/entity/Q136667091,2025
http://www.wikidata.org/entity/Q136669593,1995
http://www.wikidata.org/entity/Q136669602,2000
http://www.wikidata.org/entity/Q136678249,1986
http://www.wikidata.org/entity/Q136678881,1995
http://www.wikidata.org/entity/Q136716018,2004
http://www.wikidata.org/entity/Q136723350,2001
http://www.wikidata.org/entity/Q136728621,1996
http://www.wikidata.org/entity/Q136757914,1994
http://www.wikidata.org/entity/Q136759809,1993
http://www.wikidata.org/entity/Q136759830,1990
http://www.wikidata.org/entity/Q136760020,1991
http://www.wikidata.org/entity/Q136760027,1999
http://www.wikidata.org/entity/Q136760137,1990
http://www.wikidata.org/entity/Q136760229,2000
http://www.wikidata.org/entity/Q136940308,1829
http://www.wikidata.org/entity/Q137015827,2023
http://www.wikidata.org/entity/Q137015830,2023
http://www.wikidata.org/entity/Q137015831,2023
http://www.wikidata.org/entity/Q137015828,2023
http://www.wikidata.org/entity/Q137015829,2023
http://www.wikidata.org/entity/Q137017519,2023
http://www.wikidata.org/entity/Q137017522,2023
http://www.wikidata.org/entity/Q137017523,2023
http://www.wikidata.org/entity/Q137017524,2023
http://www.wikidata.org/entity/Q137104650,2023
http://www.wikidata.org/entity/Q137104651,2023
http://www.wikidata.org/entity/Q137104648,2023
http://www.wikidata.org/entity/Q137195917,1994
http://www.wikidata.org/entity/Q137324314,1999
http://www.wikidata.org/entity/Q137368051,1931
http://www.wikidata.org/entity/Q137392147,1998
http://www.wikidata.org/entity/Q137392384,
http://www.wikidata.org/entity/Q137393272,2000
